userId,PredictedLogRevenue
8,0.0023703351550486483
10,0.0008193242724423823
13,0.0006830810481658267
14,15.057015560674557
16,0.00056273774652242
23,0.0003621154132098408
25,0.02699535717273339
26,0.052086153091977436
30,0.008534921548624072
36,0.0006433205066541316
37,0.001590140028753555
38,17.259890042618032
41,0.0006891732309168585
43,0.12557794815927592
46,0.000688517989042655
54,0.0005143971564090276
58,0.002090242631899805
61,0.0004769739034377389
63,0.006377250928703483
66,0.002041560344479035
68,0.019980370845661517
69,0.0013688971041447688
73,2.0648982348083345
89,0.0004491138392110743
94,1.6279915404959353
95,0.0017030147601848574
97,0.5762457685647177
98,0.000785964634777987
99,7.006288838647021
103,0.0006901674661777331
104,0.035325105029774984
108,0.0006086817214323132
122,17.60609153534137
123,2.7061292562659416
127,0.00073224336453629
130,2.0669037677451425
132,0.0007399985539269002
139,0.0017071990701347278
142,0.00045291316209220705
144,0.004913506283669189
150,0.0007470266835308168
158,15.865847203623336
159,0.0008052626687443125
161,0.0007019921679742008
162,0.0007612262882594033
164,0.0004216534723902177
168,0.0004763002552332656
171,17.870497359365704
172,0.0007126589788797909
173,0.0005402146687792808
174,0.0012211958753585452
181,0.0008564844827310255
183,0.008843719568333738
185,0.000709658629768123
192,0.026029955285619837
194,0.0008001514977649787
195,0.000793380504631017
202,16.63917730223011
211,0.0008797629579664253
220,11.570324416759306
226,0.0012872467334205152
230,17.18857514883617
233,0.00046715742525077166
235,0.0006794673189943889
237,11.985282886268752
247,0.00983793138706591
250,17.613955163250388
252,0.19422670757684615
257,0.0006671124245912401
259,6.961488893513805
264,0.0006924800573970731
273,0.0007994838377651332
275,0.0007969595115123696
277,0.0005947340539813791
288,0.2669974146055981
290,0.0011324108443397452
297,0.0004173528115888513
300,7.719718044875679
302,0.0077555047680195706
304,0.00045675343594037143
307,0.0006316999031902278
317,0.0004261853744299628
319,1.782998923437562
321,0.006100002501408588
324,0.0009805490890979832
330,0.005764976856845011
331,0.25973123612613647
337,0.0008254329098684816
339,17.31389357059453
343,0.0004565634376012574
356,0.000521669430688853
373,0.0016154555707033904
379,0.00042337053954412727
381,0.008451384062133213
390,0.000584117835685599
392,0.0006963603638455494
402,0.0007904896695702876
407,0.022255598117115145
408,5.391517767772784
413,0.1022460714276013
425,0.0011037794207710186
429,0.0012334420770983468
434,0.0004733316826608736
440,17.582382001037853
451,0.045160220090044875
452,0.0007620263555128748
455,0.0005636887106216358
462,15.673260713343478
467,10.358091121873068
470,2.7217891991601384
471,0.0004071165085206822
472,0.0014680281012616932
474,0.01590555821574764
475,0.0012563454600832196
482,0.0004217869929862013
484,0.08893848130537924
485,0.0004618114110045038
486,0.0008962522736134841
489,0.0013577418007834636
493,0.0007903732637535646
494,0.0006937698735664597
502,0.00042374655719140924
503,0.0009332818233901991
505,0.1656564754283834
508,0.00041661787655148665
510,0.00036503749649947404
514,0.0004250880343537009
518,0.0009176799636961497
539,0.0006524414821424447
542,7.642200546001156
548,0.0006109382539013276
552,0.00043060105264513865
553,0.0010418575419740236
554,16.915911504989793
558,0.0008087842086124412
560,0.03962458089313635
562,0.0006426625171362607
563,0.000596635223198137
572,0.004440227530637344
582,0.00044325015798371515
583,0.5177025936636368
587,0.21583370805126045
588,0.0007306518625505196
591,0.0065365849066764915
593,0.0007877607098665699
594,15.155301856070759
596,1.5894868177075212
601,0.0006382063726124663
622,0.0010770505470482222
625,16.78257655813849
628,0.000364100410970851
629,0.0007332351166827727
649,0.17373433676442598
651,0.005526954411499492
663,19.59321689728403
671,0.0007805611619859625
676,0.0007095239129374353
679,0.001105552352609167
680,0.0008021538944150731
688,0.0004482869887601571
690,0.0008353893729197079
700,0.00037896584628184575
701,1.008121047772236
719,16.417131190160553
729,0.0006932942090710776
733,0.0005848851031461123
734,0.010470199009145264
738,0.010309886520727181
744,18.77345879582978
747,0.001051975497007637
749,0.003879948356704005
750,0.00043223406901582076
761,0.005370185266266333
765,0.0015869464713094879
767,0.4550341831692862
772,0.0006702017501969596
774,14.879158861349486
814,2.944102853915719
823,0.00044962035109748726
826,0.000765955084289286
843,0.00046382737334150386
844,9.330905687397017
846,0.0006250319872813726
848,0.0007657225107207581
855,17.267037810587798
856,18.574626924759748
861,0.0009012195181093927
862,0.47887693365207956
866,0.0007327746044182214
871,0.0004173528115888513
883,0.0035037884783053453
890,0.001346807798368971
894,8.88277822767451
896,0.004011648958752584
901,0.0010251335963585091
903,0.045955334513568015
920,18.184693287028384
925,18.258408474300335
940,14.083790914299886
945,0.0010626103162135873
946,0.06145409575119387
947,0.0004435301737651557
959,0.0005250248879049961
964,0.000740940476897459
968,0.0022194411239061023
969,0.0004427150344385775
972,0.00044325015798371515
976,0.0004815679354456301
977,8.206689146198169
982,6.6981335507809705
989,0.0008633575853461224
995,0.0006761227062564787
1005,0.0629346531350108
1010,17.131991461582466
1013,0.00040458049922304835
1014,0.07934378421010732
1019,0.00383043112418223
1021,0.0017398590428227526
1023,0.0005541603863483429
1041,0.0007981408692348286
1048,8.362906151703797
1056,0.0008254329098684816
1064,0.010064563749340246
1066,0.0004272483863557479
1070,0.003998153073921281
1082,0.0006080418201986789
1084,0.01431978680917132
1098,0.0005918520227657138
1100,0.0006901674661777331
1105,0.0006190428942157267
1114,0.0038962656710994268
1117,0.03202037536387044
1118,0.252844596678882
1123,0.0007323762855925722
1125,17.46815259404115
1128,0.000837688132228461
1132,0.02122631943404131
1136,0.0006990178089082596
1137,0.0007713919547370181
1138,0.0007105551777530403
1139,0.0014053296275913917
1141,0.0004552066020689108
1142,0.008162033468317415
1144,0.11670493949719533
1147,0.0004427150344385775
1154,0.0007545073900008356
1155,0.0005743390527124033
1158,0.0004071165085206822
1161,10.965223459328783
1183,0.0006924800573970731
1191,0.0005993358201346535
1200,0.0025018238828374553
1202,16.93743667525578
1203,0.0006924830906221589
1204,1.573724468979579
1208,0.0004904925868918586
1210,0.022002793952607215
1211,8.547825488942046
1220,0.0008229625188170678
1224,0.0007935673666505528
1230,0.0004178170901163906
1234,15.818379760350942
1249,17.36059960182102
1251,0.003993500697428457
1254,0.0007077027306928749
1265,17.12700386908237
1274,16.244548711610065
1277,0.004405429880896659
1280,0.0007818395493368298
1289,0.000638430069508045
1296,0.21327543038480487
1302,0.0005429491532051743
1303,17.75831651176018
1307,0.0004526182757120789
1320,9.700965722626899
1321,0.0007690988502333203
1337,0.042228601619071396
1345,0.012067069786837402
1346,0.0009592377708385761
1350,0.0006409528689220331
1351,0.017309955876769003
1356,0.0007401880384891925
1369,0.10797669050840372
1370,0.053170058196730464
1372,0.003693341102925045
1374,0.004418379759405955
1375,0.8531410101797121
1376,0.0009893773002160788
1384,0.0006357726396289439
1385,0.0009332818233901991
1386,1.4235043993557792
1389,0.0009893773002160788
1391,0.0006327287972700761
1393,1.2979672762853267
1407,13.329548159699844
1409,0.0007888336585232854
1412,0.0008155771563372936
1414,16.78267215314165
1416,17.03959367246258
1423,0.0007380208728383633
1425,17.40484421895921
1431,0.05586277057489949
1432,16.247795985360366
1435,0.0008898251298044734
1437,17.057606342356674
1439,5.7256251173436326
1440,14.746523025244858
1441,0.0007895609875679234
1445,0.0006093742934118345
1459,0.0017894525826717069
1463,0.0004217869929862013
1464,0.011539122032810151
1465,0.9509248494194222
1467,17.405575450070824
1470,0.0005911897902390887
1472,0.001067415224840358
1478,0.0004264116558637981
1483,0.00039693907776837953
1484,0.04884427010690083
1487,15.357543904998263
1490,0.0004217869929862013
1492,0.006966584018332241
1500,0.0006860924832485036
1510,0.00043466643223457723
1521,0.0004261853744299628
1522,1.475578195326335
1532,1.2653313028141568
1536,0.0008393967817082184
1542,0.0005512970442721223
1545,1.1696467220451743
1569,0.0013095142916721735
1573,0.0006156707209005101
1578,0.0006442139206027178
1581,0.0006400506699824036
1587,0.0008277360900489658
1594,0.012120898589880311
1600,0.001199496656748107
1603,0.01234369241114457
1604,0.002566006536712159
1606,0.033658220966502186
1610,0.0009186657781509525
1612,0.04322977726496994
1620,11.444483024301558
1621,0.0004166001305857669
1638,0.0004222761832879114
1654,4.991982707764129
1662,18.070844602757116
1667,0.0009163914676633522
1675,11.042956940584293
1678,0.00043060105264513865
1693,0.0007657225107207581
1699,0.0004894792522469586
1700,0.037598604603669844
1705,0.005045829272653354
1706,0.0007181393049618907
1708,0.0004521237461355674
1709,0.0007013842985748455
1711,0.0006745903546400724
1720,0.09363824427670084
1722,1.2013387353183649
1723,0.007424465833789457
1742,0.1798827632399353
1746,0.0007140671093401912
1759,0.002800762605210108
1760,0.10068789347095772
1774,0.0030115588334415065
1785,0.0006919964701477633
1789,0.005302320076877542
1795,0.6715933178318559
1799,0.0007605293324601574
1814,0.0007220214169318029
1815,0.0007399985539269002
1820,0.0007762973221480849
1828,0.0025496303217544575
1829,0.0004956726225657838
1830,0.000613779349136983
1834,0.0006650142695405236
1837,18.11212710810258
1842,0.0007700279284799414
1843,0.0005180425199455156
1848,17.558000765791043
1851,0.0006891732309168585
1853,0.0006637098213418255
1854,0.0005036480372296603
1855,17.59418530341527
1863,17.916978601976062
1876,0.00347431487412852
1877,0.0008633575853461224
1878,0.0004869997299796104
1879,0.0007300837886283976
1882,0.3071947992228616
1885,0.0005091320444861711
1886,0.0015633448158392186
1901,0.0006266119265522623
1905,0.0011829721207721991
1908,16.87295820323652
1937,0.0007299749800085551
1941,0.0010742533152910303
1959,10.69958783011494
1961,0.0004044399596148629
1964,0.0007756501650157675
1970,1.4871659959910555
1975,16.52831538823519
1976,6.881784838103476
1978,0.000726267269066974
1981,0.0005167543390541824
1986,4.773985223571619
1990,0.001002403860950509
2002,0.0015855601868233764
2016,0.707753440728867
2021,0.0007070185496018092
2023,17.626736652734017
2036,0.0006860924832485036
2045,0.007249810336334124
2049,0.0008896507020151007
2052,0.10452846539278574
2057,0.9549504344905199
2058,0.00039636137615182515
2059,0.0005911897902390887
2064,0.005836815688388499
2080,0.0004435301737651557
2090,0.0005359028142082388
2091,0.006592794224126957
2095,0.000862884717067464
2100,0.0007031411905244449
2102,0.0004173528115888513
2107,0.0007726218796382763
2109,0.00045701395059905003
2110,1.390353191481711
2111,0.0007502527099439402
2113,0.03520964213843909
2122,0.0006435405370083307
2125,17.546416050691885
2128,0.0062108180838833515
2131,10.514706885786492
2139,2.4973118416352844
2140,8.989969487374696
2144,0.020551392057681094
2146,0.006489043254981871
2150,0.0007612262882594033
2159,0.0007612262882594033
2161,17.820691397112654
2163,0.0013436874129382924
2164,0.000875203369632996
2168,13.07667660970724
2172,17.786904929765754
2176,17.788071299546587
2179,0.0007212503014414733
2205,0.013169999151505823
2210,6.0211794561773955
2220,0.008609192196574807
2229,0.0007971899594041602
2237,0.0019991718924443963
2246,0.0004955664247010918
2247,0.0009577969046432888
2255,0.0008001514977649787
2258,0.0008254329098684816
2262,0.0043889023962464455
2263,0.0015002206525516503
2266,0.0006095853351376268
2275,0.0015958432616843467
2277,17.42720885599953
2285,20.482852867431312
2291,0.14056233172364857
2293,18.828532075811793
2296,16.670313085920906
2306,16.241517016222204
2311,0.0005115617983458985
2317,0.0007666558656981868
2324,0.0008167772482803974
2330,17.259477466813014
2336,0.005773120730944929
2352,0.000812413225750515
2354,0.0007472421707921086
2359,0.0008407603412272822
2366,6.217493921950117
2367,0.0004688250433755809
2368,0.0006422786985162172
2379,0.0008167772482803974
2380,15.18085859121162
2385,0.0005155648229985094
2393,0.0005637568365394346
2398,0.000594530091687439
2403,0.0629346531350108
2404,0.0006634800148616325
2406,0.0008303363064469134
2411,0.0016921509957471559
2417,0.5247295157448784
2421,0.0008065228047126696
2424,0.00082154982675539
2426,0.05924999272629374
2439,0.0007829362391091497
2444,0.001728573635775841
2445,0.12720545919904697
2453,0.0008193242724423823
2454,11.99657355892098
2464,0.0008633575853461224
2465,0.0007962073989221403
2474,6.930854142838643
2477,0.0006843596772057418
2481,0.0031995008535573174
2482,0.0006862936850283964
2493,0.0007010209679374132
2499,15.047717576972536
2500,0.0007629480929877186
2502,19.962781513248345
2506,16.96271068160933
2510,0.053183915961458425
2518,0.00043435077185723846
2523,0.008996113892423885
2526,0.0005135300570173316
2533,0.0003958568421256862
2540,0.009134392432516663
2544,0.0005954276142886559
2545,17.604238379788814
2549,0.0008325902938522585
2559,0.0006932288077722119
2562,0.0007095852656455363
2565,0.0009353518230270028
2568,0.0006185950824665077
2590,0.012757468057228665
2593,0.0013896221102820579
2601,0.0005251295456483328
2602,0.0006946792832580754
2603,0.0007466171171208056
2606,0.00039563921020088343
2612,0.000706268948844949
2614,17.20116735496994
2617,0.0006263600255550249
2628,0.0004166001305857669
2629,0.0007995238687212066
2652,0.009762535705698334
2661,0.013060228823293126
2667,0.00046536740368977383
2668,0.00044370102649849655
2672,0.0004421328730804208
2674,0.0009135638766642827
2687,0.0006779865760636262
2688,15.35631750293896
2693,16.942237879338006
2695,0.0005355428464582403
2698,0.0005296103702136952
2712,0.0019198230997744617
2716,0.00059820132755056
2718,0.0005976382166750082
2720,0.0006175133949354592
2721,0.0007971899594041602
2727,0.0004745323304242365
2740,0.0006958755288159215
2742,0.00386217507888745
2750,4.366846863250647
2761,0.028012383002082697
2762,0.6900902313698878
2763,0.003521833198191132
2765,17.284196026967784
2768,0.0012379333157353945
2770,0.00043060105264513865
2775,0.738875019157619
2777,0.000800347471875917
2782,0.0004508486774785602
2788,0.04297668670798788
2791,0.0008193242724423823
2799,0.9837822431445652
2803,1.78349794424351
2807,17.049572573364944
2810,0.0007955043396602882
2814,12.278178349798278
2818,0.0004377842009862274
2819,0.0009163914676633522
2832,0.000820317939627332
2836,0.0010646831534626817
2838,0.0008000804220221657
2852,0.0007280478895791107
2864,0.0004253262303562902
2868,0.0009643466195520787
2875,0.0009814424781095044
2876,2.0756664954695174
2880,0.0004083771273272701
2881,1.2330297501549983
2890,0.0009274557419919973
2902,0.0014330871712318126
2903,0.019968736364828668
2907,0.0005954276142886559
2913,0.13762909893552686
2915,18.59884790481292
2916,0.0006886947332519848
2918,0.004508159446443416
2920,0.0021935581542591575
2925,0.0009182797880023791
2928,0.15537054342190898
2930,0.006289587677926386
2932,0.0006741334232504291
2935,0.0006811676060405243
2937,0.0006194798234050179
2938,0.001005923561235343
2940,20.50107522026837
2942,0.0008070872465405669
2945,0.0006840995027987116
2946,0.0034299757283024453
2964,18.478304618948265
2966,0.006917582385707674
2968,0.0014258081844255204
2973,0.0004173528115888513
2975,0.0006722907176435723
2978,0.0012692966764515832
2981,0.0022297199933466703
2982,0.0007025156988042563
2984,4.164492625165023
2990,12.821953749514881
2995,0.001418530744557183
2998,0.0006647602959831223
3002,0.0005268119084310397
3003,0.000886987177826677
3006,0.0006291338899800379
3009,0.0009900346224202175
3016,0.0004402573836911369
3017,0.00043660679316635386
3020,0.0006891732309168585
3021,0.0004769739034377389
3024,0.011465282164025111
3028,0.0005451728702757909
3029,0.008086186597344492
3030,0.0629346531350108
3043,0.004395151131442613
3047,0.0005087217108557164
3050,0.0005950524483040989
3054,0.0006236652410909139
3055,12.612610027196189
3057,0.0033376729006235834
3060,16.316738232411723
3063,0.0005374843747453225
3069,0.009272079576131903
3070,0.0006114319326010799
3072,0.0004508486774785602
3075,5.266626330705891
3077,4.5764438881833875
3083,0.0008125836906017232
3084,0.000603715469467148
3085,0.00041696956331438814
3089,0.0006236702062578116
3090,0.0007627316951991582
3110,0.0010925215639327173
3123,0.0007545073900008356
3126,0.004968665134453795
3134,0.0006466741316404681
3135,0.0004435301737651557
3138,0.001093359892172288
3139,0.0007554883764215052
3157,17.607909362400395
3169,3.4705612763334486
3174,0.0017798341388680188
3181,0.0012600085831311583
3182,0.0004200767536113849
3186,3.5115375360887233
3198,0.0005843214547963466
3205,0.0019972938533979016
3206,0.0006718158648050908
3216,0.000524940578819126
3218,0.20927767949338616
3219,0.0005765616719502552
3223,0.0457068372490305
3225,0.2856398656047984
3232,0.0005646285550491611
3239,17.17254875886795
3246,0.0004377842009862274
3252,0.0004526182757120789
3259,0.0010397351237135528
3260,0.003193045330558593
3261,0.0008431557735111719
3267,0.0138612758166577
3269,0.0007424987633362856
3271,0.00043131966342565967
3277,0.0004414895794701078
3279,17.507253707515265
3283,0.0023946627479807265
3288,0.00983793138706591
3293,0.0004377842009862274
3296,0.017144345540731836
3306,0.0007966850580525415
3309,0.0006715457841169517
3318,16.31034350847533
3320,0.0006130343625261716
3323,0.004316861321495809
3326,6.509950921013845
3334,0.0017538424802719273
3343,0.045905344820280705
3350,0.0005362518666690045
3351,8.433311225159906
3357,0.0025496303217544575
3366,0.0007269238827419997
3370,0.000960464823983522
3381,16.424840606296744
3389,0.0004377842009862274
3393,0.011002568309953106
3408,18.296885012129476
3410,0.04200791030138677
3411,0.040644103305138644
3417,0.9530735006620168
3422,0.0009200650354144475
3437,0.0006578223934876503
3460,0.0005395137934571016
3462,0.000452896775860751
3465,0.0005548724716469894
3470,0.0004071165085206822
3471,0.003611434568756694
3480,0.0007032259991184747
3482,0.0007821703796448193
3485,0.0021082493724947004
3490,0.0007522310499766315
3491,0.0007982789804794971
3493,0.0009923726396646464
3501,0.0005140067579938492
3502,0.0004875199361074513
3505,0.12031365917543584
3511,0.0036131186193451444
3512,0.0007305896330003104
3518,0.000801041053015254
3521,0.000855914962114438
3527,0.0006073722596703919
3529,0.006417115381749827
3535,0.0007220214169318029
3545,0.011119586811099513
3546,0.0006002948546080242
3548,4.289088960469199
3562,0.08956390274756039
3573,0.0009622757390211142
3579,0.0069803546426457485
3581,0.0007225684651610868
3586,0.0005911897902390887
3589,0.0006919964701477633
3597,0.0006339466051378535
3599,0.0003719542608922559
3601,17.27834430276129
3611,0.0008087842086124412
3615,0.004405429880896659
3622,1.4372997307465043
3623,0.006657801556779278
3626,0.0006634800148616325
3633,0.027579957316346698
3644,11.10724124566781
3649,0.000659332150983613
3654,0.00045670820760597533
3655,0.07960128954525056
3673,0.0005536151621682839
3674,0.001925907363354394
3675,0.01688189770713779
3694,0.0006339466051378535
3715,0.0007069277993279634
3735,0.0005456796815748907
3738,0.017888618575057524
3744,0.0006990178089082596
3746,0.0008033416198626533
3748,18.212682255000722
3754,0.005341516874342223
3757,0.0004259088581759549
3762,0.0018325686461636553
3771,0.0004763002552332656
3776,0.0004410370552116051
3797,9.643280488679432
3802,0.04720719020222008
3806,0.000442678732229697
3812,0.0007758812190573061
3816,8.482771137182791
3817,0.0004261853744299628
3822,0.0637468813702671
3824,0.0015946287269874575
3831,0.0007612262882594033
3837,0.0010392627371210894
3838,0.024494803080739008
3839,0.02545370959924967
3842,0.0017763583661495872
3859,0.8659653085196771
3861,0.19635462269106893
3863,0.00038768265555627504
3870,0.0006619108584116596
3872,0.0004435301737651557
3876,1.8739029569844963
3884,0.028909325885883637
3888,0.0008254329098684816
3890,0.0010232084721157905
3892,0.0013274049905726368
3896,0.00044515534953337363
3901,0.0009163914676633522
3909,0.0008888788233684854
3911,0.0017310361195914138
3912,0.0023437387219990067
3920,0.0005669676806015997
3933,0.0007182909603833252
3940,0.0004528872067610373
3942,10.076469472220722
3945,13.492844264493485
3962,0.0006568695138019145
3963,2.9279258368367294
3965,17.190977966055023
3969,0.0010973755397880075
3974,0.0005911897902390887
3976,0.000664146600260829
3978,0.0006608959819266614
3979,0.0006523105409324589
3980,0.00043285609579431775
3982,0.0007982789804794971
3990,0.0006106376410129758
3993,0.0005250248879049961
3994,0.0003745242515435606
3997,0.0005250248879049961
3999,0.011954296500172181
4003,0.0007380444015573734
4004,0.0007360006521559774
4008,0.0015517631048796064
4016,0.0010770505470482222
4017,0.0005293629160446506
4030,0.0004435301737651557
4036,17.859805377339434
4040,0.0005994332657685655
4041,0.0006300684692760872
4048,1.3888120953386316
4052,0.0003200874177862607
4059,16.567446560529557
4060,0.0004272483863557479
4069,0.008450025358421367
4070,17.155324779048815
4072,0.0006512274841457277
4083,0.015034939048700005
4086,17.104659060907956
4089,0.6241116453009627
4101,0.0009182797880023791
4113,12.239068370601634
4115,0.0024349428417074067
4117,0.0005625941284344856
4120,0.007385169366130444
4123,0.0006251104605387856
4125,0.0006509838625980489
4130,0.0007028169230705907
4136,12.918634138439765
4140,0.0004526182757120789
4143,0.008706841976795308
4146,0.0008939769975080381
4147,0.010904833872287027
4152,0.0008193242724423823
4153,0.0010397593776941398
4154,0.0007080019351858198
4156,9.18693898550041
4157,0.0005442612339960871
4162,0.0007063218078553522
4165,0.0005564672714597314
4171,0.0009197465781840199
4180,16.846917438002084
4185,0.014594241877380548
4186,0.7780662353775794
4191,17.433109247831787
4200,5.839352272837764
4204,0.0004068203962935989
4207,0.017547958426014105
4216,7.445918178110434
4221,0.0006854624686500927
4225,0.0006087154234190519
4226,0.0004261853744299628
4227,0.0005704995044757275
4229,1.3661867414343087
4232,0.0008144031070380576
4234,0.03671290988891994
4236,0.0007253029353298778
4247,17.741850223456275
4254,6.461515677945303
4256,0.0008047422488665091
4264,0.0004935593569845013
4270,0.0004149536976769284
4276,0.004249456940621893
4300,0.0006265988354420681
4307,0.0008001514977649787
4316,0.14050286478015192
4317,0.0005378309502608418
4332,3.821687981291485
4349,0.19230311711999964
4356,0.00043223406901582076
4357,0.06208583976720291
4359,0.008450025358421367
4365,12.960776782013351
4366,0.002067759294797592
4370,17.830726019269413
4375,19.009931434084578
4379,0.02704315979537602
4385,14.573140682736716
4391,0.013906975076502565
4401,0.0006385086211189333
4408,0.0005823288495969844
4409,0.0012062190190125204
4413,1.9775660660035186
4417,0.0011209940112312422
4423,0.026102762590808227
4424,4.856676420835418
4425,0.005064129012009736
4433,16.817157503957645
4435,2.6127265302864693
4440,0.0039515147236372
4447,0.0015461940292770828
4450,0.007874199211631254
4455,0.0007654969757857453
4456,0.0012105563316872577
4460,4.794797702470374
4462,0.0007012148302183706
4468,0.0007111407280710533
4474,0.0017170857086728324
4480,0.0005895894321132907
4482,4.223160292917056
4484,0.007224263535709966
4486,0.004686266796555127
4489,0.001046997874574342
4494,0.0007720871856731813
4499,0.0006780827766352449
4501,0.000480140224892852
4506,0.0005036480372296603
4507,0.0005150517255779064
4514,0.02415058060175177
4517,0.0007720871856731813
4519,0.009721974991493831
4520,0.0007365439538518201
4524,2.084257782587732
4525,0.0008001514977649787
4530,0.0006014617174284894
4531,0.00047650981039617694
4532,0.003055766903165935
4540,0.0008859547449722168
4544,0.010460174694075995
4546,0.0006111456243420128
4555,0.0006947930159488307
4556,0.0006650142695405236
4562,0.1516358900884239
4563,0.0006193846594020488
4564,0.0006609078549628672
4570,17.425830194847766
4571,0.000991482208467549
4582,0.0010353837483250848
4585,17.506311570920143
4609,0.008453756636292869
4610,0.0004300239401081094
4615,0.027833609669509186
4625,0.0006048467005208347
4626,0.0005789286759221847
4629,5.555383034272287
4634,0.0006193961385139482
4637,0.0046209082203229595
4640,0.0004521795092964822
4643,11.271750227804237
4653,0.0006860924832485036
4662,0.0025168922924367772
4670,0.0016021904164988097
4671,0.04829379149376911
4674,0.014731932359778857
4677,0.0016048430159361217
4679,0.00066727853755567
4680,0.0006222374436558433
4681,7.191453679274616
4688,1.3985754175327645
4689,0.0042946738657978125
4690,0.001032381141322299
4702,0.00032785669992761127
4715,0.0012728065413953502
4741,0.0006535586217346913
4750,0.04436375697225182
4753,0.0013334589648719979
4759,1.512846976081705
4761,0.0006114319326010799
4766,0.0004806695615798058
4770,17.43228280653342
4772,0.000966374706748783
4781,0.04691396322621284
4782,0.000632910582772682
4785,0.0006944459341910151
4787,18.889707421482782
4794,16.730632687704624
4798,0.0008167772482803974
4799,0.0004272483863557479
4801,0.02223308238047527
4807,1.0094457071000833
4821,0.00043435077185723846
4822,17.05188186534208
4825,17.113515586876364
4827,0.0005888061444794545
4828,16.874110562885562
4830,0.0006102033432521686
4840,0.0006742909551624113
4842,0.0004421328730804208
4843,0.000745019004209559
4845,0.0007069277993279634
4848,0.0005608002314854805
4855,0.0004731807411123234
4857,0.0004521237461355674
4871,0.0006892011681627984
4880,0.07130882697631422
4882,0.0014138162878414833
4883,0.0005801204137485318
4884,0.0009427527671768846
4893,0.9018037166320456
4895,0.0007247249124830367
4897,0.0020520422776361185
4902,0.0011359404943996208
4904,0.0005272200280472337
4907,0.0006357908074633602
4908,0.018773406587075235
4909,0.0007295215637155893
4912,0.0010148034094609965
4914,0.08143621913172215
4916,18.747607230269203
4918,1.0100978222265615
4927,0.0019349046974179763
4928,0.0056631271527424224
4943,0.37753967828444196
4944,0.000622262567321873
4952,0.0127292916046021
4953,0.000480140224892852
4957,0.029759632307967604
4965,0.022695664140400466
4966,0.000990784275855292
4968,0.03287501111232542
4970,17.239532175626326
4978,20.253362491335416
4988,0.015325463063679368
4989,16.78257655813849
4993,0.025960657869791626
4994,0.0007866200552617642
4996,0.0008254329098684816
4998,0.004447103361236366
5000,0.0006260867826089404
5004,0.0021082493724947004
5016,0.0006194798234050179
5019,0.0005766313534623226
5021,0.010721730429917862
5022,0.0007128339217473441
5031,0.0007429583658567278
5032,0.14141768730897525
5035,3.737297929973601
5038,0.0007054616660509276
5040,0.8506095926107744
5042,0.0006853965113150741
5046,0.0006406941405551297
5052,5.711858935593652
5059,16.438600716369542
5063,0.0004294448525425568
5066,0.0011440559865169993
5068,0.0013013824907871598
5086,1.140580572201226
5088,15.879767084145971
5093,0.0007731149019007407
5100,16.96813152445995
5109,0.0004259088581759549
5111,15.852322953869452
5125,0.0004707658804738599
5135,0.0012966094084341244
5142,0.0004769739034377389
5152,6.965707479161059
5156,0.0012453606211817194
5157,0.00054967024265825
5159,0.0006339466051378535
5163,1.2789805589327008
5169,0.0006466741316404681
5184,17.020168094001825
5186,0.0007969287030301414
5192,0.0024953911329462005
5199,0.0004377842009862274
5205,0.0007612262882594033
5206,16.71461912925114
5207,0.0005729537109457261
5208,0.001111408520047695
5211,0.07328167361088732
5215,0.0004419575448019153
5232,9.329060771631449
5234,0.0019719597708016054
5247,0.001547163363607963
5248,1.504268802620253
5249,8.455940912472679
5250,0.0015197929993795148
5262,0.00048373352815778896
5266,0.0006289872904719938
5267,0.0012073628140502192
5268,0.0012379333157353945
5283,17.6190160607961
5294,7.878746708557658
5298,0.0008621481309942555
5299,0.0009147494126366228
5300,0.0008132931701545134
5305,0.0006930907728260696
5308,0.0008460560123569136
5309,0.11158969229362478
5312,0.0013113712186541145
5323,0.0003998123637323871
5324,17.838332529618558
5327,0.0009163914676633522
5332,3.5570873203992988
5333,13.81004117978855
5349,0.03256147010779929
5351,0.0018523386657725207
5355,0.0004000835923944297
5367,0.2552815365114147
5378,20.885487905002527
5380,0.0055605195676390285
5384,0.0005093165835894542
5386,0.0008471613704142631
5395,0.0005342622354488144
5407,0.0005310083482168262
5410,0.0017166592711087274
5416,0.0007107009596657717
5417,0.0004243852552556552
5424,1.538680511225373
5425,17.51726589847436
5437,17.177000052478725
5441,1.648038056705341
5442,14.185579037460528
5443,0.001980365129294577
5453,5.927267933949454
5455,0.004508159446443416
5460,0.0006685753026067845
5462,0.037781924593322413
5467,0.0004309502657512961
5471,0.04206550941572203
5472,0.0014547627154676223
5477,0.0009332818233901991
5478,0.0006177139163152727
5481,0.012818444877096994
5485,0.0007778941275578982
5489,0.007332314184262461
5492,0.0016211011257022847
5495,0.06534852447935953
5496,0.0016728687888450569
5497,0.14509166129704362
5502,0.15131026190303024
5508,0.0830513928888735
5510,0.0006891732309168585
5511,0.004201782018833944
5515,17.098495797037977
5516,0.0007386827949622601
5517,0.0005928872768600258
5518,0.0007064632752754715
5521,0.03642247259359774
5529,0.0004482869887601571
5533,0.0007612262882594033
5536,0.0005763453942431197
5538,0.0007726218796382763
5543,0.2637980838365684
5545,0.0007372248028783331
5546,0.0009394731385978822
5558,0.006641623652439232
5561,4.739216092218538
5563,13.255208746629734
5565,0.0010491785431803395
5569,0.0008353893729197079
5572,0.0008605957490705003
5576,0.0004427150344385775
5587,0.0007981408692348286
5593,18.978632623387096
5595,0.0007220214169318029
5599,0.0007024832256857337
5604,7.297449405590444
5610,15.99280119610622
5618,0.0005154244309808385
5624,0.0022150152868955788
5627,8.878865589897945
5628,0.0005493056249777411
5632,0.0034540563410007793
5639,0.02227528621127319
5654,0.0008278590557199008
5655,0.0006860924832485036
5657,0.0004695892598738837
5661,0.0006633700831393511
5671,13.615916603256384
5679,0.0005527426323558006
5680,0.0006894630313034691
5692,0.0018189144720574938
5697,0.0004521237461355674
5700,18.503260829779375
5706,0.0005544818220843286
5709,0.0005869645269875568
5715,0.00047314053541689185
5717,0.0005573890551923388
5723,0.000795903121562205
5730,0.0005495529409624061
5736,0.014974717280803884
5737,0.0015262606917269485
5738,0.22876007647588778
5742,0.0011661091691294852
5743,0.0017965046601534085
5748,0.0005958292580137808
5750,0.0010308440824489166
5763,11.158877501377402
5764,0.0007302312701023128
5766,0.0004521237461355674
5775,0.07734230694615613
5776,0.0006709401986029204
5780,0.0009797587328773786
5799,16.937011221638326
5807,13.00811763545639
5816,0.0006891732309168585
5818,0.0004272483863557479
5824,0.2148156381445013
5839,0.00046640256237237543
5842,0.0008249555476288473
5844,5.310350120769247
5859,0.01296486607677003
5861,0.00048822874604981785
5862,0.0005843214547963466
5863,0.000652919363205954
5864,16.48403877417251
5868,17.328347713636063
5870,0.000671093912968615
5871,0.0023167902501184984
5875,0.00048765508093252417
5890,8.415017203383744
5899,0.0004261853744299628
5901,0.0006761227062564787
5907,0.0005746875304495947
5911,17.46913061299492
5913,17.240211868448633
5915,10.812874420410886
5916,0.0004127253952360721
5918,0.0007256877008988862
5923,0.0005341962371784679
5925,14.716839400693464
5926,18.8921675798582
5927,0.0005625941284344856
5933,0.0017747679629425389
5934,0.0007373530365698456
5945,16.922550833394048
5947,0.0005911897902390887
5954,18.13099452383933
5956,0.0005556262756824112
5957,16.90331806500634
5960,1.5637095252604238
5962,0.0006957605222174479
5965,0.0009808039616209534
5966,6.595846396026353
5972,0.08779598174692016
5978,0.0007657225107207581
5979,0.0004769739034377389
5981,0.001060398410306009
5988,0.0007619554985281042
5999,0.0004565634376012574
6000,0.000876026314762922
6003,0.0006715457841169517
6004,0.0023233556688841655
6012,0.0006177139163152727
6015,17.35207636369206
6017,0.0004222761832879114
6024,0.0007022324901224197
6027,0.0011156313128638032
6028,0.0007211055558226645
6030,0.015709700979822612
6035,0.22090475406267104
6055,0.07241120867361917
6056,10.209258403397765
6062,0.6143034697016138
6066,0.0006650142695405236
6077,0.0031439823968118937
6091,0.004662285319465303
6102,0.022818563095836453
6106,0.0008353893729197079
6107,0.0007813854566127846
6108,0.0008283651217738603
6110,0.0008001514977649787
6119,0.0006685753026067845
6127,0.0004763002552332656
6133,16.34338143317611
6134,0.0007057903877239408
6143,0.0008193146435338259
6149,0.0007429583658567278
6158,0.0006860924832485036
6174,0.0006523938713133166
6181,0.05828994395602475
6183,0.0007399985539269002
6185,0.0007399985539269002
6187,0.00046382737334150386
6191,0.0008110815929258768
6195,0.000686040222743617
6196,0.0849519191400407
6198,0.0007292004615358106
6199,0.0009480200262628732
6207,0.0004526182757120789
6211,0.035959964768474455
6218,0.0015270765709780782
6225,0.006100002501408588
6231,0.00076861295098522
6246,0.0005990274814647241
6252,0.024346942571296167
6258,0.01908933356150868
6266,0.0008254329098684816
6271,17.381815524364992
6284,0.013397366995663448
6287,0.0007815867626411478
6290,0.0011802972621498045
6294,0.009348093561373621
6296,0.0005189662245050936
6303,0.018686844689734534
6311,17.58681027174108
6312,0.0007209978186470373
6328,0.0004827601589677359
6335,7.897686779438695
6341,17.823643193718418
6342,0.0007612262882594033
6343,21.26264124232342
6350,0.0011660960274315424
6369,0.0008039906550413011
6375,0.0009130058643611356
6376,0.0006082113189143839
6378,6.130502208117731
6384,0.0005036480372296603
6388,0.0008053188871349872
6392,0.11287226606060437
6396,0.0006789865091085832
6397,16.96046854008707
6403,0.0016978530832077658
6404,0.0005625941284344856
6407,0.000480140224892852
6413,0.0006573570176910719
6417,0.0004589615488560281
6441,0.0008071554213336787
6443,0.002388444625164128
6447,0.007980275544671827
6457,0.005613099918111592
6462,0.0007133352158716678
6465,0.0006069799258830964
6466,0.0007466171171208056
6475,0.0007449391915660958
6476,0.025446240271352893
6479,0.0006250934077394702
6487,0.0006728360379217064
6501,19.698486716859087
6508,0.0007327746044182214
6512,0.0009266032799070753
6515,10.478619764620932
6518,9.301690196254487
6533,0.0014597184119509415
6534,2.721916221885569
6537,0.02033430457827768
6540,0.00040135892569732764
6545,1.0900466364803778
6547,4.528805302189504
6553,0.0005743323199058547
6554,2.2715122810897848
6562,0.00045670820760597533
6564,0.007980275544671827
6568,0.0005084212054184605
6573,0.0004000835923944297
6577,0.0005867046620574802
6580,0.0019102680363720756
6583,0.00761046489713601
6584,0.041624470301931754
6586,0.0006924800573970731
6587,0.0007724634414365576
6593,11.085353480907628
6602,0.07270644863355608
6609,0.03809387394710563
6611,0.0006854624686500927
6613,0.0006831205270900742
6614,0.012804721605583824
6618,0.0004490893923821456
6625,0.0005524927687457948
6629,0.0008072974304016541
6633,0.0005884777595303685
6634,0.0007681710198716838
6641,0.08751286010537843
6653,0.00041545314893456936
6655,17.01575880094496
6656,0.013681500604351356
6669,0.004405429880896659
6673,14.607562013378063
6676,17.667298172357825
6685,0.0005954276142886559
6687,18.547712279377315
6691,0.0008061269331050161
6697,0.014696885298129292
6709,0.0008286116807688796
6714,0.059368790628652725
6716,0.0007267517686922627
6719,0.0006218698318578842
6730,0.004952682994663078
6737,0.0006878623961582084
6745,0.000740179423421987
6748,0.00037485735667316657
6752,0.0005780369138874497
6757,0.0007466171171208056
6762,0.003796526051704182
6768,0.0286584682993297
6782,0.0006063484441699696
6786,10.623638505423894
6819,0.0017159090068574793
6839,0.04840070858696112
6841,13.506381174502101
6842,0.006433839947591359
6845,0.06409121951172676
6847,0.0007105551777530403
6848,0.0005359028142082388
6855,0.5884449068281689
6869,0.000467021335269788
6874,0.00045456377611364585
6885,0.004038061283065552
6906,0.030128394597365993
6907,17.075823856950073
6917,0.0012600474333049512
6921,0.0006165618248593017
6937,0.0005046943406760727
6938,0.0004166001305857669
6946,17.560418005975748
6948,0.0007143660673196118
6951,7.286033048071208
6956,0.0006868823334446612
6960,0.0013783120134440445
6961,0.0007724634414365576
6976,0.0005792325136680703
6989,0.0006406381208513423
6997,0.0006862887191803879
6998,4.672755902463072
6999,0.0006860924832485036
7005,1.2532393188990942
7006,0.0009764904296076379
7020,0.020205351606344502
7021,0.0009862936099796211
7030,0.0006082639685081159
7032,0.0007466171171208056
7035,0.0004149536976769284
7040,0.0004166001305857669
7044,0.0004746588436431249
7059,9.17789321861969
7075,0.0008757808208659183
7080,1.5261249676787219
7082,0.00079987434064716
7093,0.0006111456243420128
7094,0.004430474797579997
7099,0.0019485917860130146
7106,0.0008538722799942917
7109,5.517193818560773
7110,0.39079452247430757
7113,0.004405429880896659
7116,0.08817961013977746
7118,0.0005673104462720955
7119,0.0006544808074973027
7125,0.0005702455666532159
7127,0.03841783155951495
7128,0.1075382387755481
7132,0.0005971343517041688
7134,0.00041156334470660835
7139,10.492453024882503
7144,0.0006616260556795452
7146,0.0010852350536747152
7154,0.0007260242200451869
7157,0.38513444117946216
7159,0.00043435077185723846
7161,0.0004435301737651557
7163,0.001533179945571664
7164,0.18635620732138242
7167,16.657354694680993
7169,0.1300004389801162
7171,0.0004812694231882401
7173,0.001541765332817347
7177,0.0006244478459566725
7179,18.07257082513119
7182,17.890199790337658
7186,0.02633630408345693
7190,0.0009200650354144475
7192,0.0005745667582154603
7198,0.000521669430688853
7204,0.001440356776934194
7219,8.984664303657063
7234,0.0008286116807688796
7237,0.0021927232272699773
7238,0.21970231937178494
7240,0.0006891732309168585
7242,10.480852632599952
7244,0.0005954276142886559
7246,0.001665184777800452
7247,0.0006272604715096433
7250,17.69802075464143
7253,0.0007612262882594033
7254,0.0016999342066070784
7265,0.0007758812190573061
7269,0.0010218361375932553
7273,0.0006209285427785074
7283,0.0006633065142859385
7297,0.001094391815777917
7303,16.867163814864632
7306,0.0009729882707432858
7307,0.0019485917860130146
7312,0.3708428055700568
7314,0.10452626635493478
7316,10.065209766771776
7317,0.0007957205734703194
7323,0.0007220214169318029
7339,0.0005321251761482449
7343,0.000876026314762922
7345,0.0008193242724423823
7353,0.0005036434738297513
7360,0.0005056369868876339
7370,0.0008074823275243615
7371,0.00047314053541689185
7374,0.003280028307717986
7378,0.0004435301737651557
7390,0.0009718890674203496
7391,0.0006937698735664597
7392,0.014037903527072895
7400,0.00998047996026767
7412,0.22129857029472796
7413,15.230128939361347
7415,0.0007846564609548265
7417,0.002039930854648597
7430,0.0007619277475059925
7435,0.0712821065089705
7440,0.07619071568572369
7441,0.0006367469025005132
7443,0.0009163914676633522
7446,16.13004498683644
7449,0.07463772783677793
7455,0.000755816609798237
7458,0.0005473909595609515
7460,0.0003998123637323871
7467,0.0007567287566281691
7475,4.095875393331148
7476,9.701217217082533
7479,0.0006640985424882615
7483,0.0008318288946589699
7492,0.013820702629120617
7496,0.0008033416198626533
7505,0.00042780435438635034
7508,0.000576632871523752
7509,16.9661855975691
7512,17.51476033320655
7514,0.0017330954594052198
7521,0.0006310211936740113
7526,0.8144363944703116
7531,0.0043446836857103
7543,17.462655822122727
7546,0.0007408272911408719
7550,0.0005710947428132088
7556,0.003432323811602926
7565,0.0005036434738297513
7567,0.0009885937228574734
7571,0.000523455173982699
7573,0.0005414171811994882
7584,0.009525131531523756
7608,15.657776697772608
7614,0.0006659343640362212
7615,0.000626464421013396
7621,0.010446515386777707
7627,0.0008254329098684816
7639,0.0015461940292770828
7652,0.0010150430729051686
7653,0.0008460560123569136
7654,0.0004101678689954912
7658,0.0006931848615613714
7663,0.0011276803040776123
7672,0.014814824878696587
7680,0.0005785043275108896
7685,12.887778105626618
7691,0.000793380504631017
7703,0.10474218602629323
7711,11.677021673806644
7712,0.0006868823334446612
7722,0.0006001299282808055
7723,0.0006163500059728698
7724,5.948589826053042
7728,0.010945011898968765
7733,5.326998010372716
7744,0.0005971343517041688
7749,0.0004222761832879114
7763,0.0005625941284344856
7765,0.00040300747295564084
7771,0.0008661178506974551
7785,0.03335340421110772
7787,0.000638430069508045
7789,14.95984755616016
7794,0.000623378072159524
7797,13.009983987656323
7806,12.380512092452346
7808,0.0004173528115888513
7816,0.026638090483763734
7818,0.0015461940292770828
7819,0.0006572973037153668
7829,0.8291014764439154
7838,0.002161393776356323
7845,0.0004730792827828706
7846,0.002101403211937852
7849,0.15905021970036146
7852,0.0005589814590689004
7853,0.0005875302291398892
7861,0.0007612262882594033
7862,0.0006813048419341916
7863,0.0006233722229275459
7871,0.0058109681140848515
7872,0.0065365849066764915
7873,0.000480140224892852
7880,0.03546343339540438
7886,17.20239434260206
7893,0.0011209940112312422
7894,0.0004534435101139005
7897,0.0004435301737651557
7900,17.05220802832204
7902,0.06437825304757927
7904,19.236997106589154
7915,0.00660910971740192
7923,16.503189996642952
7925,0.0009163914676633522
7926,0.0010809243094680768
7929,0.01486813949522107
7933,0.00043660679316635386
7938,0.0009718717342157188
7947,0.0005876654722698622
7961,0.0038316457230957073
7962,0.005219508423137604
7963,0.0005272200280472337
7978,0.0014130533330050368
7979,0.000656250864947317
7980,0.0007821954783306358
7991,0.0007126589788797909
7995,0.018671901562053533
7997,2.300006225055518
7999,0.0015535825008769235
8000,12.811093431235566
8005,4.731090990487433
8007,0.0008259485117681356
8012,0.017703987368644588
8013,0.0008946623270365467
8018,0.0007792706307503189
8021,0.013703608041460568
8028,0.0008048555819440339
8039,0.4544875717144225
8040,1.1649819249424795
8043,0.011047046021905567
8054,0.517438941729997
8061,0.0055131826812488734
8062,0.0006309546414047651
8072,1.3784342506256517
8074,0.0006453675324227453
8077,0.0018310725851924045
8100,6.61443579248642
8114,0.0011142873129062526
8123,0.012868160726964142
8126,0.922533840847241
8135,0.0004730792827828706
8138,16.98853759594661
8140,3.581810644928833
8143,0.0010163624440637578
8145,0.2951697698733258
8146,17.160137454092364
8149,0.0005625941284344856
8168,0.0005768339843943708
8181,18.123833202665004
8183,0.0016678321240919628
8185,1.12099177830837
8191,1.9598676871615517
8192,0.0018189144720574938
8202,8.970801240180197
8204,16.278081556972424
8232,0.22407294884855394
8237,11.082941131913303
8239,0.003979176115094052
8240,0.005109340102004568
8246,0.0005728539693754322
8257,0.001590140028753555
8270,0.4944191756128613
8271,2.6800837412738696
8272,0.011679881236733256
8276,0.015043087222446652
8279,0.0004272483863557479
8280,0.0005297141578829506
8290,0.0007466171171208056
8305,0.000515125510785186
8310,0.0006850288672361356
8313,0.0007128339217473441
8317,18.507143738596064
8334,0.0006875574247361824
8336,0.00044027485730307753
8337,0.0007375183146920225
8359,0.0009185389067930533
8362,0.0012604227758632167
8379,0.0008286116807688796
8383,0.05678265747121183
8392,17.362055102938633
8393,15.694038850182462
8396,0.0009287202299970169
8400,0.0007466171171208056
8402,0.0006223415445634628
8410,0.001590140028753555
8424,16.242751509598925
8432,0.009701111849714639
8437,0.22402739918230488
8445,6.427070731927758
8452,0.000480575946199791
8453,0.1118653335005109
8471,0.00790357439251731
8480,0.02640833939142286
8482,0.0005877166252228328
8486,17.18190425870443
8487,0.0008471613704142631
8493,0.0684937333233886
8494,0.0005907490850899874
8502,14.250225467801226
8525,9.172803406227963
8526,0.013374417986282652
8531,0.0008011711988621344
8559,0.0008628170203516062
8560,0.0008167772482803974
8567,16.67071523270918
8568,0.2690817709644916
8574,0.00571031939197194
8578,0.0018355531014617988
8579,0.0013134702538454414
8580,8.924891780901644
8585,13.939218891697768
8594,0.0015278322824657947
8598,0.0006139065488615338
8601,0.0008098777054506888
8606,0.0030221363467866627
8612,0.0009446324532716365
8613,0.0009196434338440602
8618,0.0006831205270900742
8625,3.4530291717608095
8633,0.00042337053954412727
8634,0.00076861295098522
8636,2.7661893348943924
8638,1.5201903051348986
8640,0.0006601755681147287
8645,0.0014859923643382865
8647,0.0006892011681627984
8649,0.09753971086417326
8652,0.0006406941405551297
8654,0.0011596001144294726
8662,0.0007055119418327965
8684,0.005560454359826847
8686,0.0007545073900008356
8704,0.0007149143997440294
8705,0.0004022733428305432
8707,0.0006901155967515753
8717,0.10647483142970689
8724,17.920587474994214
8727,0.0050875975488515555
8728,0.00044268558564019314
8732,17.209714915833384
8733,0.002776975254575247
8734,0.0009168403915884041
8736,0.0018107206083046935
8737,0.0005971343517041688
8738,0.025651701387642716
8745,17.17275190305267
8756,0.010962828948382533
8766,0.0014846416436984262
8768,0.0008633575853461224
8773,0.0008036175491406645
8775,2.8960521375981876
8777,0.001122954391727829
8780,0.0006042344783004405
8796,0.0010139623812518788
8797,0.0005953586931677471
8811,0.0007986822239863412
8813,1.4024688606974212
8819,0.003377775986218021
8822,16.758660470085438
8826,0.4190751041222375
8839,13.929190310096924
8840,4.5876669416419045
8857,17.509931843042633
8859,0.00043435077185723846
8861,0.0009193467629277045
8863,0.0442164220564366
8867,0.019031859935693677
8869,0.0008298800990652104
8879,0.0010360250187375437
8885,0.000480140224892852
8897,0.006963939550214564
8901,0.0006097047094740426
8907,0.0006892011681627984
8919,0.00045453035832445244
8920,0.0006455199899103475
8923,0.0005918520227657138
8924,0.0006394718404011684
8926,0.0008353893729197079
8929,0.02153056357896233
8936,0.08964899915110111
8946,0.669819012385819
8950,9.461643518044854
8953,0.0006350566364959994
8954,0.0025496303217544575
8957,0.0011216323827153883
8959,0.0004377842009862274
8960,15.444315314934162
8961,16.486341906589587
8965,15.863546333545695
8967,0.009582731743201232
8972,0.0007783684466034359
8973,0.00041545314893456936
8974,0.011165371362498164
8976,0.0018695490778713893
8987,0.0008195899787587167
8988,0.000888824361766484
8989,0.00038818376424471694
8998,0.0007612262882594033
9001,0.0007126589788797909
9006,0.0007943583777127465
9012,0.006489043254981871
9015,0.0015461940292770828
9020,0.00047017690073942054
9037,0.006395529511024074
9041,0.0005467947207512073
9042,0.0006971556706644722
9045,0.0006574607186869016
9064,10.554900380022955
9071,0.0007833225726323488
9073,0.0004222761832879114
9081,0.040241759409259184
9094,0.0005929496015144237
9109,0.0008209930473388829
9113,0.027636238909132256
9119,0.00039292413362737225
9120,0.0012106029107004537
9125,0.0006821323064909029
9126,0.0009806563521500805
9130,0.0005043642266753605
9137,0.00043516030691787623
9138,0.0004272483863557479
9144,0.0007980307193474841
9147,0.0004970608669118636
9151,0.000684999251066079
9172,0.0014485382130444509
9175,0.0007985646252343161
9181,0.0023846545493257346
9183,0.0006005478179973962
9188,4.901373424150769
9204,0.0045505684047540546
9213,0.0008147597926721508
9214,0.006100002501408588
9219,0.0007228591699575875
9225,0.0013084996566784294
9229,0.0009237122003652196
9231,0.0009069421541927282
9232,0.0006177139163152727
9234,0.011165371362498164
9242,0.002556831131339153
9243,0.06262552841520441
9244,0.0005690881523487951
9250,0.0004435301737651557
9258,0.0006496022345335367
9259,0.10610991697363807
9261,1.0381559913836667
9267,0.0008703664862808852
9273,16.87682562133932
9277,4.624807297811983
9279,0.000933578789191838
9282,0.0008192216708370245
9285,0.0016756926774329339
9292,0.0006860924832485036
9294,0.0006048467005208347
9300,9.295111544210993
9301,0.004149108577354491
9305,6.352667896283742
9310,0.0018629591133393106
9316,0.014079266468124917
9317,0.13167339576438108
9320,13.947103539214897
9326,0.0005048928665697328
9327,0.3026767149838228
9329,0.03190105119984598
9331,0.0006891732309168585
9332,0.0010171669168952658
9334,19.64690680982384
9340,0.00047519917006764783
9344,0.9074410117129945
9345,0.0007014790880422388
9346,0.0007821628416782109
9357,17.22035393627464
9360,0.01301211868621729
9369,0.0006440513996880163
9370,0.0009163914676633522
9371,0.0009786475357450258
9374,18.054977217389656
9378,17.113913326887896
9383,0.006355575404676692
9386,0.0007643325930642064
9393,0.0015091506585527441
9396,0.004180973959026186
9398,0.23821108063268664
9413,0.0021082493724947004
9416,0.0007677533237658064
9418,0.002153973588429113
9422,0.05604758629607095
9426,0.0010668800490216855
9431,1.314986535527367
9437,1.580972829826795
9439,0.009023244189125442
9440,0.0004300065107007094
9442,0.007682378526318726
9452,0.01035427513820472
9455,0.0004632745670637713
9456,0.003538574872385035
9463,0.0006854624686500927
9465,0.026466570354954984
9466,0.008433569814238097
9492,8.258780087948393
9498,0.46179179897861566
9499,0.0008591903725963948
9515,0.0006915123107511269
9522,0.0007005780972056934
9533,0.0009425176759493486
9534,0.0013274049905726368
9536,0.0004552066020689108
9541,15.383554917134012
9546,0.0007466171171208056
9547,0.00044325015798371515
9549,0.0007170753427351165
9556,8.541020690369956
9559,13.683019934085388
9560,0.00045485204431546113
9572,0.0006578733613402204
9580,0.0007192359355701396
9587,0.0009332818233901991
9600,1.210687986826861
9605,0.01180599910932564
9606,0.0015541753662228581
9611,3.3911154307652374
9614,0.3153198542247641
9616,0.0004918640392505552
9621,0.0008254329098684816
9625,0.06314448371055154
9627,11.28720844514423
9632,0.0006605420055856725
9635,0.0007846564609548265
9642,0.00044720460506772095
9648,10.940466485426906
9649,0.000666596667343345
9655,0.00045034257551235273
9657,0.0012019931115506114
9669,0.009272079576131903
9671,0.4797840750623651
9676,0.0023797502184707024
9679,0.0007129569063269364
9682,0.0006379055614285639
9685,0.024608173244461136
9686,0.0005769798774319188
9691,0.0006109630753809576
9694,0.01522140085826357
9699,0.0005140273723922739
9705,17.818582229923205
9708,0.0006619326333220535
9713,0.0007867712037611836
9718,0.0015461940292770828
9724,0.34266600368604677
9733,0.000566152876677897
9734,0.0006517407674130902
9735,0.0017990228917066846
9738,0.003221126765271698
9745,0.38224142122870264
9751,0.0007886051283550485
9762,0.0012460372593600076
9769,0.1029974014265502
9773,5.804103273085511
9774,0.0005573890551923388
9776,0.02522630978175694
9784,17.031458934806288
9785,0.0006369193430067425
9787,0.0012600085831311583
9798,0.0010392627371210894
9799,0.001189588552272634
9808,0.004405429880896659
9814,0.0016816670938800242
9818,0.0006077317225019304
9834,10.27494205357774
9839,0.013686580342612938
9841,0.0007724634414365576
9844,0.0004648132718804218
9854,0.002878501541436734
9859,0.0008001514977649787
9863,0.0004435301737651557
9866,0.0007024832256857337
9867,0.0006831205270900742
9869,10.795675248806553
9871,0.0006182664387180958
9875,15.673682204511994
9882,0.034497946087205314
9883,3.924948159970937
9885,19.60920773837961
9890,0.025763281404069537
9893,0.0006799691377639498
9899,0.0004022733428305432
9903,0.020655535716410184
9907,0.0007546696554199152
9911,0.0007773169267858537
9913,0.0006584644009560063
9928,0.0009797587328773786
9930,0.0004688250433755809
9936,17.416009176339916
9940,0.0006662796583408237
9942,0.0009862936099796211
9951,0.013410609988924243
9967,0.0004508486774785602
9992,16.47649216555299
9994,17.204121077498414
10000,17.213819962490376
10002,0.06119502713804973
10004,5.418527842849393
10012,17.09164493209044
10019,0.07023100590069443
10026,0.0008343954663384426
10031,0.0005625941284344856
10038,0.06938137080307809
10039,0.27608038452096484
10047,0.0005929994935561855
10050,17.275488725039647
10051,0.0007468278714444488
10056,0.0028963026340186214
10062,0.01722115307448223
10066,0.0037179396620772554
10070,0.0721848108387074
10071,0.0004427150344385775
10082,2.70557369096561
10092,0.0005632026020208908
10094,0.0008167626512736821
10097,0.01253720654830635
10106,0.0006325013772104039
10108,0.0005330326809812745
10112,0.09396935538517825
10115,0.09619111155017102
10118,8.016004493217247
10125,20.420840040275106
10126,2.5393079389435185
10128,0.0007673959483908667
10134,12.046931638652751
10138,0.0007403133987714118
10152,0.0007323762855925722
10155,0.0007758812190573061
10161,0.0007743056528088826
10168,11.131115366966394
10170,0.0004199247261366488
10172,3.4895425462451835
10176,0.000671360449927286
10179,0.025962494640050786
10183,0.00384773141677551
10191,0.0008193242724423823
10192,0.013709800263775773
10194,0.05407711888988363
10195,0.00057477187299753
10197,12.570770796384789
10199,0.00045701395059905003
10203,3.8595858869693798
10211,0.0008052626687443125
10212,0.0005611356380907842
10235,0.0004599134021465341
10239,0.007227729697477178
10242,0.00043060105264513865
10245,0.0008391386657440938
10246,0.0005565807241220065
10249,0.0005128432875861684
10251,0.0005670832596312243
10253,0.0005121724875853104
10255,0.0015091755785642666
10264,0.0036829740543482953
10266,0.001284330627508988
10269,0.2359923658258108
10270,0.0004868041192163502
10274,17.258589629204614
10280,0.0008243262816540926
10283,0.0011139365916813654
10285,0.0006817410506260581
10287,0.03520964213843909
10291,0.0012145767101440612
10302,0.000786162160480976
10303,0.0004575470986128281
10313,0.0009185308716961734
10315,0.0007143660673196118
10319,0.0006323569868050176
10331,0.008049557843453108
10332,0.000745019004209559
10337,0.0007538458309192576
10354,0.0007758812190573061
10360,0.0065365849066764915
10375,0.529244966665061
10383,0.0009163914676633522
10392,0.000480140224892852
10393,17.460466263100816
10395,0.0005859284654171637
10396,1.7772489153603612
10398,0.000688416417398941
10402,0.019846974844887254
10403,0.0006451579880208042
10405,16.36993575301894
10408,0.000673105977875203
10423,8.898067929504366
10430,11.770542771150183
10441,0.002371719264037351
10450,0.0005838593971435286
10461,0.0010226150874685079
10485,0.0008353893729197079
10495,0.000466527562157856
10507,0.047952595384714455
10523,0.0006662350584489966
10532,0.0008740233686827036
10534,0.0006800547284054966
10545,0.1088899948478402
10549,0.0008001514977649787
10552,17.288518988666766
10553,0.0007540354691643371
10560,0.0012065410246801262
10562,0.0006304233308147528
10568,0.0006919964701477633
10574,0.0009577969046432888
10582,0.0005198246597331745
10590,0.0007182909603833252
10592,0.0007538458309192576
10594,0.0006428049198132747
10602,0.0004521237461355674
10605,0.0006128623424815449
10610,16.931670655431198
10611,0.0006554449625722973
10617,0.018273501212731337
10620,0.0005074438506368714
10621,0.04151024044259946
10626,0.0004058988304951086
10637,8.321550774438185
10639,0.21290939537504613
10648,0.000467021335269788
10655,0.0006974041274511373
10657,0.000631249982094494
10659,0.0007978682562134883
10660,0.12854128016715255
10675,6.67263440561153
10684,0.0008460560123569136
10692,13.37383283714162
10694,0.010144206617904172
10695,0.0005461228095295521
10696,3.8671323117955447
10704,16.78348478622086
10705,0.0035201173030170014
10707,0.03295528538133074
10708,0.0006101397208934541
10709,0.0008167772482803974
10718,1.433427059026014
10721,0.0007403133987714118
10722,0.0006252633279884116
10730,0.0010891266153845293
10746,1.4254823612327592
10750,7.584267163210508
10754,0.015807059422391072
10771,0.000650766017815708
10784,0.009272079576131903
10790,7.319731217526902
10796,0.07392259851771413
10799,0.0005794962922689558
10800,0.2295386107996895
10805,0.011165371362498164
10806,19.54776826561309
10809,0.02569889608627241
10810,7.098481764328538
10821,17.326463398965103
10822,0.00043411977099668263
10828,0.0005357575159660632
10829,0.0017429194172323415
10845,0.004855706963207411
10847,0.007202244584104621
10848,0.0008353893729197079
10851,0.10548427217282268
10862,5.971997154224582
10882,13.70865745641282
10886,0.0005619921732865964
10893,0.01296486607677003
10902,0.00048301565560420444
10907,0.0004435301737651557
10908,0.0008792494805070957
10911,0.06560582614205439
10914,0.15581116543962634
10915,17.671467755091136
10918,0.000937870409815203
10920,0.000745019004209559
10923,0.0008226586880884377
10924,0.000801845282205375
10929,0.00043516030691787623
10937,10.563862738547106
10938,0.004895646110741501
10945,9.346245515520115
10949,0.0006291158317502422
10959,0.05042659290492537
10960,0.0008178623165414556
10961,0.010319010655036012
10967,0.0014149572421659935
10968,0.0012600085831311583
10970,0.0007247249124830367
10974,0.0004217869929862013
10978,0.0006181558489757607
10979,17.48837673888692
10980,11.95184359775189
10983,0.301434977213605
10986,0.0008743233141875016
10988,0.0007403133987714118
10997,0.0008047681929139603
11003,0.001357641265237572
11013,0.00047903025174283976
11014,0.0009123118865601493
11016,1.6586873103851574
11020,0.000745019004209559
11029,0.0008100487596766518
11031,0.0006339466051378535
11032,0.18355675597326288
11033,17.03723273074347
11040,0.0005796709523666623
11054,0.21266130930315294
11055,2.7417085852982614
11071,0.11831281011458297
11072,0.000480140224892852
11075,14.489424465097326
11078,0.024092662002644684
11094,0.00110957004862423
11097,0.000540280534867514
11099,0.0005050616406304869
11100,0.0004377842009862274
11111,0.0008001514977649787
11112,0.001176924517820225
11113,0.0007785401993441024
11114,0.0013241621815475424
11122,13.555435991315724
11128,0.008649519242564015
11137,3.8674737353010613
11149,0.0016047079483491992
11158,0.0010784775676128838
11160,0.0014370325614613973
11164,0.0045952393903658075
11177,11.518532059919263
11179,0.0017541342449074915
11180,13.167273963943881
11182,0.0007209760315809154
11184,0.0005321251761482449
11194,1.1996256380695258
11196,0.0006085012262296809
11205,7.446808871737167
11206,0.0005548724716469894
11209,0.00046489908611777053
11214,0.0004377842009862274
11215,12.907905807189303
11225,0.001590140028753555
11227,0.0014754809796211383
11228,0.0006669280586221663
11230,0.0009107926226628328
11234,0.02643094267774012
11235,0.001384405875441146
11255,0.006801708493626879
11261,0.00040300747295564084
11264,0.0008591903725963948
11265,0.022313608802073902
11268,0.2780097992679388
11278,0.004962287178442362
11282,0.0003958568421256862
11288,0.0004688250433755809
11290,0.0004469733187693138
11292,0.05372796157117227
11293,17.418857197293995
11296,0.0007829610092266664
11297,6.163683983924917
11298,0.0011550845864105473
11300,0.0008353893729197079
11309,0.00098656618059024
11310,0.0005823288495969844
11320,0.08733810741824162
11329,0.0007378116327817141
11336,0.006489043254981871
11340,0.001019269171771199
11348,0.0006106439300039444
11350,0.0006765437374173569
11351,0.04555441479410867
11375,0.004388416372239757
11379,0.000680990284278164
11382,0.0005977603419465709
11384,0.03289809371969117
11387,0.0015628386716335534
11393,0.00043060105264513865
11394,0.0008944207531228655
11401,0.0004908054528846152
11402,0.0007449391915660958
11413,0.34700673403140786
11416,0.0021286163792767175
11428,0.0014762748349685735
11433,0.0006884478617535167
11437,0.26939610357722243
11439,0.0006891732309168585
11444,0.004105347443749669
11448,0.9071781611259884
11451,0.0039920280825837965
11453,1.040581585988467
11456,0.004276051589703393
11459,0.0008124988685806313
11461,0.0006246491574361609
11465,0.0007538458309192576
11474,17.130709959318516
11475,0.0007323762855925722
11488,0.011002568309953106
11491,0.0012014136694786719
11493,4.708225934050593
11495,0.0334632051902196
11499,0.00044325015798371515
11502,0.0007399244773341162
11505,0.0004982155247760303
11506,0.00998047996026767
11512,0.0007107009596657717
11515,0.00043060105264513865
11524,17.802918432873337
11527,0.00761046489713601
11530,0.006620730198377155
11531,0.0009256557190295762
11538,0.0005949246249055436
11540,0.0006336947532340719
11543,0.15010336969108656
11544,0.0005046943406760727
11546,0.0004528872067610373
11547,0.0012950035891537257
11555,0.0006272604715096433
11557,0.00888980495246754
11558,0.0008674196689799005
11559,0.5898861337432566
11578,0.0005625941284344856
11585,11.646160512846098
11589,0.0008072560537106909
11591,0.0007906714409311197
11592,15.562665830025486
11614,0.0017975561269360427
11618,0.0004261853744299628
11620,0.0006924800573970731
11624,0.008141937917953338
11629,15.259007571475513
11637,0.0003659038047622978
11638,0.00044325015798371515
11646,0.000992644185508695
11653,0.007959202212619431
11663,0.026071366504963344
11664,15.835820939981252
11665,0.0008110815929258768
11667,0.001449666995497317
11668,19.45028468735317
11669,0.00047314053541689185
11672,0.006464759157618823
11675,0.592952206120865
11684,0.0018260994797562077
11690,17.26626712152719
11691,0.0009385938851410438
11692,0.0007074017269589866
11694,0.0003991991600043843
11696,0.0004533111452604233
11699,0.0005767957754707488
11712,0.0008514142398510255
11719,0.0007972097148054604
11729,0.0007892185138086754
11730,0.0005503074283597759
11731,0.07836844449498366
11735,0.00046206419202172565
11745,0.009148225196139084
11747,0.0007383114510954418
11748,0.0005789286759221847
11749,0.0006619108584116596
11755,0.0007902924622698426
11757,0.0024698880909485126
11758,0.0007924782984359419
11761,16.318888663662772
11762,0.0007536910271646823
11763,0.0007167667439428443
11764,0.0007949739981333471
11767,0.01742466001227135
11768,0.0006115503265156695
11771,0.0007479484113262144
11777,0.0018544095768629604
11786,1.119417490579543
11793,0.0006611505747618271
11809,0.00047106623764497143
11812,0.07342872205972104
11814,0.009547595564164162
11815,0.00059820132755056
11826,0.0004153774193637294
11829,0.0012605406153941554
11830,12.80346563018711
11832,0.0005198246597331745
11836,0.0004300239401081094
11844,0.0004250880343537009
11858,0.0004575470986128281
11865,10.056705338956828
11868,0.0014247263159214713
11892,0.0006891732309168585
11895,0.0026748924394490647
11897,0.3511045878198581
11905,0.0005118859500277727
11912,0.0004236210201088938
11914,0.0007673959483908667
11916,0.0005141932926407498
11927,0.0014615055062687462
11936,0.011471145359040267
11937,0.07540464405653406
11947,0.01743397794014979
11949,0.006691667737095774
11962,0.07993177321979952
11963,0.004561767823518415
11976,0.004699203693620649
11977,0.0011463178545851262
11981,17.303137956514853
11991,0.036410349967311746
11992,0.0005246681810817604
11993,0.8862722946462519
11999,19.43865614116219
12000,0.09089372134775864
12002,0.029952224297940262
12006,0.03611720082311678
12008,16.521102743152955
12011,0.0003691283771555619
12021,0.00041328432829001934
12022,0.0008243262816540926
12032,0.02765044817012774
12033,0.0006860924832485036
12037,0.006851759122185203
12038,0.18158858297057792
12049,0.0006236565186264706
12051,0.035433652035695845
12055,0.0008256424371635219
12057,0.0006180060910155749
12066,0.0007023954799513128
12071,0.0005895894321132907
12072,0.0006690647180976651
12073,0.009622416309985744
12081,16.40622941829267
12083,0.00047937193731301955
12087,0.0008278590557199008
12089,0.0021310872895158096
12092,0.0006389587438157002
12098,0.0007291606526208894
12100,8.66207325515717
12103,17.535211814569852
12106,0.0006860924832485036
12108,0.0010586585908567202
12112,0.0009588310456842697
12114,14.16208448637089
12119,0.0007005780972056934
12124,0.0019288771132008752
12140,0.0025681397403172984
12151,0.0004896816334194613
12156,0.005437869778681142
12160,0.068568271601393
12161,0.0004526182757120789
12165,0.0006433669110075641
12166,0.09536578593194964
12169,17.49020829836632
12170,0.0006860924832485036
12175,0.0005954276142886559
12176,0.012656498803425365
12182,0.0004272483863557479
12184,0.06186746286361976
12190,0.0007607664847072393
12202,0.0036914791377780642
12213,0.000773205983342709
12217,0.0006035376022735556
12220,0.0012292385736688606
12221,0.0005909530004983276
12223,0.006210136464480209
12224,0.0010168019085317122
12228,0.0005934787278759769
12247,0.36213671561359584
12251,0.002248627976462693
12264,0.0006831205270900742
12265,0.002610828061531328
12272,0.0037229788352224945
12275,0.0011727986128463727
12282,0.02808107300174369
12284,0.0009332818233901991
12290,0.0008749254565703232
12297,0.0010830323605717665
12302,0.0007419942667203827
12304,0.0006612716877238833
12305,6.915116408285476
12308,0.0003867240940671187
12310,0.0010194997694054685
12311,0.009042382651268558
12321,0.030686796512292856
12322,0.0008558680573090619
12323,0.00043062881771391227
12325,0.0007946434193943036
12328,0.15201596772023765
12332,0.00043085334493712284
12342,0.0006978372786432278
12352,0.3831671420049313
12359,2.104131516542579
12363,5.266853371971258
12366,0.009503613868318146
12370,0.031895346962187834
12372,0.006232778699734778
12373,0.0008193242724423823
12378,19.995134772087514
12381,0.0007023954799513128
12384,0.0008167772482803974
12385,0.08191384427667317
12387,0.2852413133294367
12389,16.89448751988234
12391,0.024841480906860367
12393,18.047033315134996
12398,2.6258910908782482
12399,16.740598015854832
12415,4.131994692828039
12433,6.87689642469288
12435,0.0006908126131211557
12437,0.0004993159206381074
12442,0.001449666995497317
12457,0.0005113391316800964
12468,0.08627010132386748
12471,0.0015461940292770828
12474,17.406280436491205
12485,16.44244207970025
12487,0.0005379910908608969
12499,0.002101403211937852
12501,0.0009546698279725352
12505,0.3522908459874087
12525,0.41599569650556817
12529,13.300879941023217
12533,0.0004222761832879114
12540,0.0006237516105209341
12552,0.0005186992982087524
12553,0.14415604849494934
12556,4.268602853743701
12557,0.0006619767770972138
12565,8.087133791278115
12574,0.0008471613704142631
12578,0.0006860924832485036
12593,0.0006117334138121075
12599,0.0010949657273335116
12606,0.0008937082950317161
12607,16.015028910209658
12608,0.0007005117412722087
12611,0.0006450839824097513
12619,0.05388075053361159
12620,0.0007403133987714118
12629,0.0005398769062594876
12630,0.000704096788155462
12632,0.0005332534471981982
12634,0.0006199767663466421
12635,12.537503687045307
12636,0.0004776162080404359
12641,0.2692765518684401
12644,0.000794849652352074
12646,0.0009059910402838253
12655,0.006624712730561887
12659,0.0007673959483908667
12661,0.0006839437312837918
12663,0.0008533441198985492
12671,0.009794166741004728
12676,0.0006898486708721962
12681,0.0006588927847454821
12683,0.0004427150344385775
12685,0.0005928872768600258
12686,0.008139742067431649
12691,0.44778054013793617
12701,0.0006553639668650847
12702,0.00045701395059905003
12703,0.006871707586734105
12704,0.0515581078295538
12705,0.0235419167037275
12706,0.08182666485400505
12709,0.005031693890015841
12715,0.0005686395742406265
12721,0.0010265928537700132
12730,20.288402048102583
12734,0.010598456107743215
12735,0.0005789286759221847
12739,11.49027442418615
12746,0.0014578342632407938
12747,0.003932296055465156
12750,0.026495950251279154
12756,0.0012925974175852458
12757,0.0008286116807688796
12759,0.0022204379277778836
12767,0.2550000831560534
12773,0.0018976614174543189
12779,0.1153539799410419
12781,0.0004166001305857669
12792,0.0008001514977649787
12802,17.720351756497696
12811,0.5022186902560661
12820,0.007834142481795982
12821,0.0004769739034377389
12828,0.0003958568421256862
12835,0.0007503350748371186
12836,0.0006776112535942833
12843,0.0006824940598099393
12846,13.652161301764727
12850,17.973318454392192
12854,0.0008810919336357569
12859,6.305107304774982
12860,9.303830109871745
12862,0.0010696260530366065
12864,0.0008028562716679025
12865,0.0006894630313034691
12870,0.012170066218036537
12878,0.09829597211371077
12884,0.004970598421130055
12888,0.003085008826493129
12889,0.0006365447696830753
12895,12.640523499515881
12899,0.20608908899385128
12907,0.0012277340054193972
12916,0.0006906753328405522
12917,16.949838690022766
12918,0.026414733123219993
12919,0.0006351582053445235
12935,0.23922238634897633
12936,0.0004179245602600807
12937,0.0007984960326796007
12958,0.0009291575002321164
12962,0.0005209228528998665
12969,0.0007466171171208056
12970,17.0584072923469
12973,0.0006691658712433199
12981,0.0006901674661777331
12987,0.0006572920633982215
12988,0.019746975816805384
12989,0.0014267320800924886
12991,0.48335208103594185
12992,0.0016165828924251525
13000,0.0023595564158276393
13003,9.714396957325361
13006,0.00465623724117475
13007,0.0013079424189199706
13019,0.3977239205065656
13021,0.000550219742907428
13022,0.000581015596497621
13031,0.005378693170447717
13035,0.07131855675877913
13041,0.10073583057012644
13044,0.0006267159464518848
13048,0.0006270238922438109
13069,0.008677322226622751
13071,0.0004962411611070586
13073,0.0007690988502333203
13083,0.0009737443415812489
13084,0.4292575529988179
13090,0.01070709056500092
13096,0.005868596850547718
13098,10.49860576770634
13099,0.0006093742934118345
13101,0.0016122597746733435
13108,0.0006365447696830753
13110,0.0035984692172921855
13122,12.945992731203825
13123,0.0006394718404011684
13129,0.00046481658013559305
13137,0.0004173528115888513
13139,0.0007821703796448193
13140,0.0005174868751320289
13146,0.2054126783546742
13149,0.0006863699463949011
13150,0.006537305776392598
13152,0.00040790235487970177
13156,13.880833188995407
13160,17.033066416093448
13166,0.0005250248879049961
13176,0.0008254329098684816
13179,0.0003814483496476455
13180,0.0007232535957234826
13184,0.0022895181745746567
13185,0.0006830120320806905
13191,0.00042227941903261976
13202,4.764919115771944
13209,0.000796020981456234
13213,0.0006868823334446612
13217,2.9948018504336824
13221,0.0011269577643694957
13222,0.0008306960029835512
13224,3.7288348330280847
13242,0.0005524927687457948
13244,0.001384405875441146
13263,0.000480575946199791
13270,0.007202244584104621
13276,0.0008749254565703232
13277,0.0006891732309168585
13281,0.0009194838554702839
13284,16.62926610281302
13285,0.0012172035720077086
13298,0.1437856555142236
13300,0.0006511396710443873
13302,0.0012563454600832196
13304,0.0007140209295570598
13311,4.685708566379956
13321,0.00045353134094865946
13324,0.0007308020690453578
13329,0.035626075778672855
13331,1.3748986853753657
13339,0.0007466171171208056
13344,6.9840960355557655
13350,0.0012204507912130021
13355,0.0006427782028559932
13358,0.0007298563077468221
13359,0.019548935643936168
13360,0.0010308803982121335
13361,0.013097896319030878
13362,0.0007612262882594033
13363,0.19990874506117673
13366,0.0005721632393463155
13367,0.0008192216708370245
13380,9.08276649741609
13386,17.058159562873033
13388,0.0007349380361884361
13393,0.0004815679354456301
13410,0.005560454359826847
13411,0.0014276817003860685
13423,0.0006340431584852152
13425,0.0013569993902383087
13426,0.4619510634951113
13433,13.230124028574636
13434,0.0009163914676633522
13437,0.22749332958507512
13438,0.015709700979822612
13439,0.0004285060724381341
13450,0.00998047996026767
13452,0.03562385544432168
13460,0.0005891015563572876
13461,0.00045353134094865946
13464,0.0005470440588369004
13466,0.0012354465807138091
13479,0.0008824466795222108
13487,0.00048279865128647223
13489,0.0006365658833534725
13494,0.00650766814729941
13495,0.001486007312974973
13500,0.34043606272845917
13514,0.0023055321169461493
13518,0.0007886702528034073
13519,0.008785200431092263
13522,0.0006994892196684538
13527,0.0013942426501732225
13529,0.0006555573435653466
13534,0.09781841200867249
13536,0.08249931781298718
13542,5.456142923303317
13545,0.008210063221838967
13554,0.006489043254981871
13558,0.18472110786534804
13559,14.09336414363878
13561,0.0013363703529494363
13562,0.6401905782197497
13571,0.1327987466238126
13572,0.00038077805809206964
13577,0.0007329769173998044
13583,0.0004217869929862013
13585,0.7066174844069877
13590,0.0008286116807688796
13593,0.012527113413509214
13595,17.65128188095312
13599,0.009179593657072037
13601,0.3323010894509942
13602,0.0008167772482803974
13604,0.00043148741251651117
13609,0.00043060105264513865
13629,9.73866340040833
13631,0.04264860735838788
13648,0.001310245735344138
13649,0.0004978561710637937
13650,0.0008254329098684816
13655,0.00044201258770189614
13659,0.0004377842009862274
13671,0.000332419071021206
13676,0.0013098944469260878
13679,0.018159480480251223
13686,0.0005562594270047251
13687,0.0005446621333999672
13688,17.459326826983578
13692,17.10797098603255
13694,0.000634434258681397
13697,0.0004379749034341682
13702,16.808048581705613
13703,0.0035981211571944733
13706,0.0006071564562857103
13708,0.25894380406127493
13731,1.429307908792765
13733,0.022636876651912503
13736,0.0016021904164988097
13742,0.003932598123553699
13744,0.005368231475986697
13764,0.0004556370625847569
13768,16.976799799519487
13772,0.026176538078108658
13774,12.527057676919679
13777,0.0007598247029268042
13781,0.00048461098319901803
13792,0.0005036480372296603
13794,16.632314472975676
13798,7.226910572473905
13801,0.08174226453181993
13805,0.05678265747121183
13806,0.0007690988502333203
13814,0.0009197465781840199
13815,0.00801756516315116
13827,0.0007636144714430776
13839,3.666588897829956
13843,0.0018266122975927064
13847,0.0010401558555868718
13850,0.0005268119084310397
13854,0.0010207398156081202
13855,0.00041686228358073045
13859,0.014703078245089393
13873,0.0005999020789293764
13880,0.0004585495215751823
13890,0.2328442735896489
13891,0.06955208861723479
13898,0.0005057373225820425
13899,0.004137147317168079
13905,17.405227258201485
13907,0.002175012231555783
13909,0.0009051122009776991
13915,0.0007767538602518263
13919,0.0015607706417357042
13926,0.001695251373590717
13928,0.015210646941987838
13934,0.0008155771563372936
13936,0.0009837476191339157
13937,0.0004435301737651557
13945,0.0009600554072288468
13948,9.945660871756038
13949,0.0006139764155964356
13950,0.0006662796583408237
13952,0.0006177784187223854
13955,0.007008104131035078
13962,0.0004688250433755809
13965,0.0014481781151906964
13966,0.0011762299823838732
13972,0.38324825320279576
13984,0.0006336947532340719
13985,10.601904763512803
13987,17.326579682618586
13994,0.023723135394722525
13997,0.0011700679699092802
14006,0.017855961992759087
14008,17.778234906435223
14012,0.0004815679354456301
14018,0.00044046752837488963
14019,0.0008519850879610575
14023,0.0008192075084309039
14028,0.0005528857453601383
14037,16.48849869243498
14039,0.07401113237314938
14044,0.05591416491632649
14046,0.0004643751158997651
14072,0.0004552066020689108
14076,0.0006114319326010799
14082,0.00042287899691261535
14085,0.0007220214169318029
14086,0.0004482869887601571
14088,0.047694345650310443
14092,0.000596635223198137
14094,0.0007613827048579437
14101,0.0010755893142044971
14106,1.7224278143016147
14107,16.015430171002222
14116,0.0009991118448544564
14120,17.62629535272732
14136,0.11350154884485912
14137,0.0005702455666532159
14142,17.224292330583815
14147,17.229549117461794
14148,0.0009513105736336299
14149,0.0941526248651347
14159,0.0008138347403933991
14167,0.0013554729777813764
14176,0.0009826857305309574
14181,0.0006451579880208042
14185,0.01191022856406588
14200,0.005437869778681142
14218,4.278709253152104
14221,0.0005036480372296603
14222,17.025150534009256
14225,0.0011585029610284288
14228,0.000789931351720345
14230,12.031331155594438
14236,0.0005272200280472337
14242,0.000622262567321873
14250,16.745837996742004
14256,0.0006053734029550161
14261,10.003101571026873
14262,11.810698004416775
14265,0.0196557619615706
14267,0.0005823288495969844
14272,0.0004068203962935989
14274,0.000480140224892852
14277,0.0006832625258744174
14280,17.346586014215475
14283,0.0009982753278271845
14285,0.0009274420870615224
14289,0.0010836685822735949
14293,0.11788459239068994
14296,0.0004978839350716398
14300,0.0004763002552332656
14301,0.0008373607860014568
14324,0.0014680281012616932
14326,0.015795963898681032
14328,10.106911125164329
14329,0.0013747049222511665
14332,0.1219129632168154
14333,0.08832543329856252
14348,0.0008283868658972807
14351,0.0005625941284344856
14352,0.0007048673984625606
14353,0.0027053239337585587
14358,0.00043060105264513865
14364,0.22495792835168613
14374,6.04460393479931
14381,18.008773826110048
14386,0.0007612262882594033
14391,0.0004769739034377389
14394,0.0008254329098684816
14395,0.0005785043275108896
14396,0.0005058194886398764
14405,17.638221050385958
14415,17.593716156675576
14419,1.5308041365700684
14420,13.820935677624362
14424,0.0007086603428673119
14425,0.0008254329098684816
14432,0.016656917958597244
14441,0.0006106439300039444
14445,1.0443265485157522
14446,0.0007738961473808078
14450,0.010938657018523134
14451,0.000863628217252497
14454,0.0016601923435251961
14463,0.0008070872465405669
14468,0.0008331020693943363
14472,7.494337758105457
14474,0.0006055686559466443
14475,0.0006003263840828442
14477,0.03337043659943671
14484,0.0007386931109688926
14494,0.0004427150344385775
14496,17.165557789143158
14497,0.000524940578819126
14500,0.0010872897951073916
14502,0.0012889148018214872
14504,0.0006946812122521147
14516,17.093688415617187
14523,0.25496556011935534
14529,0.0007881733088510173
14541,1.9750324298518003
14545,17.613865916391642
14547,0.0007566391083286875
14572,0.0006922235865112103
14573,0.0007612262882594033
14584,0.5149323004715928
14588,0.001040792880817474
14590,0.000913772004862771
14595,0.0006694377900640114
14598,0.0007399244773341162
14600,0.8692374178141046
14602,17.248462738869534
14611,0.0012390905591201044
14613,0.000640158864365694
14614,0.00044589639385515003
14615,0.0004261853744299628
14618,0.0005036480372296603
14623,0.000870778079894207
14629,0.0007060213026797877
14631,9.9063207129924
14642,17.59201894924075
14643,12.475634892612668
14657,0.005560454359826847
14661,17.129082786108334
14663,0.0016032218968071853
14669,0.0008254329098684816
14679,0.0029272146443977765
14682,0.0005272200280472337
14685,0.0006929365080733062
14711,0.014240406328708249
14717,0.0003958568421256862
14718,0.06272786580940996
14721,0.000652919363205954
14723,0.0007436669007561806
14727,0.0006087598739925371
14730,0.001838202958751381
14732,13.379950238563978
14738,0.02164541179151875
14744,16.610306549540503
14745,0.0012600085831311583
14751,0.061243349288113466
14765,0.0007606850073151283
14777,0.0018820104143503207
14780,0.00650766814729941
14790,0.0006327287972700761
14800,0.0007107483595114836
14809,0.0005605926690005538
14830,0.0006821323064909029
14835,0.0006395921039784177
14839,0.0007174675267851381
14840,6.546502450085006
14844,0.0014130533330050368
14845,0.00045701395059905003
14848,0.01037590575407396
14852,0.0004427150344385775
14854,0.0006023859326286736
14855,0.0005495491594346414
14856,0.0005139210029540457
14864,15.182327191722711
14867,17.38793473173326
14868,3.593243488390739
14871,16.915359738922266
14872,16.868183566321754
14879,0.0005625941284344856
14891,0.0008899627620199237
14901,0.0008319958190239474
14907,0.000708547924343685
14911,0.002128480857303601
14914,0.24667465805633743
14926,0.02139366936532614
14928,0.0049367573423785335
14930,0.0007821057411192872
14933,0.0004414895794701078
14939,0.0008962121887672488
14944,0.007069615866415141
14948,0.0007078700814295415
14949,1.1634610470650606
14955,0.0005919125397829978
14965,0.0012397830395622284
14974,0.001983698780730702
14977,10.824858287605535
14983,0.0007458020312687026
14984,0.013423136614029985
14986,0.0004216534723902177
15000,0.0006336947532340719
15014,0.0008167772482803974
15015,0.0004162659148089497
15017,16.910934382851703
15020,6.439876962097419
15024,18.743974277954855
15025,0.021715977066351772
15032,0.000480575946199791
15035,0.0007954695251968293
15037,0.0005364014416016137
15048,0.000793380504631017
15055,0.0004179245602600807
15061,0.0015403042579846477
15066,0.0006491633177588849
15094,0.0010033043969035521
15098,2.0185767334825053
15109,0.011876968446170246
15115,0.01778522186545179
15119,0.0006659669350473399
15121,0.0004640007861827397
15125,0.0005044763830924809
15129,0.0005895894321132907
15130,0.0004521237461355674
15140,0.036110844997130465
15154,0.007255816676978263
15159,0.0024438891456674246
15171,12.46932408846609
15174,0.0004087327837601811
15179,0.004405429880896659
15187,0.0005058194886398764
15194,0.016592893979156097
15201,0.02027482416541209
15205,0.0006958755288159215
15207,0.0006003263840828442
15210,7.555135477264886
15211,11.599901255590531
15226,0.01147048090683925
15233,0.0005885411922941584
15235,0.03636534551954464
15247,0.0008353893729197079
15259,0.0008439512269097163
15264,0.001645843544361365
15267,0.005622802643851945
15270,0.015326642283712773
15281,0.04436752456419876
15293,0.0006762992289526012
15297,0.0040284813148162915
15298,0.0004508486774785602
15302,0.0005331357768421829
15310,0.00040524492289170774
15311,0.0006894630313034691
15312,0.0004521237461355674
15315,17.126999697401594
15319,0.0006956723005839544
15322,0.0006331133837367709
15342,0.0009797587328773786
15345,0.0005910432760579838
15349,0.03616991998432058
15351,13.331941850197722
15356,0.2852413133294367
15362,1.1907008586730679
15363,18.816506083080647
15366,0.11698525716218666
15369,0.04151024044259946
15374,0.0003958568421256862
15380,0.000992908561077995
15383,0.0009383066155606619
15385,0.0004871745149995498
15389,0.00041545314893456936
15392,16.087597410481262
15393,0.051637754023593274
15396,0.0012379333157353945
15403,0.0014317459691549816
15412,0.0009976565296953466
15415,0.0007846564609548265
15416,0.006430995378102782
15418,0.050822431314661506
15422,5.459273903811171
15423,0.0006389583887734769
15424,0.0009880536860967374
15429,0.000538906225637714
15430,0.020207882944123866
15437,0.0006860924832485036
15450,0.10311900431769158
15458,0.0006937698735664597
15459,0.0011271634935531055
15461,0.0016761396278560919
15463,0.0009718977921055468
15464,0.01766211072739785
15467,21.397954718596537
15473,0.0006612213979946196
15480,0.00049786702084209
15485,0.0006891732309168585
15488,0.0007437763577373932
15491,0.022287242114436424
15496,0.004036100296045793
15497,0.0005118660950903863
15499,0.000652919363205954
15506,17.51112778755717
15514,2.360507207937288
15516,0.0014146066695538031
15517,0.0004970608669118636
15519,0.08026781662365715
15520,1.755195687286875
15523,0.019846974844887254
15526,0.00044196437470184983
15527,0.0009163914676633522
15536,17.4087291683472
15562,17.366227960703075
15565,0.0008591903725963948
15567,0.004376902170883337
15568,0.5093875750703623
15571,0.00042445371786670367
15573,0.000632910582772682
15577,0.00042176122824604515
15578,0.0005716329520306928
15594,0.005560454359826847
15597,0.06643916194012625
15600,0.00048771367019888854
15601,0.25280689615198726
15606,0.33046286756393684
15609,0.00048053636358026273
15613,0.0008665106941097307
15614,0.0009663388786397356
15616,0.03596015989367455
15618,0.0005947340539813791
15622,17.90230600167794
15634,0.0007527666376995407
15655,0.0007899766614708582
15658,0.041317888772548356
15663,0.001104649073344368
15674,0.0008284304226555981
15676,0.0006860924832485036
15677,0.003950200502034478
15690,9.630316822541255
15696,0.0006399877647908988
15697,0.017547958426014105
15706,0.0008256790104846789
15712,0.00046049656397047716
15718,0.000614486843541625
15720,0.0006801759744349154
15726,0.0020648907270627067
15730,0.0006784570926044275
15734,0.000480140224892852
15736,1.135925817781067
15742,11.878554130808267
15744,18.515646895313136
15745,0.001053399973998289
15749,0.0008665106941097307
15756,0.0034700240026237666
15770,0.0004483938726625199
15773,5.757572720687466
15776,0.013200295714437805
15778,0.0006004597653260843
15782,0.0008109938787626109
15784,0.04056982049180487
15790,0.028268954348082676
15792,0.00047667970685586473
15793,0.0007022324901224197
15800,1.4165980823586302
15801,0.0006103576197233069
15802,0.0019373671826001845
15804,0.0007456523862166483
15805,0.0008154000237263427
15806,0.0007331312649693244
15811,0.2076345216606696
15816,0.00045709426683277957
15829,0.0006891732309168585
15830,0.0004432142654946988
15832,0.016046861881536957
15837,0.0016012359019924945
15838,2.682981760349346
15839,0.0007977429724890673
15844,0.0005794962922689558
15846,18.598869217160242
15849,0.004043995504082467
15853,18.294651165559582
15865,0.00038923601749019625
15878,0.0004993159206381074
15890,18.33529651020856
15891,0.0012354595202597358
15895,0.0007626375409656527
15897,0.05799627036157377
15898,4.882963926916565
15899,0.0004648132718804218
15905,0.0008286116807688796
15915,0.0062868700095759416
15918,0.0005993239383130283
15925,0.0005729537109457261
15931,0.15248291983239465
15935,0.02966045763225192
15958,0.04788990295409988
15960,0.11050496450535156
15967,0.001042755588096996
15972,16.068123615001788
15975,0.001145956204874508
15989,0.0004309502657512961
16000,3.486141526501503
16006,0.0004166001305857669
16007,0.0005801204137485318
16011,0.01274270720990912
16013,0.0004272483863557479
16015,14.03855415134494
16018,0.0008443233456672508
16022,0.0014200045662347918
16023,0.0004790921594904892
16028,0.01720526115665242
16031,17.601413222912974
16041,0.0004604295554453089
16042,0.5651671060595291
16052,0.0022016626851674914
16053,12.195329677125812
16065,0.0007323762855925722
16068,17.711519563669846
16079,0.0007690988502333203
16082,0.0027984073866977486
16086,0.0030115588334415065
16107,0.0005875302291398892
16115,13.851915470294685
16119,0.0339072343137933
16123,0.0006046865584924871
16128,0.34188654114769407
16129,0.0004412064841095593
16132,0.0008460560123569136
16138,0.022184010016717007
16141,13.152539425542642
16143,0.0017166592711087274
16157,15.274616320813468
16158,0.0007466171171208056
16165,0.5049794117663501
16170,0.0007726218796382763
16175,6.7208203722307065
16176,0.0012909041648547978
16183,0.0010052081098876643
16203,0.0016747619839084002
16208,0.005947293149875357
16211,0.0005895894321132907
16221,0.0008060383354950541
16225,3.8068225111358904
16226,0.00045291316209220705
16229,0.0003904375956266817
16235,0.004017439081641282
16248,17.577972770072012
16254,0.0003789459339463149
16258,0.0008280890153791025
16262,15.827480108436399
16273,0.027906094662588116
16284,0.0006721004788164036
16305,11.119423043645934
16310,0.0006283733876892067
16320,0.01392338647373391
16326,0.0008203900873490485
16329,0.0007060633349499048
16336,0.0015002206525516503
16346,0.09554496852441023
16347,0.014703078245089393
16348,0.00041696956331438814
16354,0.0008460560123569136
16356,0.00043660679316635386
16361,0.14375389118379997
16364,0.0008582429400436494
16383,0.010887166953429964
16389,0.000604481575568245
16410,0.0010167784519794477
16419,0.0012600085831311583
16422,16.56248364520153
16424,13.079579054600032
16426,12.054142456752164
16427,0.000745019004209559
16429,0.00040395518746487143
16431,19.102748233432486
16436,0.0009627155076574835
16437,0.0007329044252498629
16441,16.928068283895776
16444,0.0023219143465033894
16445,0.0007821057411192872
16450,16.730489737619656
16451,0.07893630953032685
16452,0.0008001514977649787
16458,0.05974946557934148
16460,0.0007630157484942279
16462,16.768192218281676
16466,17.629456102746556
16467,0.0006435405370083307
16482,0.0004526182757120789
16483,1.8043793775647796
16497,17.843932479026204
16498,0.0007435546000743373
16509,0.0008614095397026473
16510,17.098504076322165
16511,0.0005982248386829988
16529,0.11015702949045743
16538,10.983508585733286
16545,0.0007758812190573061
16552,0.00044325015798371515
16565,0.0004707580689304332
16570,0.00047388397346593625
16573,0.001194605283592677
16578,0.00260709411343799
16579,0.0007695352881649912
16581,0.0006249952502463214
16585,0.0007853950346680854
16589,0.0005949712757824942
16596,0.000596635223198137
16603,0.0043922138989608605
16604,0.0004272483863557479
16613,0.000482376045037791
16615,0.0006650142695405236
16621,0.01145704523143916
16626,0.18896160140896895
16636,0.02101720856942043
16642,0.0009825259527852608
16649,0.0007699686022596267
16650,0.004034886615294138
16659,0.007859882128705933
16661,0.0020643340509951947
16668,0.00045701395059905003
16670,2.636919961091612
16672,0.0004098975902655993
16686,0.0005494367271736291
16696,0.0006521522729331416
16698,0.001073926201379072
16713,0.007746161388290723
16724,0.0018746444978714736
16737,0.018705377498217608
16745,0.0008167772482803974
16749,0.002046137907381114
16750,0.0007612262882594033
16751,0.0013023781691821157
16755,0.004283077409606326
16763,0.005005144658789795
16771,0.0006990178089082596
16774,0.0006869941349599997
16785,0.0018675531415877512
16799,17.027479515742407
16810,8.86620437981546
16814,0.02428601137769023
16818,0.000480140224892852
16823,0.027126932536184156
16824,0.0004769739034377389
16829,14.999883568002844
16837,0.000677174091324377
16839,2.893575850606535
16848,0.03550802826772171
16849,0.0015461940292770828
16854,0.022932380553814375
16855,0.3124063097630821
16860,0.0010234328625951974
16868,0.005947293149875357
16872,0.0006027544647785679
16873,0.0004526182757120789
16874,0.31271895641745373
16880,0.0005835439941142765
16882,0.8464495558083585
16889,0.0007776044887083753
16890,0.010904833872287027
16899,10.904487126346076
16906,19.17347697385906
16923,0.0007063218078553522
16927,0.0004701430622806241
16935,0.027676576561672356
16936,0.0008487087675787545
16938,0.0024349428417074067
16942,0.0005293972949171124
16948,0.0012652000386052414
16949,2.0450782962329446
16957,11.013058875929094
16960,0.0004521237461355674
16961,0.0008482835781646979
16962,0.0025707110974924354
16969,0.05865723813036514
16974,0.0004435301737651557
16975,0.00035041190491684747
16978,0.0007749086938587636
16979,0.16694758363753412
16983,0.000793879094757274
16987,0.008353331982202568
17001,0.0017792366866503956
17006,0.0003938812955072542
17010,0.0007700279284799414
17013,0.006100002501408588
17020,0.0011611440797406327
17026,17.213830850771622
17028,0.0008048314599053133
17031,0.0010534512291133368
17032,0.0007673959483908667
17033,0.0008286116807688796
17035,0.0009163914676633522
17043,0.0006990178089082596
17046,0.000669179845880986
17047,0.0003919515703318526
17058,0.0006373930512953553
17061,0.007776291731488694
17067,0.00045353134094865946
17078,0.0009163914676633522
17080,0.04244544816427161
17094,0.0010663507832751303
17096,0.0006891732309168585
17106,0.0010306951937245046
17108,17.55976385885545
17115,8.661940785455094
17117,0.007980275544671827
17125,0.09574132037393356
17127,0.0006210157613135705
17138,0.0004222761832879114
17148,0.000584117835685599
17151,1.269147630780889
17159,0.0009332818233901991
17164,0.0005603253062409873
17166,11.294901420171305
17170,0.0004579248042540212
17172,17.85851023933256
17173,0.0004788456595396775
17175,0.015107296980430751
17177,0.000903174831268834
17178,0.0007506795178172742
17182,0.0007726218796382763
17190,17.322794014989668
17194,0.0007102099406890861
17200,0.00038030080194089257
17202,0.0005632026020208908
17205,0.0009163914676633522
17207,0.0008286116807688796
17210,18.043006808231695
17211,1.3278830217761162
17213,0.0006786177365672202
17220,0.000524940578819126
17224,0.00061968292445725
17236,0.0020235115789761357
17250,0.0011138172061576222
17259,0.0005639382288696278
17262,18.492346925119307
17269,16.52408343278704
17278,0.05958841294057386
17279,0.3137874324831292
17282,0.006100002501408588
17286,0.00112562284418093
17300,0.0007080288010091691
17305,0.0006624377127442667
17306,0.0013558804420140478
17310,0.08094468678972269
17315,2.5836728600719154
17316,20.228632085490595
17319,0.0005492209942346216
17324,0.0007349466819822177
17325,16.399061083068695
17329,0.0019816467834099464
17331,7.902369341416578
17340,0.0009928648213161143
17341,18.8074731720567
17351,0.16073822264676133
17357,0.0007510426207920434
17366,0.0005036480372296603
17370,0.0004419575448019153
17373,0.0033275963054336362
17374,0.0008167772482803974
17379,0.014836895702153546
17380,0.0007374992006724191
17384,0.0008240497979897959
17385,0.2185589053327992
17387,0.0013174848847701663
17403,0.0005900482723090538
17426,0.0004830646209639036
17427,0.0005135300570173316
17429,0.04572223351599073
17430,0.0006860924832485036
17434,0.0005605926690005538
17436,0.0006037662090865965
17437,0.0006115503265156695
17448,0.48735163027687073
17449,0.0005689712387928972
17454,0.0007756501650157675
17465,0.0008304723663303088
17466,8.858520700768608
17470,0.0008498831305876262
17471,0.001267412572247469
17477,6.785225029192906
17480,0.0004565634376012574
17481,0.0008256790104846789
17482,0.001561695544791026
17487,0.005156200192178176
17492,0.05870718261423506
17494,0.00738093481093727
17495,0.007103085307260759
17504,0.002255552479413603
17508,0.0006169128836849656
17510,0.005560454359826847
17511,0.0007063477331281739
17516,0.0005922905031653452
17518,0.0006790988801740682
17519,16.792298858468335
17527,0.0005911897902390887
17529,0.0006573114004815287
17536,0.003261779615445946
17545,0.0006654663868399879
17546,0.0015089092863262966
17553,0.0006136411320378447
17556,0.0004222761832879114
17561,0.0006117689443223688
17563,0.0013773659507228372
17565,0.004913506283669189
17569,0.0007700279284799414
17576,0.08748614215389136
17577,0.01583854732166917
17582,0.0005669676806015997
17592,0.00042064061731245556
17593,0.0007821057411192872
17602,0.02019678445684166
17607,0.0007636768790568319
17616,0.0004599134021465341
17622,0.0005548724716469894
17632,0.00041156334470660835
17637,0.0007619554985281042
17648,0.0003880108237350601
17654,0.0007466171171208056
17658,0.0013856958573558989
17663,0.0007399244773341162
17665,0.0051101152190975606
17669,0.0010230349893731532
17671,0.0026781369734307867
17677,0.0010707699830954476
17679,0.04736632850072422
17680,0.002521876891326767
17683,0.0005911897902390887
17687,0.00043072767741167433
17688,13.438343307179352
17697,0.0004615648440992219
17700,12.473326686787006
17703,0.000577896060588528
17704,14.128274581729979
17709,16.872874258960127
17722,0.002172736999160376
17727,0.000688416417398941
17733,16.860480093202163
17742,0.5457016249092679
17743,17.396848993410398
17749,0.0005760168213705774
17752,0.1844647090533633
17756,0.0005272200280472337
17781,0.6858316289469363
17782,0.006267345841315703
17784,13.969202073616097
17790,0.0004456819433476389
17793,0.019139605118174585
17803,0.012158747747796239
17805,0.0006891732309168585
17806,2.8122794581241894
17820,0.0005625941284344856
17826,0.667134363706056
17832,0.4876747032803099
17834,0.0007884696422913177
17837,19.846019636819648
17838,0.000619446131587379
17851,0.0004272483863557479
17853,0.0007315285102432892
17860,0.50053373830851
17862,0.007964858218640406
17863,0.0005625941284344856
17865,0.000652919363205954
17867,0.0007118225817875661
17876,0.0007330804215244841
17879,0.41855992003963827
17881,0.0005928872768600258
17888,0.1458212604298982
17890,0.003549174261094529
17892,0.0005801087963872146
17900,0.0008543888198772238
17940,8.599846780948289
17949,0.0008594929619592798
17951,17.055829437478955
17953,0.00047767800499088893
17962,0.03334864356439453
17963,0.011170387340354932
17983,13.60907412514411
17985,0.0012464210793449572
17989,0.0015807291178001146
17994,0.029952224297940262
17998,0.0012581466330144793
18006,0.0006705765460357049
18008,0.0006538651111623504
18015,0.0005176154904380954
18029,0.0013803320414465712
18030,0.00041925353318582125
18034,0.03583921721932668
18040,0.00044586096252769374
18043,0.017487709719951817
18045,0.0004427150344385775
18049,0.0005165505268778889
18051,0.003990386322603895
18054,0.0007504803226654938
18055,0.000886987177826677
18057,0.00043435077185723846
18066,0.09959691995831246
18078,0.0004745323304242365
18083,0.0007107009596657717
18084,0.5809319426228683
18092,0.00041422313017880325
18095,0.0004528872067610373
18100,0.0005918520227657138
18102,0.0006194816747602308
18104,0.08399295439604508
18107,1.78206992006166
18112,0.0008070872465405669
18114,3.8016070761644607
18115,0.1655365991342726
18119,0.0060618148190038305
18120,0.0019799786319651775
18133,0.22088563580626053
18140,0.0006086852406648977
18144,0.006092573193536133
18149,0.0008001514977649787
18151,0.06962412047619934
18156,0.000807075261735207
18167,0.006893686340305181
18181,0.0006618229899826735
18185,0.0010806435272200008
18200,0.024376112805430828
18209,17.109272985130723
18211,0.0009685793628932664
18212,0.010891678724899146
18215,13.536472007977867
18218,0.0008960031400412245
18219,11.17725247583239
18227,0.0007077027306928749
18231,0.0006369046791852219
18243,0.3694827934030302
18246,0.4865456747548512
18247,0.00492958566089439
18259,1.1126078054636828
18260,0.0006821323064909029
18267,0.02802506704025967
18270,0.00044325015798371515
18274,0.0007359947722986469
18282,0.05601574927653711
18286,0.0008353893729197079
18289,0.0009121565261314246
18293,0.0007153740570581236
18294,0.0006990178089082596
18297,0.0018629591133393106
18302,0.0006736121255853363
18303,0.0006512274841457277
18304,0.0009641494736336754
18310,0.0006784570926044275
18315,0.0012584996192897895
18316,8.340065543085267
18318,1.2486404113522576
18322,0.002341196242513024
18324,0.0006877791505694126
18327,0.0006038859108695072
18334,0.0005265872952566037
18335,0.0005036480372296603
18349,0.0007004296540815207
18353,0.004839047714822927
18358,4.120126739238424
18360,0.001449666995497317
18365,0.0006193386010255309
18370,0.04648901280157778
18371,17.26534295727012
18373,5.433206860548582
18374,0.000923499887515242
18375,0.0016989833013569978
18376,0.006100002501408588
18388,0.0005911897902390887
18393,9.629437889497254
18395,16.963652143983584
18403,0.00038989833646271404
18405,0.0006017618997709065
18409,15.020752760042004
18417,0.000678602273483054
18419,0.0004604295554453089
18421,14.167051469515055
18429,0.0004272483863557479
18431,0.0006345197584080549
18436,0.000906002099262173
18438,0.0007612262882594033
18450,0.0011215913838617906
18464,0.0007724634414365576
18466,0.0077957391578499565
18470,0.0004987384049478981
18471,0.0008001514977649787
18476,0.008066450301283822
18478,0.0006236565186264706
18496,9.436611935865136
18500,16.708566718891905
18512,18.13772567528984
18513,0.0006212457133735419
18519,0.06516890528158592
18525,1.777844202238661
18532,0.0013975722351739143
18538,17.407604778307345
18549,0.000626702632832295
18550,0.011696530198644594
18557,0.0005768404125938451
18563,0.13423353328102336
18567,0.006692599892138215
18574,0.0005564038664683798
18575,0.01861795278525648
18576,0.0005081940093953445
18583,0.0013043735550960312
18591,0.0018189144720574938
18595,18.26949146148838
18600,0.006233749476981453
18606,7.270929378252201
18612,0.0004526182757120789
18614,0.0005517272957700874
18616,0.3079690539617913
18618,0.09204187219082487
18623,0.0003410432012076883
18626,0.0011760169898018924
18627,0.0049760626208164675
18635,0.0004377842009862274
18639,0.04701431845857717
18645,0.005002137187999576
18654,0.0006718158648050908
18655,0.006774027790757036
18656,0.0005949712757824942
18659,0.011733859594724056
18675,0.00039102600227066157
18679,0.0008708924196740086
18689,0.0008125836906017232
18697,0.00427368730574106
18708,0.0006449664212850778
18709,0.04380353363802023
18717,17.085727265883392
18719,0.0007748131938836308
18734,16.301004328867453
18735,0.0007056682310138505
18745,0.0007288988384239758
18754,0.0007626375409656527
18764,17.417395879177093
18767,16.40383987688032
18774,9.296515463763852
18777,0.7085820958182464
18781,0.000653604521104992
18787,0.012564078315831196
18794,0.0004985792187721467
18803,0.0008319958190239474
18808,0.001186811512263763
18809,0.0006919430285754881
18811,0.0006496841686280911
18817,0.0008591903725963948
18822,0.0025519157707410375
18826,7.510952944884258
18829,10.079097451382491
18830,0.0007240932515411085
18832,0.0006337929625424975
18837,0.001099784281124017
18839,0.0007545073900008356
18847,0.000886987177826677
18857,0.000511253828483779
18862,0.0006877791505694126
18871,0.0003998123637323871
18886,0.0006860924832485036
18891,0.0015440688016465556
18894,0.0006494483265687426
18902,0.0008001514977649787
18911,0.00094095093127597
18917,0.3464884784218956
18919,0.0011400543702642422
18932,0.0007059861429500691
18935,0.002156808653343592
18937,0.0010243173997692393
18940,0.0008461048246949656
18947,0.002435677971100952
18953,0.0008021538944150731
18954,0.0007924782984359419
18956,0.0008471613704142631
18971,0.0031210117398002128
18974,0.0004769739034377389
18984,2.5933011060911872
18989,0.0004565634376012574
18999,16.98195853231074
19001,0.04264860735838788
19002,15.588085791104959
19004,0.0005915159059689332
19013,0.007883447635301993
19015,0.0005625941284344856
19022,0.004721148660248338
19023,0.0013315239752077213
19036,0.9241587215443337
19045,0.0009196681628639326
19047,17.74435126054379
19053,0.024028525573426253
19056,0.0008418233266651988
19064,0.0006813048419341916
19067,0.0005171600899264382
19076,0.000513548841352885
19080,0.00048771367019888854
19084,0.0012475468805288699
19089,0.7131560221181257
19097,19.09991295891769
19102,0.0006048467005208347
19103,0.922533840847241
19104,0.001590140028753555
19105,0.0012535102300876236
19107,0.0015391453638134295
19121,0.0008167772482803974
19122,0.0006891732309168585
19124,0.0007680336795851152
19126,0.0009332818233901991
19130,19.240794817472192
19131,0.0012600085831311583
19143,0.0004936748963425095
19145,10.78323055607245
19146,0.09276605900152074
19149,0.0006837540497593742
19156,12.581898310822996
19157,0.0004252196021524945
19158,0.16330468003687548
19159,0.0011353583646676545
19162,0.009272079576131903
19166,0.0008167772482803974
19169,0.000764916900841414
19181,0.5278938581211974
19182,0.012017941818836078
19183,0.0008193242724423823
19189,0.008649248534619354
19190,0.0004222761832879114
19192,0.001098568468345614
19197,0.0007086603428673119
19202,0.0007845166711708599
19205,0.0007612262882594033
19208,13.629674328245741
19220,0.0006990178089082596
19223,0.10329522465250981
19229,0.0006404256335707877
19230,0.0008087842086124412
19240,0.0006220935774774148
19241,0.0007726218796382763
19242,0.9729371915634648
19248,0.20463188336389165
19263,17.758853244325007
19279,0.00064735471157577
19280,0.0011466036654384005
19281,0.002639753569992646
19287,0.0009046616419904937
19288,0.00043060105264513865
19307,0.00045676874178129554
19308,0.0007350237296442854
19310,17.4456626698509
19315,0.00043062881771391227
19322,0.0005895894321132907
19334,0.0008479186129703746
19346,0.2528628685991434
19347,9.059831036533597
19348,0.0019932677444290036
19350,0.016427976651238345
19359,0.06155875613588395
19367,0.0004250880343537009
19374,0.000689969210930113
19378,0.22442371643200834
19381,0.0007466171171208056
19383,0.003494548628357761
19386,0.47437011144131336
19391,0.0021995085120533006
19392,0.0010285983223891162
19393,16.516621118609805
19401,0.0006318931679391691
19403,12.828610013192854
19405,0.0005783848890484533
19406,17.97744990877763
19409,18.535228903623768
19410,0.0006434820794921687
19424,0.12557794815927592
19435,0.00044748547268172185
19442,0.0005928872768600258
19444,0.0005309974472518159
19445,16.844437024874402
19446,0.0006236564941833986
19461,0.0007332021871761336
19467,0.00043060105264513865
19469,0.0010032581504733034
19476,0.0008460560123569136
19482,0.0008001514977649787
19486,13.145272721910036
19487,0.0004435301737651557
19495,0.000765695604565433
19500,0.00039563921020088343
19503,0.0005563245359314727
19512,0.0006025636934210771
19530,0.0006106439300039444
19532,0.0004815679354456301
19539,0.0009332818233901991
19551,4.546005270831499
19554,0.1367199858536226
19556,0.0009149411642545548
19560,0.0007615311973490529
19561,1.4109634381454277
19567,0.0021955536079758197
19573,16.549827202193715
19582,0.0009341118685974273
19583,1.9016410136835247
19584,0.0004285060724381341
19588,0.03168178904094922
19600,0.0009110385804781464
19610,10.981021584212895
19612,0.0006891732309168585
19617,0.0007347482244981542
19621,0.0006322028608960462
19627,0.0008240375727503297
19632,2.2377567730741847
19637,17.08070800506769
19639,0.0004944265510114029
19649,0.0010208229139615822
19659,0.0007466171171208056
19671,0.00042176122824604515
19676,0.00042339208354859575
19681,0.001284330627508988
19703,0.007579791257517549
19706,0.06572053636645545
19707,0.2949591991771203
19708,0.0005250248879049961
19711,17.596006247351447
19715,17.757859671121512
19716,0.0015744234525680374
19723,0.0005609683356094027
19728,17.108679912349672
19732,0.0036256036799483986
19742,0.0006544429041445172
19745,0.0007224858276872408
19750,0.0004788456595396775
19752,0.0008254329098684816
19754,0.0008581307621110632
19758,5.351654287726953
19763,0.004708623466471953
19768,0.04053571903958416
19772,0.000758561546245281
19773,0.01843048655778251
19774,0.0004264116558637981
19778,11.063153706781046
19785,0.0007323762855925722
19786,0.005743903350783163
19790,0.0007039985890839137
19793,0.015709700979822612
19798,0.0004780420646563027
19804,0.0021691797713349874
19807,0.0712821065089705
19810,0.00059820132755056
19811,0.05546201591176599
19813,0.03873681358827295
19816,0.007202244584104621
19826,0.006348436160605789
19827,1.8042128956478973
19831,17.191775730075065
19834,0.000745019004209559
19848,0.0004526182757120789
19851,0.0015002206525516503
19856,1.5209237268200615
19863,0.0004526182757120789
19865,0.0005605741792630871
19873,0.0003751881471243721
19874,0.0006812186429374248
19879,0.0012720186475281617
19881,0.008433569814238097
19884,0.0005206506881434474
19891,0.062357899180018536
19892,17.5378125749342
19895,0.0011555704191967312
19902,0.0018675531415877512
19908,0.0010634812915642482
19913,0.0007679443036574891
19914,0.0004272483863557479
19915,0.0008193242724423823
19930,0.00043060105264513865
19934,0.0007612262882594033
19945,0.001047219312697651
19949,0.3833457373001375
19952,0.0005014268739761603
19973,0.007300036638063129
19981,0.0008750518842783255
19991,0.0006559382588328546
19995,0.015205234828152845
20002,0.0007847169665695915
20006,0.0004868041192163502
20014,0.0711502066880449
20015,0.0005971343517041688
20018,0.034379779154054775
20022,0.0005904803235061088
20027,0.0008254329098684816
20032,0.0006350566364959994
20045,0.0020482232393321505
20054,0.01743397794014979
20055,0.0004526182757120789
20056,16.990692337575226
20058,17.277943354538614
20068,0.12347816386148447
20069,0.0006860924832485036
20071,0.0006873342234759847
20075,0.0004179245602600807
20082,0.0007863802467125428
20083,0.15829014221626908
20084,0.0006383246663789411
20085,0.0006933158519424411
20094,0.0008021538944150731
20098,0.0006325336681015632
20104,0.00048771367019888854
20105,0.0007643134373913929
20126,4.141309464395148
20127,0.0007626375409656527
20139,6.122172895663928
20141,18.514380312803592
20151,0.0010596433749448064
20161,0.0009676449031408741
20163,10.905990813282267
20168,17.4585688774891
20172,0.0007314721613829727
20178,0.0007766742652699518
20180,0.028486478814420995
20181,0.0021727894540820797
20183,0.3505861805047537
20185,0.00166610062101105
20187,9.752438134247452
20197,0.0006194798234050179
20203,0.0005646285550491611
20213,0.0005333603982714281
20214,17.170409384050174
20217,17.71113376769546
20219,0.0007077721879743434
20225,17.949288298620395
20232,17.791070295804822
20233,0.001975211428911105
20235,0.0006619767770972138
20248,2.0918186064815325
20250,0.0007999881032685948
20251,17.295574344378725
20255,0.0006357844874444735
20262,0.0006652294526499386
20265,0.001358642299020554
20268,0.0004688250433755809
20270,0.002633676325556008
20276,0.0006162481907965179
20278,0.0005382807595973682
20279,0.0006561730230063577
20282,0.0003562916273924825
20286,0.004430474797579997
20287,6.264773451527439
20294,0.000605026305475833
20296,16.764997645039326
20301,0.003387754653537821
20302,2.082783181685955
20308,18.869015940286687
20315,0.016028678011160716
20317,0.0008577339397742023
20320,0.0006256520758928293
20322,0.0010661606949818189
20324,0.0006629362025545432
20332,0.00045709426683277957
20336,0.0005971343517041688
20337,0.0011662503950914272
20342,16.919932619235578
20347,0.0007458020312687026
20349,2.702058989648086
20351,4.190331506468966
20352,0.005912514230891975
20354,12.05080578697323
20357,0.003311994959609806
20364,0.00044325015798371515
20366,0.006803112357125699
20368,0.0007994092214370256
20372,0.010676928548259978
20375,0.000692488394467313
20386,0.0005027259066143546
20387,0.0018300504697222188
20390,5.507770167564357
20397,0.0008247450757136399
20403,0.0006851307882413046
20406,0.006393268145170527
20408,0.15029321646656824
20410,0.0006589829648248299
20425,17.039800191980266
20434,0.01205924069788395
20435,0.0022386019956280277
20441,16.56116114540061
20444,0.03467563563726014
20445,0.03245373627575454
20446,0.0004522966420439208
20456,0.0004435301737651557
20457,0.00039501817627986355
20461,15.661075087959144
20471,17.706440138581772
20481,0.0007893806336556799
20501,0.0010597117579152274
20510,17.223420854710447
20515,0.0009852931558439366
20525,16.90067687204911
20529,0.037781924593322413
20531,0.0010628315920981142
20533,0.00046087277341152935
20545,0.3580163971556307
20552,0.000467552047431853
20558,0.0005625941284344856
20560,0.003154542902425439
20567,0.0007229355058165825
20572,0.0007140209295570598
20573,0.0005928872768600258
20574,0.0006904488136673725
20578,0.0011279450198563962
20589,0.0006817341761366514
20595,0.0007399244773341162
20596,0.0021150676747815718
20598,4.31075148293011
20601,0.0007504033166954298
20602,0.00066727853755567
20605,0.0004472654490331496
20609,0.0023517394744060685
20611,0.0006001749744213416
20616,0.04151024044259946
20618,0.0007105551777530403
20631,0.041006296950377316
20634,0.0005769116722723446
20635,3.9575536146323556
20637,16.931194439644987
20642,0.07214190521654008
20643,0.0013171261469728417
20645,0.00038591168471045073
20654,12.549989992188198
20656,0.0006801759744349154
20658,8.382707792881314
20660,1.6937667407510073
20663,15.788442033611574
20666,0.0007330804215244841
20667,0.0003968263774518906
20672,0.001945583501683901
20676,0.0006259253936914046
20677,15.90660116722673
20679,0.736664809123065
20700,0.00159409025838676
20701,0.06593372169732534
20702,0.0014187864261999143
20707,0.010543736565209006
20723,0.0004599134021465341
20725,0.0006190945625594878
20730,0.0005867046620574802
20745,0.007746161388290723
20755,0.2331099275480515
20758,16.892735490825388
20760,0.0010504248446570243
20762,0.5131305909712756
20764,0.00041757297499473757
20768,0.0007059861429500691
20778,17.866933157622658
20781,0.0005801626892440732
20783,0.00044569549645341513
20806,16.713013349301498
20811,0.004071003977452197
20824,0.012407130694410592
20826,0.0009332818233901991
20832,0.00043060105264513865
20833,0.0012292385736688606
20844,0.0017222580684781996
20854,6.264773451527439
20863,0.0006884298812320183
20866,0.00074199445042355
20871,0.0004978561710637937
20872,17.339404877169386
20878,0.0009588310456842697
20885,0.0004939758717231379
20890,6.822500455028711
20903,17.8458827292232
20909,16.29080561011336
20918,18.05656649964852
20928,0.0004435301737651557
20929,17.350457795972368
20932,0.000480140224892852
20933,0.0009431217380794683
20934,0.000692101228764669
20935,0.0005680805157006745
20938,0.0019737475791558605
20941,0.0013107027785501733
20943,0.8558682553209357
20947,0.0006620454603094032
20950,0.017340299525423233
20954,0.0004217869929862013
20955,0.000793879094757274
20961,0.0012563454600832196
20962,0.0007059229813446163
20963,0.0006097047094740426
20964,0.005560454359826847
20972,0.0005271173101186654
20979,0.041426043702538884
20984,0.0007074017269589866
20986,0.00044336749942421646
20991,0.0005785043275108896
20997,0.006395529511024074
21009,0.00041903612086024165
21014,0.00045676874178129554
21016,0.0006048992544958607
21033,0.00569672842480377
21037,0.0007436669007561806
21048,0.00042851569265220927
21052,0.000926064208286305
21054,0.00914467822614938
21057,0.001002388243059739
21075,0.0018933070921461042
21076,0.0009797587328773786
21078,0.00045291316209220705
21079,0.0007719189846878983
21085,0.0008122584020777924
21089,0.0015159209486162104
21098,0.0008353893729197079
21101,0.0004773654480913933
21108,0.003622916362872229
21117,0.0008336008431818365
21118,0.12897434297878246
21121,8.446628927996791
21125,0.0004427150344385775
21133,0.0009837476191339157
21134,0.004349714925318148
21137,0.00043060105264513865
21138,0.07220142529323685
21140,0.0030776364944585994
21153,17.733765914621554
21156,0.0016794261322745324
21160,0.5715115515746573
21161,0.0010767093249860879
21172,0.09985595723729931
21174,0.0027773092366926736
21180,0.008270984598269627
21181,0.00043062881771391227
21189,0.0011523911115960258
21190,13.418314944139244
21191,0.0007690988502333203
21195,14.991528718715779
21197,0.0008684488959632872
21199,17.471242291466403
21204,9.918604173405164
21208,0.14583338507254665
21213,0.0005032936910955772
21214,0.001349259167761899
21218,0.00048141134091333
21220,0.0008155771563372936
21223,0.0008001514977649787
21225,0.013851496388225346
21231,4.784374223882038
21244,0.0009809857351355208
21252,0.000596635223198137
21253,0.0007126589788797909
21265,0.0006369046791852219
21281,0.0007266419668064828
21284,0.05753443135066266
21285,7.455805030092184
21286,0.0005312711533115449
21305,0.0007585388145456131
21306,0.0016526013760489778
21311,8.84007794534464
21318,0.024596977477437852
21319,0.02510812216269593
21321,16.155289767860374
21339,0.0004330923817765204
21341,0.0009127264116713396
21342,15.498604157961669
21346,6.69009935880589
21352,0.025115938215466416
21355,0.3785351823231521
21357,4.769139521266786
21364,0.0004526182757120789
21383,0.0006510651840616182
21399,0.3125367261727237
21401,0.0009560184997197555
21406,16.659994382450776
21411,0.000601020438546938
21424,7.884941855535322
21428,0.08274701836704307
21434,0.0004217869929862013
21436,0.00044118745649642617
21441,0.0003969850471533299
21444,0.0008626201521593168
21446,0.002101403211937852
21449,15.967363151972862
21454,17.7158380660428
21456,0.0008254329098684816
21459,12.012545960740821
21460,0.03808713186081329
21479,0.0007420428681487992
21483,0.08514788339814615
21484,0.004405429880896659
21495,17.31640504857785
21498,0.004534730103553662
21502,0.03545062577632458
21507,17.986264266442962
21508,0.0006657372695409095
21509,0.0010602828671132489
21512,17.178728735293387
21517,0.008869728036242652
21524,0.0008318343195802517
21527,0.0004132924899069931
21530,12.521078599259187
21536,0.0007612262882594033
21548,0.0012967119174616265
21554,0.009017518946044642
21563,17.122127716918584
21568,0.0007504113836679035
21571,0.0009332818233901991
21579,0.05495165653484724
21580,0.10731955001719015
21607,0.0007435546000743373
21610,0.395628894863348
21617,0.08877811149006762
21631,0.0012872382282812821
21639,0.029154102470777432
21641,0.0007564390248008411
21647,0.0007716979146674814
21650,0.5840055092944872
21657,0.003051658881238101
21670,0.20788220357240017
21677,18.068780629698075
21686,0.001028650241310103
21687,0.0015270765709780782
21688,0.0044257280833973405
21692,0.0332928420626734
21707,0.005560454359826847
21708,17.90204322280809
21710,0.0008665106941097307
21717,17.4484670319165
21718,0.28834910366708877
21721,0.022365270986148208
21723,1.2979672762853267
21725,4.751294017599612
21726,0.0008685019729571888
21730,0.0012363719046600244
21735,17.827512504330162
21736,0.0009516227773222541
21738,0.017144345540731836
21744,8.894482279683073
21751,15.422954116667878
21753,0.0006092775883751509
21760,0.08924221281786292
21769,0.0007756257857762237
21777,0.004877304826900344
21778,3.916529903921225
21786,0.001527825326974494
21789,0.0006789805245739663
21792,16.975134505950194
21800,12.079549032576562
21804,17.49109603866555
21813,0.013693367446564611
21822,0.0013485372593432
21823,0.0005911897902390887
21825,0.0007443119968817524
21828,0.0015461940292770828
21829,0.0043889023962464455
21836,0.0007907860988398248
21837,0.42379425062732123
21842,0.0007939549780694241
21850,0.0019102122807328162
21859,1.8104467824465857
21862,0.0006860924832485036
21864,0.0006860924832485036
21866,0.0008122427039868669
21867,0.0006122097520254382
21868,15.46366757611619
21875,0.0012102691510649435
21882,0.0006891732309168585
21892,0.0006650142695405236
21896,0.0006156707209005101
21899,1.1762143142940533
21911,0.0012549709756068555
21912,0.0006693891018752382
21914,0.0005911897902390887
21926,0.00040314849799292325
21934,0.000835423192714536
21947,0.1507564374295933
21948,0.0007063218078553522
21954,0.0006662322153968115
21960,0.014150908489679643
21964,0.03686981282682458
21965,17.223266422210752
21981,0.0008154000237263427
21994,0.00047416572483259404
21995,16.61451708043126
21998,0.0004377842009862274
22002,0.0009395061273856689
22005,0.003387754653537821
22008,0.0007964636459356026
22015,0.001590140028753555
22018,0.0008286116807688796
22020,0.0006860924832485036
22028,0.0015461940292770828
22029,0.0010177236869782108
22033,0.0008254329098684816
22044,1.1043281863569763
22046,0.006328403556581885
22050,0.009713066760735552
22054,5.496825303357691
22055,0.0007069277993279634
22061,0.0018436527452742751
22063,0.0004216534723902177
22065,0.0009321291999510187
22077,0.0004272483863557479
22084,0.0010830323605717665
22093,16.829269985220172
22098,0.0008749254565703232
22103,0.0010596433749448064
22106,0.00043131966342565967
22107,0.0007545073900008356
22110,17.710322601071827
22117,0.0006611505747618271
22119,18.305131907497458
22131,7.737097559569722
22136,0.000622500226469861
22138,0.5461607546370202
22145,0.0004521237461355674
22147,0.0005928872768600258
22149,0.000604556457314561
22154,0.020078354994891127
22155,0.0004200767536113849
22160,0.0006831205270900742
22163,0.00047519917006764783
22168,0.0008353893729197079
22177,0.006398982463301432
22180,1.2938616128954743
22184,0.0008001514977649787
22187,0.0005895894321132907
22189,0.0009412124917691
22192,0.002587483501799319
22196,0.0008773508920914445
22202,0.008700807026844809
22204,0.0005688141723861946
22205,0.00040773269993453514
22207,17.53638299856504
22211,0.12560764923680062
22212,18.280062913861155
22220,0.004605584449537777
22262,0.020655535716410184
22265,0.0007399244773341162
22267,0.0004153774193637294
22272,18.75711386704671
22273,0.0007196195071272018
22276,0.0006394718404011684
22283,0.0005327376030947487
22291,17.25994198036826
22298,4.289088960469199
22304,0.015684684439339076
22316,0.0014130533330050368
22323,0.00226801806696784
22324,16.824806961658
22328,0.0013066466992175414
22330,0.0008001514977649787
22334,0.0004599625264040129
22335,0.00041107397257819417
22336,0.0006180203664339848
22337,0.0005933426353760078
22366,0.0005705389740296915
22367,0.025128612821519413
22369,17.744520781045313
22380,16.64462347054189
22392,0.005002137187999576
22397,0.0008050165589403143
22399,0.0004427150344385775
22403,0.0016679882723951225
22412,0.03535957395432508
22419,0.01253148129047986
22420,0.0007823934757557264
22424,0.4815852043358767
22434,0.0005188968069073918
22439,0.21075060153395925
22449,0.049217306812135056
22452,0.0007850202981307412
22457,0.1301795574100413
22467,0.028514692180719135
22476,0.10394869311736173
22477,0.13256869562377602
22479,0.0006433669110075641
22488,0.00041696956331438814
22494,0.004591443739245024
22501,0.0005868062785763889
22505,0.0005250248879049961
22509,17.7609951459305
22514,0.036229277099598535
22520,0.0012600085831311583
22529,0.0007522310499766315
22533,17.741420485054373
22537,0.1398707570463275
22543,0.0013591493137164845
22547,0.0006860924832485036
22548,0.0033225096806582858
22558,0.0004031237569184699
22564,0.00969699595883111
22566,0.002138145928478425
22568,0.0003819517517664128
22575,12.125248294656307
22584,0.001708435964003521
22586,18.083099713163318
22587,0.0010154122284216074
22590,0.0005503074283597759
22592,0.00046045178152161745
22594,0.002810681899522785
22601,0.015405375307966183
22606,0.020784092414766052
22649,5.404116494640691
22659,0.0006612213979946196
22661,17.385476505106503
22665,0.10717345105665599
22672,0.00046291943525480166
22673,0.0008608557921762001
22676,0.9411086748389993
22686,0.00040820288670249873
22689,0.01007461185495407
22690,0.0006289938485786394
22697,17.35036186514177
22706,0.0006860924832485036
22721,0.000926064208286305
22731,0.0007399244773341162
22738,0.002811372589999915
22742,0.003810259466379828
22743,0.0007497944817689097
22745,0.0006083375845263451
22751,16.523111292582254
22755,13.173893961146595
22762,0.0007130227832922121
22763,0.0007052066696872237
22769,0.026709661262241956
22777,12.686927387173373
22786,0.0007316482160432109
22792,0.0004688250433755809
22793,0.8041070298898916
22796,0.0005756279911393696
22801,0.0006420602177528964
22804,17.157302349239295
22815,8.547637275604453
22816,0.006100002501408588
22822,0.0009012195181093927
22824,0.000793879094757274
22827,0.0072701800750519085
22829,0.0006633700831393511
22830,0.20100747941515432
22833,0.0015528197190372583
22837,0.0007466171171208056
22845,14.532015862145153
22852,0.0005625941284344856
22858,0.0005630805635809486
22860,0.011882963633466193
22861,0.001227702095288824
22866,0.12981567275168096
22868,0.000513902204059533
22873,0.0004427150344385775
22876,0.0006901674661777331
22879,0.02162507749359486
22886,15.998901749133523
22887,0.0005866595558288243
22894,12.932532743048327
22904,0.000680990284278164
22911,0.0010031242973067569
22918,0.0009714602132100486
22921,0.0006671757972600132
22923,16.640407589723523
22927,0.008646762136646067
22931,0.001044950152117534
22934,0.0007284645732733944
22935,0.0007536910271646823
22938,0.0016549624333448247
22946,0.001959849700224851
22948,0.0007703859004009689
22950,0.0008305048521569384
22952,0.0005922905031653452
22962,0.0006832625258744174
22964,0.0007287982612378012
22976,0.000659883182335945
22980,17.632567889000114
22986,0.0712821065089705
22990,0.000638430069508045
22998,0.000596635223198137
23004,0.0005625941284344856
23014,0.0006339466051378535
23015,0.02928406148968395
23022,0.0004166001305857669
23025,0.00041545314893456936
23027,0.03583921721932668
23030,0.006100002501408588
23032,1.414529491924187
23036,0.00084496889963738
23038,0.0006328783131404495
23041,0.0010043344180586976
23044,17.00644084142983
23048,0.0007328070972999898
23055,17.277984398464206
23071,18.043624457215607
23081,17.765073045505623
23083,16.86285907152689
23084,1.945045677443075
23086,0.000596635223198137
23096,0.0014948076174801672
23100,0.0006662796583408237
23101,0.00047416572483259404
23103,0.0184011396747367
23117,0.0013818502228310201
23119,0.004400570184613148
23120,0.0016021904164988097
23122,0.0003744577356452316
23124,0.00048558657454577335
23129,0.0006562266355237381
23130,3.2565219116144277
23142,2.59290798655416
23156,17.169698828086858
23158,0.1690693267381828
23160,0.0007939549780694241
23167,0.0004217869929862013
23168,0.0007456523862166483
23170,0.0006891732309168585
23171,0.000422043443470075
23178,0.0004508486774785602
23180,16.07697852389875
23183,17.182190232679737
23186,0.33285131511202287
23190,0.003350782215279231
23194,0.0006733350764794346
23200,0.0004173528115888513
23201,0.008806701532737504
23202,0.0004022733428305432
23206,8.613153424786702
23207,0.00555036425554466
23214,0.0009341118685974273
23217,0.08272065521734757
23219,0.0009163914676633522
23220,0.000524940578819126
23228,0.0008247450757136399
23231,0.0005584422466043714
23239,16.623174768876623
23241,0.000659332150983613
23243,10.985867379915948
23245,0.01265143627260136
23246,0.0006831205270900742
23258,0.05264228377578299
23284,9.186061378054019
23285,0.0006104836108851872
23287,0.613354519179784
23291,0.0008849350007738557
23296,8.362380084710734
23299,0.048660223201355136
23306,0.5670438203929703
23310,0.0006457728393747868
23317,0.0009649610722729559
23325,0.0008167772482803974
23326,0.0006100489352694867
23334,0.0006350566364959994
23335,0.002726236319726781
23348,0.5361211463872095
23352,0.0004533111452604233
23353,0.0006998500713470153
23354,0.0006664243291543859
23355,0.0010817048529102435
23361,0.0006095853351376268
23364,8.371047162775547
23374,9.817027432102776
23376,0.0010171669168952658
23382,0.0008527294890914588
23386,0.0004300065107007094
23387,0.00039499036438422116
23392,0.0006860924832485036
23393,13.04024082516133
23400,0.0007849904632211115
23404,0.0034578480204041522
23410,0.000742811972987523
23412,16.4469170236495
23413,0.013883397775387617
23416,16.80683426572781
23427,0.0006715457841169517
23436,0.0007005117412722087
23438,0.0006990178089082596
23441,0.003360993905659053
23448,0.0009332818233901991
23450,0.00042784377447527353
23456,0.0007612262882594033
23460,11.558401158738388
23466,0.0004251368734063095
23471,3.525549087173934
23482,2.270357026106784
23486,0.0008001514977649787
23494,0.0010139623812518788
23499,17.141263201753894
23504,0.0008792494805070957
23507,0.0012497161259386
23512,0.0008998406384991321
23515,0.11546367398538877
23520,0.03707580017532523
23523,0.0015868658650434544
23536,0.0004908054528846152
23541,17.868888032053107
23542,0.10282562074794069
23543,0.19230311711999964
23545,0.00043484866368418703
23548,0.011390094799445867
23555,0.0012600085831311583
23565,17.380466558846372
23567,0.0008215590452153975
23568,0.0005576429349672471
23585,0.0004261853744299628
23588,0.0007545633053174692
23590,0.0007466171171208056
23605,0.11127448904831214
23607,0.0005272200280472337
23620,0.00048822874604981785
23621,14.311872446300063
23624,0.0743986376638019
23635,0.0007333227275016209
23645,17.237923188475968
23647,0.06326212704838889
23658,0.004922152756182218
23668,0.050812500322945355
23680,0.01743397794014979
23683,0.013423136614029985
23686,0.0004783013710532787
23689,0.0005627685426479405
23691,0.0012563454600832196
23695,5.357566803389025
23697,0.0006818045019475066
23701,14.49907022790092
23702,0.001388259970247165
23704,0.0010150430729051686
23712,0.0006532127182713185
23713,12.41076549344202
23718,0.004868390316474793
23721,0.0009385938851410438
23727,0.0008193242724423823
23730,0.0005494367271736291
23743,0.8648096733894877
23752,0.0007982789804794971
23756,0.03483134320716434
23758,0.00103201356290825
23761,0.001047776021816098
23762,12.106982306109177
23765,2.0048470113958747
23781,0.0005005960715182219
23790,0.0004589615488560281
23791,0.09276386969569393
23801,0.0007318542445734056
23813,0.0457068372490305
23815,0.001108482326681519
23823,0.04952782956383102
23825,16.819221676755074
23838,0.0005642754461488221
23840,0.0012392332022791604
23843,0.0005875892028011843
23856,0.001740121753597164
23858,0.0005733550201992106
23860,0.050233780716770315
23861,0.0004435301737651557
23871,0.0005911897902390887
23877,0.0007522906995269572
23879,0.0007506277189168203
23882,0.0005651821247379829
23887,0.0007351519666568825
23897,0.0004733316826608736
23898,0.001065862195244216
23905,0.0010219079467126235
23909,0.0007187635126963536
23914,0.0006516826898863188
23919,17.42836174355438
23923,0.03756934048814866
23928,18.320571784266736
23932,0.0008001514977649787
23933,0.0004166001305857669
23936,0.0004831208423912374
23943,0.02009806845257597
23946,0.001556653415884388
23956,0.0019511140540437344
23965,0.0010092172192175909
23972,0.015795963898681032
23976,0.0004815679354456301
23978,0.00045670820760597533
23980,8.272699270628346
23983,0.0015270765709780782
23985,0.020040211744644307
23988,17.03554872443238
23992,0.0006190098717071942
23998,0.00048822874604981785
24009,0.0007412040186003412
24010,0.005014257389067265
24011,0.04021728347322444
24013,0.0008595221963496467
24020,0.0004286040473010508
24031,0.0006151526847986228
24032,0.0005450036256383494
24035,0.000480140224892852
24036,0.0004427150344385775
24043,0.0006813048419341916
24048,0.05709926771217202
24055,0.0005135300570173316
24056,0.0006860924832485036
24059,0.0007528436226644858
24060,10.966387286142455
24064,0.0010131932521531921
24065,0.0008436055613552793
24066,0.0005774624619504927
24067,0.0018544095768629604
24069,0.0007612262882594033
24082,17.13986304812093
24087,17.22199951839965
24091,0.014924478665212973
24092,0.0006891732309168585
24101,0.0006821323064909029
24109,0.0004565634376012574
24112,0.0004259088581759549
24116,0.0005572315026862463
24124,0.0021727894540820797
24140,0.0006642376454257219
24145,0.0012219525549425664
24150,0.0451349496621688
24152,0.0005116213465734054
24153,0.3415740072959119
24159,0.0007981408692348286
24162,0.05128742793907146
24165,0.01289346227798196
24168,0.0017668148682150671
24170,17.82296816352282
24171,0.0014502367215892442
24180,0.0019246179255605548
24181,0.0013280671648748083
24187,6.135976489080703
24188,0.0006694377900640114
24189,0.0010460187665913823
24190,0.0005046943406760727
24194,0.0004217869929862013
24195,0.0005918520227657138
24203,0.38513444117946216
24204,0.0007475793513036491
24206,0.0011073848734409239
24207,0.0006003263840828442
24208,1.079217659812355
24210,9.704122567895883
24212,0.06241088831775722
24213,13.02560992092279
24215,0.6790126668808708
24216,0.0004272483863557479
24218,0.001326939170771054
24227,0.0004690141102775823
24228,0.0009684619496758518
24233,0.000791619396131625
24237,0.000793879094757274
24255,0.0006198023474800151
24259,0.000796020981456234
24267,0.00437988598267981
24270,0.000770636744097693
24275,0.0008167772482803974
24278,0.0015082916321309064
24279,0.0008127591560044923
24283,0.0005893539201398372
24286,0.17877902055576705
24292,0.000513548841352885
24298,16.015410326281035
24299,0.8648381760410718
24303,0.0007612262882594033
24309,1.7692690823322674
24312,0.0007816056528618954
24317,0.000596635223198137
24321,0.005436241528045437
24325,0.0010249011344601955
24332,0.0004435301737651557
24344,3.518435879706297
24365,0.0011388408991719024
24367,0.001161962625663347
24369,0.0006048467005208347
24376,0.0009332818233901991
24377,12.886655605510475
24378,0.0008193242724423823
24380,0.0006760071780182689
24386,0.0006953983612398838
24389,0.0005355647341104376
24398,0.000511253828483779
24405,0.0010770505470482222
24406,3.0168216474208176
24411,0.4790058948017332
24416,11.385373826125248
24423,0.000894133994690415
24428,0.00041328432829001934
24434,0.0007119966886985675
24441,0.0005699480239416055
24442,0.5710293635410066
24443,0.005979801828674139
24455,0.6880517498507802
24457,0.0005835439941142765
24467,0.000681201331078065
24471,0.0007642979603435317
24474,0.001025241682255952
24480,0.01543558891937335
24483,0.0005287493149207969
24491,0.0005720131051994391
24493,0.004550146248342147
24496,0.0006431828521328211
24500,17.238543730116128
24515,0.00043060105264513865
24521,0.0025496303217544575
24534,0.0006831205270900742
24538,0.0005282892737454624
24545,0.00222726534502777
24552,0.0006709449927470117
24569,8.698467649337449
24570,0.0004688250433755809
24574,0.023220616700963287
24577,0.0008412522987817818
24582,0.0006924800573970731
24583,0.00034242905484325087
24586,0.22577810691309858
24587,0.0005171600899264382
24603,0.0003751881471243721
24608,0.000793879094757274
24612,0.0006990178089082596
24615,0.0006250974438462905
24623,14.56420455169526
24630,3.1521771381211265
24633,17.393824758803838
24635,0.0008033416198626533
24640,17.404425016573576
24649,0.0016021904164988097
24653,0.004735739453435775
24654,0.0007820985137201178
24656,0.0007690988502333203
24664,0.3192782533341464
24665,0.11295531693311525
24667,0.017382560116913887
24668,0.001164013870012468
24687,0.00040135892569732764
24693,0.0007908567529016175
24702,0.0005548724716469894
24705,0.0009555447221646094
24706,0.0012699830107975594
24708,0.00044325015798371515
24710,0.00048771367019888854
24727,0.041195302252245894
24740,3.0051846156196707
24746,0.09938626273084537
24763,0.0004300065107007094
24767,0.003606749501965706
24770,0.003017189848706157
24771,0.0005704995044757275
24775,0.0004222761832879114
24779,17.609192491340227
24784,0.0016674742587972017
24803,0.0007136964325300057
24810,0.01627727921430495
24816,0.0003719542608922559
24818,0.0015002859112352447
24822,0.0008118546959828152
24824,17.790315961610347
24825,0.0007707570863050847
24829,0.0008167772482803974
24837,0.0009025336699945875
24842,2.036886988938322
24852,0.0006673578757271959
24853,0.0006958755288159215
24860,0.0007307371838583282
24862,0.004436189124946021
24868,0.00043188110343803153
24872,0.0006626450582826527
24875,17.202025384080578
24880,0.0014460457091036323
24881,0.0006561730230063577
24890,0.0004281667884038174
24893,0.0004435301737651557
24904,0.0007466171171208056
24907,0.0005812309402028858
24915,0.006771165234989503
24918,0.0005755246681753661
24920,0.0005268119084310397
24922,0.006430995378102782
24928,0.0007403133987714118
24929,0.0006645795508537597
24931,0.04264860735838788
24948,0.001384405875441146
24949,0.0007724634414365576
24958,0.0006078844250610022
24967,0.0005573825385590337
24977,14.368472544934084
24979,0.4432035973950321
24980,0.0005785043275108896
24983,18.04474949506035
24986,0.0007067619059326801
24993,0.006839678059389789
24994,0.0005078595453708969
24997,0.0006046865584924871
25005,0.0009182797880023791
25011,0.000638430069508045
25013,0.00042374655719140924
25015,17.677956273819355
25023,4.1818761300307115
25029,0.0010655234367595182
25030,0.015525771705748115
25036,0.0009163914676633522
25038,0.0008963902257598918
25045,0.006489043254981871
25046,0.038457317193352644
25049,0.0005804072438299961
25051,0.0005818357497853032
25061,0.0007658035117630133
25065,0.0007724634414365576
25067,0.00653475538210805
25076,0.0011191172611884606
25082,0.0005971343517041688
25085,0.007008324652115865
25087,0.0035122055349461117
25089,0.0007785401993441024
25096,0.00043223406901582076
25102,0.000793380504631017
25105,16.89468513029084
25111,0.00045012112403608516
25112,3.3316293471968272
25113,0.000938659001474988
25116,4.668219388025916
25117,0.0004061603454092439
25118,0.0005135300570173316
25131,0.02297871707117386
25132,0.0006117664783125342
25134,17.671930788148792
25138,0.0004205678279434551
25139,0.0016783135606871162
25141,0.0005077000285176992
25162,0.0007186511648110213
25178,0.0007013842985748455
25180,0.0840575638270308
25183,0.0009426594660083693
25186,0.0007092845619101837
25190,19.126431500737667
25192,0.006100002501408588
25198,0.0010938846576244022
25203,0.0005235552144613191
25207,0.0008319958190239474
25213,0.0007982789804794971
25220,0.0009182797880023791
25223,0.0013339285462346422
25227,0.00043411977099668263
25233,0.003513498696954543
25242,0.00042176122824604515
25248,0.005913865673766448
25256,0.0007782365958998643
25266,0.0022371232619038516
25267,0.0006694377900640114
25269,0.0007005780972056934
25272,17.447122623158954
25273,0.0008143339142614454
25297,0.004673016789945365
25300,0.09012581777058833
25308,0.0007726519307971746
25311,0.0007543280202286711
25319,0.00041696956331438814
25321,0.13169590815053306
25322,0.0007106465743796544
25326,0.001209959225206413
25328,0.21528987989941678
25335,0.0006085396592679874
25337,0.0004087327837601811
25338,0.0015272423074034445
25348,0.02376220684219445
25352,0.006657801556779278
25354,0.019985894454525564
25363,0.0022408705794130955
25369,0.0004515063919819639
25374,0.0009274557419919973
25379,4.178542692165083
25382,0.0007506795178172742
25386,18.46336007352388
25396,0.000395176005896599
25404,1.4534793863823479
25407,17.124024803045877
25408,9.921010616409148
25409,0.0009560184997197555
25411,0.030953042074197933
25415,0.0006891732309168585
25420,0.00178268828392334
25422,0.0008697285298858729
25428,0.0019372687052303088
25429,3.5690190773426154
25436,0.07909842737558423
25439,0.0009135638766642827
25443,0.000632910582772682
25445,0.0006979919788092767
25451,0.007931117859204842
25454,0.0009332818233901991
25456,0.0004766135250533021
25485,0.000747814770831585
25489,0.0008353893729197079
25492,0.0007619554985281042
25493,4.709565637202633
25505,0.004976267511177869
25517,0.0010599505719981197
25525,0.0009331546481302357
25532,0.0006639872513571276
25552,0.0016083515242341362
25559,0.0004385497667424187
25562,0.0007700279284799414
25564,0.017760299827824292
25568,0.0011304719965382327
25570,0.003547609428990646
25571,0.12037279660902274
25573,0.0009291670861313311
25574,0.28788891332472316
25575,18.4380671175961
25577,0.28210302701062073
25588,0.31220965917750193
25591,0.0006190566594917958
25601,0.0008238596350135692
25610,0.07596423058618877
25613,0.008221857209815877
25615,0.0008193242724423823
25620,0.0010177236869782108
25621,0.0007240932515411085
25629,0.005613099918111592
25638,0.0006289311647487913
25644,0.008775209337563875
25660,0.0019227514058507533
25683,0.0008292951473742822
25695,0.008423333579094845
25698,0.00039620981701215835
25700,0.004405429880896659
25701,0.22769263831161143
25706,0.0006012055016962067
25709,0.0008001514977649787
25715,0.0006911590273841267
25716,0.0004533111452604233
25718,18.124414921577788
25721,0.00045701395059905003
25723,0.0010561052223263838
25724,0.030660763809653085
25729,13.524191420420811
25730,0.006046509110285429
25733,0.0012793354539484755
25736,0.0007944547799055874
25746,0.0007074384919563387
25752,15.779091237590027
25756,0.0009584317029850449
25757,0.009797883465522583
25759,17.383337113009272
25767,0.0007472925601409838
25768,0.0006711146006785622
25771,0.0004763002552332656
25780,0.0006860924832485036
25781,0.0007347970097916303
25783,8.683554180685643
25800,0.0006976597078299634
25801,0.0007724634414365576
25805,0.0004701430622806241
25806,0.0006821323064909029
25812,0.000680990284278164
25813,8.36962972274318
25829,0.009035554501301954
25830,0.0005102041752110844
25833,0.0015461940292770828
25845,17.505688502776618
25851,0.0006435405370083307
25853,0.0006814345684989137
25862,17.46856872465286
25866,0.0008436278902674239
25868,7.953909621742251
25876,0.0007612262882594033
25884,0.0024441827103922568
25890,0.3491518913357944
25896,0.000812413225750515
25902,8.666819178709506
25906,0.0004222761832879114
25909,0.009192460551638698
25911,0.02693345408106515
25919,0.0004435301737651557
25926,0.001907149887304719
25933,0.000962487266926206
25940,0.0009884307444288096
25941,0.0007030828443715347
25942,0.0007399244773341162
25945,19.599113275073982
25955,0.0005293972949171124
25971,0.010707748649734736
25972,16.768634095572644
25974,14.074027534964443
25976,0.0012692966764515832
25981,0.0019025298359703117
25982,0.001236183380217043
25985,0.0005729537109457261
25989,0.0007805187409672972
26003,0.0018367614548866558
26005,0.006818839531852239
26007,0.00806342809678563
26008,0.0007727667059514079
26016,0.0006892011681627984
26017,0.0007322612046898453
26018,0.0015518929194525866
26019,0.000896654065806431
26029,0.0012491969156083866
26035,0.00076153020781369
26038,0.12274096597308577
26041,0.0005646285550491611
26046,0.001150062287296682
26049,0.003204128345162456
26050,0.00101387081808074
26054,0.033443706050382264
26055,0.0051082574581272095
26057,0.00555036425554466
26060,0.0007329044252498629
26062,0.6328541140477466
26070,1.604462410221433
26072,0.0007466171171208056
26083,0.0008610796019781163
26084,0.03749260356052507
26085,0.0005921012500601585
26091,0.0007644217731647466
26095,0.0007982120100497529
26101,0.0004508486774785602
26106,0.0008324035361293586
26109,17.610300661046402
26110,0.0018459793748385155
26135,0.007113934922217499
26147,0.017760299827824292
26148,0.005877457430518445
26149,0.041039844063632994
26152,0.058040580680325624
26155,0.0008286116807688796
26160,0.0010768707887939652
26168,0.0004217869929862013
26170,17.137724295132603
26176,0.0006876666285147485
26180,0.000558341069503142
26186,0.05273954439500389
26193,0.08514788339814615
26194,0.0007700279284799414
26197,0.0005847028369612564
26198,0.0014276817003860685
26212,0.007528446400652639
26213,0.0007055119418327965
26215,0.0006093742934118345
26228,0.0008591903725963948
26232,0.01835711800326163
26234,16.73308933921539
26235,0.0034720427131422838
26237,0.0008167772482803974
26242,0.0004552066020689108
26246,0.0013056135543987458
26247,0.0004166001305857669
26248,0.0057341696346401155
26249,0.0008937121444608974
26250,17.407734257157102
26252,0.0005625941284344856
26263,0.0006061579479713942
26269,0.013478522855622982
26279,17.71159967790263
26280,0.0007163065035840055
26281,13.868532761202555
26282,1.3707216542389726
26284,17.298496375397647
26285,13.337062183870112
26297,0.000955750756421187
26298,17.284390394744566
26304,0.0005258324709138066
26311,14.119073672100743
26314,6.5176203559876615
26318,6.605561631723849
26322,0.0021426188265227337
26323,4.609578769231936
26334,0.0062766612700136115
26340,0.00040773269993453514
26362,0.0006562266355237381
26365,0.0004521237461355674
26366,0.00039563921020088343
26368,0.0007426126552485411
26372,0.0006646541006697808
26373,0.02639833570115858
26374,0.000593620817433354
26388,0.00048550690187310487
26393,0.0005268119084310397
26394,0.0007055119418327965
26395,0.0007063477331281739
26399,0.06378642983227167
26400,0.0004472654490331496
26401,0.0009150556114380313
26406,0.000786162160480976
26413,0.047843196927995005
26428,0.0044885569764941385
26437,7.21329115894809
26438,0.01441610984944687
26439,0.1388284840750637
26455,18.174147978905033
26465,4.398602205386742
26468,0.000653604521104992
26471,0.0033598720864344888
26473,0.00046489908611777053
26480,0.0007881466063649909
26485,0.0005924002674011304
26488,4.448270073891033
26489,0.0004815679354456301
26490,7.77980008383413
26493,0.000488365472212269
26497,0.0007331312649693244
26498,0.0005981326737949136
26501,0.0004763002552332656
26516,0.007495653115100207
26517,0.04273894115827761
26521,0.016737867219220184
26522,0.0007203400843113851
26524,0.00891854936625166
26529,2.628526880386361
26537,0.0007774633731760597
26538,0.01251158520173366
26554,0.03002379348018009
26556,0.0005036480372296603
26557,0.0004205879616131812
26558,0.005499722360305354
26560,0.0025388515637987
26573,0.003347184243843468
26581,0.019431466033175755
26584,0.0007532122886420156
26586,0.0006260867826089404
26593,17.130135337604838
26597,0.09648994192737509
26603,0.000638430069508045
26604,1.5645751863318753
26608,0.0005777623062575458
26613,0.006100002501408588
26619,9.006994326273121
26620,0.0008471613704142631
26628,0.0013127080793180629
26630,0.0007881466063649909
26631,14.81513519637608
26639,0.001019269171771199
26641,0.0011810296556945634
26645,0.0009544577518892641
26646,0.0005971343517041688
26650,0.0008353893729197079
26662,18.472248542883914
26663,0.4544875717144225
26671,0.03006329159841631
26674,8.030974801706765
26680,0.0009414144610741566
26681,0.2469302949459516
26682,0.0010742515203864388
26687,0.0007773169267858537
26689,0.0004618114110045038
26691,0.0006702017501969596
26692,11.516113170781875
26693,17.74220223320699
26694,0.0008199108967896395
26695,0.06937329252334283
26716,16.5569656381419
26717,0.0005901146421706902
26728,0.01240261026252569
26729,8.38228991400364
26732,18.93769995576414
26736,0.0007778941275578982
26741,1.7425494298092379
26746,0.0011029542378643113
26747,0.0006834216573640474
26750,7.2645446250460335
26754,0.0006304233308147528
26756,0.000794849652352074
26764,0.0004413460992807246
26765,0.007123261887441527
26766,0.0008111643482967329
26770,0.0005812745500015363
26773,17.44201406373835
26774,10.690210012536134
26776,6.3513982526567325
26778,8.876787926200379
26781,0.009627257390037756
26786,0.0019485917860130146
26790,0.0006395921039784177
26793,0.0037644703203706274
26797,0.0008195266371818777
26798,0.004543495585230961
26806,0.0008493106278490874
26812,0.0007435546000743373
26819,4.523317739788697
26823,0.0005524927687457948
26826,0.0008775714323615687
26828,11.714087305883687
26832,0.0006369046791852219
26833,0.000594413202410064
26840,0.0006251103059792572
26841,0.2718443759793284
26843,7.039269945051565
26844,0.0005625941284344856
26861,0.0009687425633313186
26874,0.004919152652943326
26875,0.001381924360797949
26877,0.0005250248879049961
26880,0.0005848851031461123
26884,0.0008791705790077396
26891,0.07619071568572369
26893,0.000914757548261574
26898,0.0005272200280472337
26907,0.047337560604775494
26909,0.00040300747295564084
26916,0.0006510612509687711
26917,0.0005911897902390887
26919,3.983772130134132
26921,0.0054493674933240675
26927,0.01694714586859456
26933,0.004431883113952309
26946,0.0006562266355237381
26963,0.016000135090114342
26969,0.0005961305067759892
26980,0.0018189144720574938
27004,0.00040773269993453514
27010,0.0006512802904917714
27011,0.0004435301737651557
27015,18.656144153347817
27019,0.004405429880896659
27026,0.0025018238828374553
27033,0.0012692966764515832
27037,17.404217639590478
27048,0.0004947323543040325
27058,0.0007654017291851561
27076,0.5198492231883385
27087,8.921788104915933
27089,0.0005813303266589779
27096,0.5584565575594757
27106,17.57408664616777
27114,4.245668679480693
27119,0.0007983152892010714
27125,17.168399892073232
27126,17.510972737614118
27146,0.0005339907964471539
27149,0.01218805755149128
27150,0.01655032339825363
27155,0.0004435301737651557
27156,0.0015440688016465556
27164,0.0008193242724423823
27170,0.0013566871802840527
27171,17.100998868771423
27185,0.016003779336106534
27189,0.000613779349136983
27196,0.000901893460444258
27200,0.0006860924832485036
27201,2.212281445856525
27203,0.11427246411595002
27205,5.955334996257134
27207,0.0011576404844619906
27219,0.0007208636039789669
27220,0.0010098118010726798
27225,0.00040395518746487143
27226,0.027389662631235843
27228,0.0006124713266088489
27231,0.0008238596350135692
27234,17.694888556506328
27239,0.018908256355539117
27252,0.023282743569178983
27257,0.27342404839218737
27263,0.0003712051451385129
27269,19.683295287995975
27281,0.03181904975717692
27285,0.0008559511388795139
27286,0.04728022511714961
27292,0.000632910582772682
27293,14.157853669407965
27296,0.0005863793210685636
27298,0.0009414144610741566
27303,17.4089321652832
27308,7.341206141312194
27309,0.0004271029989521333
27312,0.07228854083853749
27313,0.0008591903725963948
27333,17.486556647056794
27336,0.1994082803155656
27343,0.0027352155169021682
27350,0.00040504742583823703
27354,0.00044325015798371515
27356,17.332544678780813
27364,17.51938571571794
27365,0.044780502147425426
27368,0.001041153137341434
27373,17.531784146000604
27376,0.00042520264545994527
27377,0.0007223342503384772
27381,0.0012403634368990883
27389,0.029788819883250234
27401,0.07944352158947754
27403,0.0003532005724002941
27404,0.0007929159162507009
27407,0.021362030128897445
27425,0.0015461940292770828
27429,0.0014118372084316046
27430,10.714502825487102
27444,0.00464088927320628
27446,0.009562441224630647
27466,0.0009258276127212713
27470,0.0007598247029268042
27474,0.0024769628655239083
27481,0.0009459529014878291
27492,0.0009797587328773786
27495,13.965465179405484
27497,0.000658045144361619
27506,0.0008348545579646902
27516,0.0006270983175368542
27518,0.016588242976441427
27519,0.0006339466051378535
27524,0.0008886839579842094
27526,0.0024538487814596693
27535,0.0011175808475524134
27537,0.0009012195181093927
27541,0.001590140028753555
27546,0.0006456553144228442
27555,0.0004205879616131812
27562,0.0007690988502333203
27563,0.2528628685991434
27565,0.006100002501408588
27569,1.2250678040543819
27585,0.0004686988651840934
27588,0.0006470046967729323
27589,5.24683603287537
27599,19.235664102562524
27600,7.709316731185777
27601,0.25945576128448206
27604,0.0007323924795453271
27606,0.09085760137917007
27611,0.0005420577287703519
27614,9.742209654624467
27621,0.0004435301737651557
27629,0.0019988041185169296
27632,1.7452966228725877
27635,0.0004815679354456301
27640,0.042782884401302096
27646,0.0005580893232023106
27648,0.000452896775860751
27649,0.0021691797713349874
27651,9.445101835857765
27656,2.399747562105756
27657,0.004507084269475025
27659,0.42569761219905955
27664,0.002256541690344414
27669,0.10165645018181264
27678,0.0007638496331327053
27680,17.310800258058443
27683,0.0005553487597690179
27685,0.010563860878897746
27689,0.0005981326737949136
27693,1.3983939384775153
27695,0.009500224430802905
27711,0.005775898723372795
27714,0.0004526182757120789
27716,0.19757776917904019
27725,0.000632910582772682
27741,7.041814688614297
27742,0.002061978906088831
27749,0.0004363960496101559
27751,0.0005887041254932821
27754,0.0007528844002822724
27760,0.0006151526847986228
27763,0.0009737443415812489
27764,1.2338081393887017
27770,0.0006886947332519848
27782,0.00044325015798371515
27796,0.0009991118448544564
27805,0.0006618229899826735
27810,0.007035687077123672
27812,11.56341386508013
27813,0.000773205983342709
27815,0.0005870974984209769
27819,0.0006950451356586035
27831,0.13763340419024914
27839,0.0007643320160330437
27846,0.0033715540535160468
27849,0.0004278576942437043
27859,0.0009048096666449595
27861,0.0006860924832485036
27864,0.0004198887671419163
27870,17.572938720471893
27893,0.00619770556128676
27899,0.0005434523631341245
27909,0.000729358753375987
27921,0.0007657225107207581
27928,0.0010742515203864388
27947,10.654498163837653
27962,0.006693933598224214
27968,0.0865970372449492
27976,0.02834871149328095
27985,0.0005947340539813791
27986,0.10959964571914986
27991,0.0009691939394132368
27993,0.0008936367257715913
27994,0.00084208871627087
28006,1.2964785615609224
28009,0.000519710472956698
28018,0.000861059915273534
28025,0.0025545290279233254
28037,0.4053045513220871
28041,0.0006183690615144151
28053,1.4702524957321126
28054,0.001131102063933114
28061,0.006771165234989503
28065,0.0005833917970536578
28070,0.26633325404051195
28091,0.1541137761627016
28093,0.0004133032112312664
28094,0.0004735501284976141
28098,0.0006645795508537597
28103,0.00045709426683277957
28107,0.0010009420262316949
28112,0.0008247688008297825
28114,0.0004460104692812662
28115,0.0007323762855925722
28116,17.569412642850374
28119,0.0007140671093401912
28120,0.000702859237810411
28124,17.7450310871938
28126,0.5986459640856088
28127,0.003527676598736895
28129,0.0005649401935122415
28131,0.0005138079568833895
28137,0.000661411202943138
28147,0.007895826840855458
28150,0.000480140224892852
28160,0.0006212457133735419
28161,0.08779598174692016
28174,0.006100002501408588
28175,0.0006210717443615799
28186,0.03325636738824285
28197,9.720319462293919
28198,0.03127715868678089
28201,0.0007279804057639687
28212,0.0005662856662695401
28217,0.3665251396476878
28219,0.0008366113374373138
28223,0.006489043254981871
28233,0.0007664151082994216
28241,0.0008247450757136399
28242,0.0007734699621826101
28245,0.0047403921325424505
28252,0.0007673959483908667
28259,0.014893789765306396
28261,0.7530551062892946
28265,0.0012385389825606634
28266,8.254583256408115
28275,0.0005673104462720955
28276,0.0005625941284344856
28281,0.00059820132755056
28284,0.0008787647439312396
28287,0.01979795443964698
28288,0.0007614465963586153
28297,0.0007074384919563387
28303,0.0006773889149410204
28307,0.0007466171171208056
28311,0.5337511140720953
28312,0.000732950692984563
28316,18.25111410082979
28318,0.0006990178089082596
28335,0.0015168889003433475
28349,6.488484810573079
28352,0.0008353893729197079
28359,0.0009893773002160788
28360,0.0007306934379977351
28367,0.0007812273528519196
28369,0.0008195266371818777
28371,0.026332702934365276
28377,0.02075465420302046
28380,17.218631464013107
28381,2.4289819379556
28399,18.041361661566683
28400,0.0055605195676390285
28415,0.0010765035755955373
28417,0.0007322612046898453
28419,0.0006544808074973027
28424,17.458022134888868
28439,0.0007025156988042563
28440,0.0008632237936391828
28446,0.2649710683973594
28449,0.0008471377747905934
28452,0.04736632850072422
28477,0.0009809857351355208
28488,0.13309011740208937
28494,0.042218262644594315
28498,0.000842861648317453
28501,0.0007612262882594033
28507,0.9677109833483228
28508,16.616604906307607
28520,0.0005585639561265054
28524,0.22926593129741116
28525,0.0005276295472067301
28526,0.0008315104924717612
28530,0.28569081954832304
28531,0.0007879619674341821
28535,0.0767729113725075
28546,0.0010917229626714472
28555,0.0008001514977649787
28557,0.0006420767123502767
28565,17.043206195535674
28568,0.000915466235142081
28569,17.459854851004376
28571,0.0009306112451180074
28574,0.0004254734916124673
28576,0.0016867815211441283
28579,0.0005971343517041688
28583,0.000577833752069426
28584,0.006386598845725634
28595,0.5883299558156836
28606,0.0004250880343537009
28608,0.00045291316209220705
28611,0.0006005478179973962
28613,0.0008300260948830981
28617,0.0007552340059576604
28625,0.08875746973517315
28631,0.00044325015798371515
28632,0.00043060105264513865
28634,0.0006035376022735556
28638,9.42220115065275
28640,0.0004190295702802508
28641,0.0006434203818620448
28651,0.0003904966985873723
28660,0.0004224441026802608
28668,0.0005971343517041688
28677,0.0006662796583408237
28679,0.0004324977074816703
28684,0.0005290281718688674
28686,0.0006193386010255309
28700,0.008026370989362434
28702,0.00043397307993152693
28703,0.0007160801650879427
28707,0.0006801217886513905
28709,0.01358094946457392
28711,0.0012426561576932508
28712,0.7285041765699887
28714,0.07619071568572369
28715,0.000992298845881113
28720,0.0008601916501408012
28722,0.3786241267920494
28729,0.006100002501408588
28736,0.2917132718391283
28750,0.00044717940845763167
28766,0.0006003263840828442
28767,0.0010524831923308833
28768,0.0008192216708370245
28769,0.001284330627508988
28770,0.012693728100657794
28774,0.0012600085831311583
28785,16.89091344728469
28788,0.0009689678400700254
28789,0.0020049714182397782
28792,0.006665501915528095
28793,0.0012958571117216392
28796,0.24547820592947395
28812,11.477860521964008
28814,0.0009796494641465079
28815,0.0011498295863537483
28816,0.0005122951036232566
28826,0.0004261853744299628
28835,0.0014066352414401288
28836,0.35689564103616517
28837,7.737097559569722
28839,0.0005900690420480583
28849,0.01384441205047672
28852,0.015795963898681032
28854,0.0006165010078300595
28857,0.0006647780211092378
28864,0.021771220727438985
28865,0.004163179013391512
28869,0.0006085645915816944
28870,12.312723007224614
28872,0.0005250248879049961
28874,0.0004688250433755809
28882,0.0013503899580457478
28885,0.0010830323605717665
28889,10.324222663381553
28902,0.003384099119234473
28904,13.692768078429538
28905,0.0022288391966597686
28910,0.0018189144720574938
28914,0.0004232436469047554
28917,0.0006921613994659719
28920,0.0022752436596338685
28921,0.0010663593727977092
28922,0.0008543888198772238
28924,0.0006860924832485036
28936,0.0006860924832485036
28941,0.005131879689204602
28942,0.06442826571653948
28945,0.002732059790850774
28952,6.506462585986507
28955,7.851348013045596
28958,0.0004281667884038174
28963,0.0008001514977649787
28969,0.0010211200249947666
28971,19.4889049273193
28974,0.0004117331997508515
28978,0.0025556191455015005
28986,18.307697558729654
28993,0.0350778761704479
28999,0.0028156964681017014
29002,0.00972952000975541
29003,0.015881135876333583
29004,0.000519710472956698
29008,0.000873045788629011
29019,0.0011448168357115246
29021,0.0021387398369503334
29025,0.0006998563047939884
29030,0.03583921721932668
29037,0.0016203500491552693
29041,0.0008001514977649787
29043,17.21321943844794
29050,0.0009270185896776519
29053,0.00044974044221453665
29057,0.0009698177523930587
29061,0.0008027082408905205
29063,0.0005758038238798781
29066,0.002013700334113898
29067,0.08701792466206965
29069,0.20439200497016552
29076,0.00042075666316094743
29096,0.0007154309775193865
29098,0.002011937925190023
29102,0.000707611416716838
29107,0.0005954276142886559
29112,0.0009260626355120384
29117,0.0010941450529599593
29118,0.00043957301875933075
29128,0.0006035376022735556
29130,0.0043889023962464455
29140,0.0004427150344385775
29144,0.0004261853744299628
29147,0.0007088952537766594
29165,0.00760491426264436
29168,0.823080435513299
29172,0.3573921535639056
29174,0.0006598793182302214
29178,0.0005387416251693916
29180,0.00043060105264513865
29184,0.004868390316474793
29193,0.000886987177826677
29200,0.0006273606018586805
29202,0.0007830048021584228
29204,0.0004718906654102059
29210,0.0008306203631728047
29211,0.0013189307659433763
29212,15.079002501278623
29213,0.0015461940292770828
29216,0.000596635223198137
29218,0.0009445445336262173
29219,0.0008265031032975388
29222,0.0005528857453601383
29226,0.0008120041190488456
29235,0.0007040151591133915
29237,16.615104412470487
29238,0.0005936035195116681
29244,0.0005115617983458985
29248,0.0011657467121614783
29250,0.0008001514977649787
29253,0.0009332818233901991
29270,0.0654349893854384
29271,0.000775593584374572
29274,0.0007151203844410166
29276,0.5182635347957474
29281,0.0008119700769196074
29289,0.03625712952246686
29290,0.002604295819565239
29291,0.01964429695457563
29298,0.2659648920365973
29300,0.0006139232247503186
29307,9.542149192783572
29309,0.0007117407481699891
29314,0.06479741911058265
29323,1.5543174332128127
29326,0.0006115503265156695
29331,17.653582535749802
29335,0.0004667067102906274
29348,1.5532955883040833
29357,0.0058640993665034285
29365,0.005968303387836071
29377,0.7151604775099256
29382,14.79319174840158
29385,0.000531017158263349
29386,0.0037779825164064246
29397,0.0007952410512551978
29401,0.020311465724407424
29412,0.0009796494641465079
29419,0.20905919205343815
29428,0.000566220559199112
29429,0.006710690197270141
29444,0.04179367236584604
29445,0.0009353742801721559
29446,0.0005947340539813791
29473,0.008679754219116228
29479,0.00048691728020095235
29482,0.0010731641906142708
29493,0.0006642376454257219
29497,0.25671870772345995
29508,0.001164013870012468
29513,0.0008286116807688796
29521,0.001208976123449555
29523,0.013526739724495715
29531,0.0006082113189143839
29538,0.00043488431099206974
29543,0.004806106744784379
29544,17.801725382404655
29546,0.0004908054528846152
29550,0.007309934429166559
29552,0.0005625941284344856
29564,0.1201155740725625
29568,0.08779598174692016
29575,0.006025874502596073
29577,0.0010097642383515755
29587,0.0006005478179973962
29588,0.0006892011681627984
29595,0.00870225932054799
29596,0.0008001514977649787
29600,0.0007846564609548265
29606,16.973430344982866
29608,0.0005758169172225725
29611,0.001319087343100113
29612,0.0005000448343725509
29616,10.13269583814803
29620,0.004707032556982495
29621,0.0012800165193577683
29624,0.0017469824241687412
29629,0.0004552066020689108
29633,0.001582602337990248
29635,0.0006005478179973962
29636,0.0005823032011292138
29637,0.018159849198678593
29638,17.97262771536996
29642,1.539386405628473
29643,0.3998888203343208
29647,0.06417100550988197
29651,0.00045701395059905003
29660,0.010023999203136954
29666,0.0006817329131873454
29671,0.0012600085831311583
29688,0.007132840780234728
29689,0.00042788258825291245
29693,0.0005813884467500221
29695,16.167380886277577
29698,0.0004166001305857669
29703,2.648525303439078
29727,0.03904401990767342
29749,0.0015573563050656101
29751,18.99366455210438
29755,0.0009574297520161251
29757,0.000763817036247518
29758,0.0004106779827774595
29761,10.142426894976209
29764,6.4336441554796835
29765,17.07650723807006
29767,0.2158642333044632
29772,0.015709700979822612
29781,5.891593592403243
29782,0.0009348524216220148
29788,0.0005904803235061088
29796,0.03676755037017451
29798,9.711201784359812
29801,0.0039473296671600055
29806,0.0008918275334840419
29807,7.55398103671877
29820,17.79252738131141
29827,0.006149461842506344
29830,0.16109777829371358
29831,0.07960128954525056
29834,0.0013324373208878828
29836,0.06186746286361976
29840,0.0011238432244482645
29843,0.010749261778768641
29851,0.009305922939270794
29852,0.0006576662913395616
29855,17.298172541523446
29860,0.0398066206034387
29861,0.0005971343517041688
29864,0.005560454359826847
29866,0.0009684619496758518
29869,16.790757245543084
29875,0.0007639681772771951
29878,0.002106745804282743
29880,0.00041310639352275073
29886,0.00046536740368977383
29887,0.1318919374359234
29888,0.00040506069796387696
29914,0.0006645795508537597
29918,8.107517042991223
29919,0.7179514962591602
29929,0.00043060105264513865
29930,0.0010027607648995817
29946,0.00043060105264513865
29948,0.006069195355458864
29950,14.1671817063341
29963,0.0004944265510114029
29965,9.226033056928577
29966,0.0007407162804500941
29975,13.542586972389932
29977,2.8947226708449563
29979,0.0006301612306380759
29980,16.844194897947496
29983,0.0008353893729197079
29991,0.01096032225811348
29992,0.06434579806782786
29998,0.0005911897902390887
30003,0.004448418809781274
30005,0.0006827365659535583
30006,8.43219821047501
30013,0.0009439980461170269
30014,0.005028037338144115
30015,0.0007468278714444488
30016,0.0005460784718916023
30026,0.010398480786917772
30039,0.0009943427695792036
30041,0.2693914075307141
30048,0.0005036480372296603
30055,0.0010930902315221943
30063,0.0017932930950323514
30068,0.00045701395059905003
30070,0.000886987177826677
30071,0.0005766070609037122
30080,0.008715427193500064
30091,18.9094512710737
30095,0.0004305299044249838
30099,0.001855287673211644
30104,17.25658708542528
30106,6.185369509820896
30110,0.0056925182858138445
30125,0.0008888788233684854
30128,0.0006225455489864285
30132,0.000480140224892852
30136,0.000709739622583464
30139,17.571913837827488
30146,0.02356442338239021
30149,17.52438904432868
30152,0.000442678732229697
30155,0.0006194816747602308
30156,0.0006466741316404681
30160,0.0038439337001095154
30161,0.0005346995221421245
30165,0.27487258114932744
30173,0.0010337882546496476
30176,0.0007612262882594033
30186,0.0007821628416782109
30197,0.0011755956863709065
30200,0.0005625941284344856
30203,0.0004435301737651557
30206,1.1006362475327531
30209,0.0006747727347696244
30210,17.739450978506262
30212,0.0006456553144228442
30225,19.218958001866213
30231,0.05554236407859018
30235,0.0011337574478268752
30253,0.0006037882644987585
30258,0.0005911897902390887
30259,0.0005653474813885307
30272,0.0008787647439312396
30273,5.17618842693363
30277,0.0007399244773341162
30278,16.79916293306423
30285,0.0004735501284976141
30286,0.0006958755288159215
30288,13.531171171987285
30290,0.06562044473474056
30297,19.264693396850255
30311,0.004654653124929073
30316,0.06505643416996308
30322,0.0006516826898863188
30327,0.0016343885495269637
30328,0.8947246690170856
30329,0.0006891732309168585
30333,0.005698524217741466
30336,0.0007719784875086421
30341,10.78323055607245
30343,0.17911899632287392
30345,12.313000072505591
30354,0.00043060105264513865
30359,0.0016032218968071853
30363,0.0011100240674522528
30364,0.0008483716271509319
30367,0.0006901674661777331
30368,17.723585105977392
30372,0.000745019004209559
30373,0.0005489618368330948
30377,0.0004377842009862274
30382,0.20031865863553372
30388,0.0008234915718262316
30399,12.25689746073061
30407,0.050842709984513366
30408,0.0007074017269589866
30411,18.0829317002382
30419,0.0008193242724423823
30421,0.000779694990738566
30423,0.0011550845864105473
30429,0.0005625941284344856
30430,8.39788048496995
30432,0.0005827692759927884
30433,0.002278369719958354
30435,0.003521499855372051
30453,0.009312855692251326
30456,1.365967719582633
30469,0.0005036480372296603
30471,0.0004188458517738455
30476,19.46666515988143
30481,17.209885909293885
30493,0.0006162481907965179
30498,0.0007054198686684725
30515,0.017760299827824292
30518,0.0005272200280472337
30522,6.694522411114012
30524,0.0013566871802840527
30526,0.0005895894321132907
30536,0.0007726218796382763
30543,0.0012973715291017163
30550,0.0005698682709148112
30559,0.0005167543390541824
30561,0.0014115282008018387
30564,0.026433871446140567
30578,0.0008001514977649787
30592,0.0007220214169318029
30595,0.0006643895454622507
30597,0.0008755583181652019
30601,17.11789538600616
30605,0.00044316144576063074
30611,0.0005875302291398892
30620,0.0005404217482479894
30622,0.0010308440824489166
30624,0.000620812200684766
30633,0.0007988989570706954
30638,0.3955766886926755
30640,0.001384405875441146
30646,0.0012692966764515832
30649,0.0005250248879049961
30650,0.0004533111452604233
30653,0.0022490085802708646
30658,0.001723156863923419
30667,0.00044268558564019314
30668,9.112858633838536
30674,0.13741413037169478
30676,0.0010101883671152587
30678,19.80004311127761
30680,0.0005926426036259116
30683,0.0008244071510510205
30685,0.0005909530004983276
30690,0.0007087660555150962
30692,0.0009196681628639326
30695,0.0008464316383791807
30710,0.0007466171171208056
30717,0.0006718158648050908
30728,0.006623616281920719
30729,0.33124621291838463
30732,0.000725754294917911
30734,0.005115104615582228
30740,0.0009248433293462344
30741,0.0008531438130211198
30745,0.0004766135250533021
30746,0.0006625377455087853
30751,0.0006074792322018262
30757,0.000828042192573183
30763,0.0006260867826089404
30766,0.0009578607880295558
30770,0.0010642544380480262
30771,0.0012426561576932508
30772,0.10148455088514936
30776,0.004591443739245024
30780,0.019842186433995875
30783,0.000632709966547098
30790,0.0007775693431997797
30795,0.0006945588534244933
30799,0.0005461844047013469
30800,0.6786337636454397
30802,0.0008272957072269609
30803,0.0007086603428673119
30807,0.0005524927687457948
30813,0.0006058961759920938
30822,0.2034037224853189
30830,0.0014043040144027935
30835,0.0010784775676128838
30841,0.0009809857351355208
30845,0.00040467200938775936
30848,16.06087582649373
30851,2.277263379916239
30861,0.0005625941284344856
30863,0.0006346876792652954
30865,0.020318989934401843
30870,11.18938184464385
30875,17.66488323967888
30878,0.2218154659677089
30881,0.031475337208350676
30884,13.285951919888493
30885,0.00045543328344159993
30887,0.0006982240541920077
30890,0.0007673959483908667
30895,0.015818434151837774
30899,0.002042109807510669
30906,0.0010917229626714472
30910,0.00044886270724681543
30914,12.362749231875798
30918,0.0006814767695864735
30922,0.0008319958190239474
30926,13.912488728565384
30937,0.00045758632730615354
30938,0.0010704213130232002
30940,0.00041903612086024165
30956,0.00037754357620196666
30958,0.0004413460992807246
30965,0.019404017519299516
30974,0.0011538932620758547
30978,0.005560454359826847
30979,0.0003878925586391365
30981,0.0006339466051378535
30982,0.00044748547268172185
30990,0.0010097642383515755
30993,0.03206129469297576
30999,0.008002315353619912
31001,0.0005875892028011843
31012,0.0006578109620561429
31013,0.12746943586361661
31014,0.3537590950223217
31021,0.0004482869887601571
31024,0.000480140224892852
31031,7.539149571863203
31041,0.907597549255925
31044,0.00710489340075283
31045,0.0007925870587292456
31052,0.0008350376856398103
31055,0.0008399642942401948
31060,0.0005524927687457948
31066,0.010227235314786027
31069,0.0007007791584197436
31070,2.7921683855249397
31071,0.0007113135398068163
31072,0.0010139623812518788
31074,0.0008216296114871389
31078,0.0006064753781828598
31096,0.005262756571083787
31117,7.762587428613943
31118,17.99576339999399
31120,3.8729331218418217
31131,0.0008544011044048979
31136,0.0007022324901224197
31138,18.337009563849602
31146,0.0006612213979946196
31150,0.001131990140246057
31153,0.0004763002552332656
31155,0.00045701395059905003
31159,17.33317813998129
31163,0.23519744482240518
31170,0.00045034257551235273
31179,0.000574049594505109
31181,0.06056417085628949
31185,0.07395037096307518
31191,0.0006449664212850778
31198,0.0008399642942401948
31200,0.0008903475227720716
31204,9.860971722825024
31209,0.2502025842672942
31211,0.030446887853928843
31227,0.000596635223198137
31234,0.047530255531938514
31236,0.09619111155017102
31239,0.0017269943392101317
31240,19.532893084676935
31241,0.0006755295719374291
31253,0.0006073222005816838
31255,0.0004633867370621141
31258,1.0426866148393252
31265,0.0036945308840605684
31267,17.45059875678672
31277,0.0004149536976769284
31278,0.0011266271502984298
31299,0.0015766597966470025
31300,2.4602203954183564
31301,0.003072639661392156
31324,0.001655707335834532
31336,18.560548433655267
31342,0.003221126765271698
31343,0.01020947489662356
31344,0.0010260000358034596
31349,0.0006336947532340719
31353,17.46443775333372
31355,0.0006542709671717754
31356,0.007091246591957342
31363,0.0076811434779071345
31372,6.316919301608962
31374,0.0275619515783966
31376,0.000692101228764669
31381,0.0032392220077143443
31395,0.0007025855434779247
31397,0.014600059410104912
31401,0.0010030094035894917
31403,0.0009163914676633522
31406,13.602619106037045
31414,0.0006860924832485036
31419,0.007620247977322771
31421,18.206548215891882
31433,0.00047420012632743753
31438,17.57753248756577
31440,18.211574408537775
31443,0.000785964634777987
31448,0.003933010184120194
31461,0.0004377842009862274
31465,0.0008605785959623303
31466,0.0004261853744299628
31467,0.0007140523274954058
31473,17.508466118384707
31474,0.00052280836383909
31483,2.9149099138286694
31491,0.00047519917006764783
31499,0.0005528857453601383
31502,0.000793551729730622
31509,0.0015461940292770828
31511,0.0008477950999340878
31521,0.000996207676894601
31528,0.0006678418308212919
31529,0.00045298739118274556
31539,0.2291954193569794
31541,0.0005939252656897533
31542,0.00043484866368418703
31553,0.0007311265675124506
31562,0.0004153774193637294
31563,7.812690174159423
31569,17.572002782689097
31574,0.005947293149875357
31579,0.001019221480544333
31582,10.361378644407456
31583,0.0008460560123569136
31585,0.0005919125397829978
31589,0.0009428635292408159
31591,0.0008254329098684816
31600,0.000941926108877859
31601,17.087795020728432
31610,10.285299550286876
31611,16.20285488142374
31615,0.09315549611776106
31621,8.991214015854151
31636,0.0004385117979189007
31638,0.0006831205270900742
31640,16.24218706808505
31641,17.327744731081786
31645,0.0009446895772503048
31650,6.189802134449583
31652,0.0015940988935694267
31653,0.007874199211631254
31655,0.0009020059020821835
31661,0.0003588444144673624
31663,0.008519436600931251
31678,0.0004166001305857669
31694,0.8833256578686954
31704,0.0006194798234050179
31715,0.18211688527548014
31719,0.0011299565316223493
31724,0.001723551933721508
31726,0.0008753349314073112
31748,0.0007724634414365576
31762,0.031006571430153663
31764,0.002049650259006088
31768,0.004405429880896659
31773,0.000624629853256965
31774,0.0015866481213818056
31777,0.0007000753238368735
31795,12.76817398374519
31800,0.011430193514466159
31801,0.0008193242724423823
31802,0.023670565983859644
31809,0.0004391841798040678
31813,0.0011719011362222149
31814,0.0008395282341769396
31815,0.010884196957528515
31816,0.0005148767076449453
31818,0.00799201081607862
31823,0.0007986844093866667
31827,0.0006924800573970731
31832,0.07170103854286539
31837,0.0004508486774785602
31842,0.0008747906773521594
31846,0.001003720038097368
31847,0.0006868823334446612
31849,12.246868669028173
31852,4.730412269671615
31857,0.0009144570490698343
31861,0.018148277947650934
31872,0.0006105367769175523
31878,0.0004166001305857669
31885,0.0003621154132098408
31886,0.0008167772482803974
31887,0.0005949712757824942
31890,17.205442777769065
31893,0.06956136448678044
31907,0.0075604714212996835
31908,0.000524549152433543
31910,0.0009163914676633522
31914,0.00044133750849943785
31915,17.105948310020082
31925,16.841789526514415
31927,17.178059584732914
31934,0.041426043702538884
31943,0.0007399244773341162
31944,0.012753068603750934
31946,0.00041757297499473757
31947,0.0004261853744299628
31952,0.0004765191315676917
31958,0.3949094109655481
31959,16.94254626725966
31960,0.0004819150201680461
31967,12.778231667118542
31972,0.0022018499822501043
31979,0.044564749383854185
31983,16.454767360111155
31986,0.11601658421046812
32003,3.994663509609496
32004,0.0009163914676633522
32007,17.073373837295254
32009,0.0008353893729197079
32017,0.0005702455666532159
32023,9.794405555500498
32033,0.009899391694436158
32036,0.0007314469510690325
32037,6.542710191816353
32040,0.00043435077185723846
32041,10.186117363094324
32048,0.012868160726964142
32051,0.0010106021920016886
32054,0.006155816183830953
32058,0.0005250248879049961
32059,0.0006348004459524191
32062,16.1798646225916
32067,0.02063345205077171
32074,0.0008254329098684816
32075,15.486494166300222
32080,0.0018675531415877512
32081,0.15175096896739396
32093,0.025937402266005
32103,0.0009896961183364235
32108,1.346379202310598
32110,2.0729526061151864
32113,18.18350442055092
32120,0.04986554463287844
32127,17.556500888777112
32131,0.0008882144700011573
32138,0.001707262989062987
32141,0.0008193242724423823
32144,0.0006983772492816775
32145,0.0007295215637155893
32147,17.76416371946122
32150,0.0025871867421872223
32151,0.00041545314893456936
32153,0.013773309812908219
32160,0.0003958568421256862
32168,0.0009123118865601493
32174,0.0004377842009862274
32179,1.534468268771452
32180,0.0015804426101042573
32183,0.0004272483863557479
32184,0.0031669408337631454
32193,0.0005135300570173316
32199,0.0008471613704142631
32202,0.018016438696460694
32204,0.0006821323064909029
32209,0.0007982789804794971
32211,0.004481919546882581
32218,3.8857252717529853
32222,0.0007299749800085551
32226,0.00044947121707225666
32229,0.0007724634414365576
32237,0.0006802130392215211
32239,0.0004300239401081094
32241,0.009456704741687954
32245,9.759751042952452
32254,0.0007612262882594033
32257,0.0006797948584602152
32262,0.0005297455489395088
32269,0.21255970176515496
32270,16.925540350076947
32274,0.0005503074283597759
32276,14.857081500862193
32285,0.0007107009596657717
32288,0.0007436669007561806
32302,0.04766853522991348
32310,0.0004815679354456301
32314,0.0006472073486600374
32318,0.001254203118607634
32326,0.0006704507125048308
32330,0.914023074408728
32336,0.3436549659247963
32340,0.009863150732896578
32347,0.0005446370572155313
32352,0.012765106570556715
32355,2.2253044398050497
32359,0.0005290281718688674
32360,0.2165179040543424
32361,0.02606413228570914
32362,0.000601658487863843
32366,0.0006860924832485036
32367,0.001536631886571976
32371,0.010213698965587834
32374,0.0009280441162385035
32375,0.001308337182624716
32382,0.022632065887580672
32384,18.22659813864585
32385,5.929412534112506
32390,0.04318234527186009
32393,0.02083439063865413
32397,0.0004435301737651557
32399,0.0005036480372296603
32401,0.0006525821752687071
32404,0.001528455704212812
32408,0.0006901674661777331
32410,0.0024651014387515506
32413,0.0038805823867493565
32415,0.0005919166879848327
32416,0.0010599505719981197
32425,0.03824499381823859
32430,0.0009251285502991492
32435,0.0006901674661777331
32436,0.0004933767519769676
32443,0.0619708439663252
32447,0.00041696956331438814
32450,0.0004376192614473708
32458,0.0004526182757120789
32459,0.0012600085831311583
32466,0.008609945002990683
32467,0.13296453389856083
32468,0.0008001514977649787
32469,0.0010858912790375939
32488,0.0014534232238237028
32490,16.87509847838404
32492,9.874253519045876
32500,1.42687457864364
32505,0.0008001514977649787
32506,0.015808498646724466
32507,17.473179449190887
32512,0.0004815679354456301
32517,17.38596604576677
32519,8.543110546009341
32523,16.62199732199489
32526,17.071651651775035
32527,0.0004435301737651557
32529,0.1039378203881425
32536,0.006100002501408588
32538,0.0006181558489757607
32550,0.031582869250820635
32551,0.0005624555536985399
32553,16.88935455450888
32554,0.0004149536976769284
32556,0.0010565660201948366
32558,0.07938260522965904
32565,0.0043889023962464455
32566,0.0006780726384739886
32568,0.0013460196441152203
32569,0.0006260867826089404
32580,0.02240686043569169
32582,0.0008065049628550825
32584,0.0004435301737651557
32586,0.002091290188750864
32588,0.0008537310763178576
32590,0.0007932954788478884
32591,0.031106103313145762
32594,0.0005297455489395088
32596,0.0006674406012965723
32601,0.0005273717405895301
32605,0.00043060105264513865
32613,0.005963904340347602
32616,0.00044969492576817213
32622,2.1796236167963015
32630,0.0007200386574577815
32631,0.0005840516717862671
32639,0.005064129012009736
32641,0.10065730731387774
32644,0.0003920231354829384
32647,0.0010092595496583533
32649,0.05662577005923588
32657,0.0004600099525802068
32662,0.0006389832847228079
32664,0.0012107053497027705
32671,0.0005027490916147813
32672,16.564473256796056
32674,0.0005461140847746709
32683,0.0005250248879049961
32693,16.08060971806642
32694,0.034466380417086884
32695,0.3833457373001375
32696,6.037073171244621
32697,0.006100002501408588
32700,1.5043772469918966
32703,0.0010366793925069525
32709,0.0007730325721267285
32713,0.008037088792568026
32717,0.013423136614029985
32718,9.30639898702805
32732,0.004794880281277028
32751,0.000975586300650069
32770,0.0004688250433755809
32774,0.00047667970685586473
32775,0.015426074970166024
32776,0.0012322099858588088
32778,0.0007768367951140221
32779,16.84600804397852
32794,11.1170028018737
32806,2.077651943124172
32807,0.10688641869358531
32812,0.07151888190671907
32816,0.0007157940041875793
32822,0.0004222761832879114
32823,0.0009938801217512865
32824,0.0006986650302007286
32831,0.00047824348774157905
32834,0.0007417583031367318
32854,0.010707748649734736
32859,1.385231214263309
32864,0.0007052327712733067
32870,0.0006544808074973027
32874,0.0007724634414365576
32879,0.0006003263840828442
32881,0.0008286116807688796
32882,0.0007545073900008356
32885,11.50044652356416
32886,0.0006860924832485036
32888,0.3705263702049836
32897,0.006845352315875561
32905,0.0007403133987714118
32908,0.0008008973654083214
32911,0.009807371608024161
32918,0.0006930907728260696
32920,0.0007334985343325361
32922,0.00047314053541689185
32935,0.0009540517048996318
32941,0.00450297170708759
32945,0.0006448306401962888
32948,0.0008633575853461224
32951,0.0005653474813885307
32958,0.0014609753844848953
32961,0.0006742092532194288
32963,0.313605898403313
32964,8.040269123572582
32979,0.008451384062133213
32982,0.17982328072774584
32987,0.0010707267411770274
32988,0.0006603424990695242
33004,0.0008256648646045968
33007,0.000480575946199791
33010,1.0220324323315864
33014,0.07270644863355608
33018,0.003397171376813882
33025,0.0007657225107207581
33028,0.01549320420529846
33029,0.0006886947332519848
33040,0.0004606288680233532
33042,0.00040133526428615926
33045,0.0010866293179873827
33052,21.59171873928341
33061,0.32386964210632807
33062,0.000558867701940894
33064,0.003455993525938338
33067,2.314441706041382
33069,0.0006891732309168585
33085,0.0018343693706472208
33089,19.35766397234807
33092,0.00046324665127999467
33097,10.901136706873302
33103,6.088716869142202
33106,0.0007013842985748455
33111,0.000693212780168512
33112,0.0019816467834099464
33120,0.0007140209295570598
33121,0.000595879371865831
33131,0.16495704049281218
33133,16.23501997052575
33136,0.004446176032109795
33142,0.0008001514977649787
33144,0.000428154068303376
33149,0.011969967557536642
33152,0.0012160864456162179
33156,0.0004435301737651557
33163,0.0005268119084310397
33164,0.0016510547501981123
33169,0.0004763002552332656
33172,0.0007066789307490159
33173,0.0015402266421359729
33175,0.0006553527111496246
33176,0.0005762896434365822
33180,3.111644557458629
33188,0.34881904061473124
33189,0.0005530619114830307
33198,0.0008396343963683534
33199,11.316448003019795
33214,0.0007403133987714118
33225,0.6806583772471986
33229,0.050621537704010434
33238,0.0008842421177295135
33242,0.0006650142695405236
33249,0.00621517654317171
33251,0.0004250880343537009
33282,0.0010066546357064767
33284,0.0007518812901729039
33288,0.0008710285049358061
33298,0.0019188701903117007
33301,0.001384405875441146
33304,0.0009921961518802268
33308,0.011399575989300475
33322,0.0007243398163189449
33326,0.0005526941922138409
33332,0.0009589894720523663
33333,0.27248931900460677
33337,0.0009712333671759995
33341,0.0006585607408083696
33343,16.6782816005151
33346,0.000622293940657068
33348,0.000815631967712299
33355,0.007074723892960692
33357,0.3101129448343077
33362,0.00041757297499473757
33370,17.317977698428617
33373,0.0006780827766352449
33379,0.0007067397816946793
33382,0.0010215396207513116
33396,0.0004222761832879114
33402,0.029903891080242894
33405,0.000511253828483779
33410,0.0006250319872813726
33411,17.024405322045634
33419,0.000609038594876722
33425,8.480158128128592
33426,0.000652919363205954
33429,0.0022906326569029677
33432,0.010766194257452271
33436,0.0004261853744299628
33440,0.0004216534723902177
33444,0.0008286116807688796
33445,0.001193526049497721
33449,0.7041405916109466
33450,0.011167840089573633
33474,0.0006410336594783398
33475,0.0006971205172112549
33484,0.0007200386574577815
33490,0.03881627156924812
33492,19.032014355097424
33499,0.0005251580755889599
33509,0.0009332818233901991
33515,6.162397797432833
33534,0.004196335854619171
33535,0.020229576770141637
33540,9.098756260408944
33544,0.011954296500172181
33548,0.0008001514977649787
33552,0.08538455784289205
33556,0.0006930907728260696
33563,0.010982899304534182
33570,0.0006633700831393511
33571,0.0008254329098684816
33574,16.730917119391716
33575,0.0007272148090152755
33581,0.0008154000237263427
33585,0.0010891105044317187
33593,0.24789047329617006
33596,0.006684264161950686
33597,0.0015704777308147698
33601,13.170283202656531
33603,0.0007057352007244487
33605,0.0016418237141772305
33611,16.33272512373688
33612,0.0007666558656981868
33616,3.4397096798478364
33617,0.0008256424371635219
33619,0.0007612262882594033
33620,0.0009712450079157851
33623,17.629189708145706
33625,0.0008310835393686409
33627,0.0005168912306627698
33630,0.000480140224892852
33631,0.003535087212109425
33635,0.010058190844808686
33637,0.0007982789804794971
33639,0.0014481781151906964
33646,0.00043060105264513865
33648,1.7224278143016147
33652,0.00045709426683277957
33659,0.00809804397285813
33662,0.9714715595092459
33668,0.0013233341227419867
33673,0.050822431314661506
33675,0.0010955064966229335
33677,0.00044824788875183036
33678,0.0007739992180645094
33685,0.002090992523107155
33689,16.907877884733132
33698,18.965233699554382
33718,0.00056273774652242
33733,0.17233237571210352
33737,0.0010276933738615954
33741,1.806520274805099
33748,0.0007375789972460634
33756,0.0006210157613135705
33757,0.004405429880896659
33767,10.871013224909124
33774,0.006794093478037486
33792,0.000524940578819126
33818,0.008228097966468308
33829,0.0006256026880212475
33831,0.004421701612001617
33844,0.3885388448813668
33850,0.14946385589296568
33860,0.04048329414859146
33867,0.0006704507125048308
33870,0.0004951020103359606
33872,0.0004106779827774595
33879,0.10470928537991389
33881,0.0009341118685974273
33882,3.009961365845305
33886,0.00783002188590427
33889,1.5298339010306568
33902,0.02129724451401373
33907,0.003384409770825117
33919,0.0015270386017901662
33921,0.000585490891354177
33925,0.050812500322945355
33926,17.108197731540706
33942,0.000489873915768322
33945,0.062248749728732664
33947,0.8385236507144004
33954,0.0006504773413723406
33957,0.009440634403402108
33976,0.374856241237913
33980,0.0005155648229985094
33982,0.0007345704942907647
33986,0.000935999131378098
34003,0.0006147305813954055
34005,0.0016064163359066838
34010,17.661148346904334
34013,0.00046772132758790395
34017,17.25681015018104
34021,0.0006107640337973464
34025,0.0006887231075695499
34033,0.0018675531415877512
34034,0.0004643751158997651
34038,0.011939869676046015
34049,0.0005476789094033705
34051,0.00043660679316635386
34067,0.0006831205270900742
34068,0.0008120514046969331
34081,17.453988782666766
34087,10.349185867342907
34096,0.0008286116807688796
34099,0.18131390373409884
34108,0.0007324234907251225
34110,0.03060759757104097
34114,0.0017728296134877873
34117,0.0005194139136182532
34120,0.5670438203929703
34123,0.0007561293235120049
34124,6.782852757712838
34138,17.89825421312302
34142,0.03695698345885864
34145,0.0005325720434196401
34147,0.0006242678654617775
34151,17.31785994565667
34163,0.001245743416638865
34172,0.0004849912445603572
34185,0.0007133352158716678
34192,0.0007606528947982569
34196,0.01698238316607651
34197,0.005805352697415309
34198,0.0024836544131888547
34203,0.0008471613704142631
34209,0.0015113013434149183
34211,17.857486754070685
34213,0.0004217869929862013
34214,0.0005825987879107352
34218,10.09373158213992
34219,18.489853299489273
34223,9.854750738119884
34232,0.673763772571857
34237,0.0029006777496842075
34245,17.31382626799408
34262,3.3440919792243404
34271,0.0007466171171208056
34274,6.963112540416068
34279,0.0005200616625392087
34286,0.0006612213979946196
34291,0.0007966560225345658
34296,0.00044325015798371515
34305,0.1206921779022341
34306,0.0008190926948108343
34307,0.0007690988502333203
34311,0.3501442322664384
34314,0.0008645490785101819
34317,0.0004766135250533021
34322,0.05436490322240038
34327,0.0009705163361996991
34328,0.18764648913056145
34331,0.0007773169267858537
34332,0.0006145433030280306
34333,16.93636203713098
34334,0.0007143660673196118
34340,0.00047984118573579117
34346,0.0004993159206381074
34348,0.0016906083625598599
34356,2.01377455248833
34357,0.000692101228764669
34369,0.050131843092242626
34376,17.73540384794651
34379,0.0006813048419341916
34389,0.28039209887779626
34407,0.0006458127683937747
34411,0.0035061989570763425
34429,3.677331204942682
34438,7.869042393255805
34451,0.0013210945502661986
34452,0.00575923048201501
34453,0.0006860924832485036
34460,0.00084972316065041
34463,0.0037142355212580274
34472,10.893839312247845
34475,0.005157403902417514
34478,0.0012700902337510396
34483,0.0014879405490004188
34486,0.00044268558564019314
34487,0.0006860924832485036
34494,0.03874243432993505
34498,0.0013333498425603478
34506,0.10456633813857537
34519,0.0007059861429500691
34526,1.2885136613847457
34530,0.0023493219508387074
34531,0.0004526182757120789
34533,0.0007773169267858537
34541,0.0004730792827828706
34543,0.036234945461165284
34549,0.0007481305782270798
34555,0.13080489617542856
34559,0.0018264720900833375
34566,0.0006825126376013615
34572,0.0005874530439135595
34581,16.97981651267223
34585,0.0007229294835237371
34586,16.963622079029523
34593,0.0005541899094547903
34595,0.15314213888408384
34603,0.0033560158668537116
34615,0.000480140224892852
34629,0.14517401657029294
34631,0.03467649876465534
34643,0.0019726002101211992
34647,6.262275831734412
34659,0.0008486254823198456
34663,0.0008264267060706902
34665,0.0004435301737651557
34668,0.000681201331078065
34669,17.764086989837033
34673,0.000670445394370817
34683,0.0008575405106266592
34686,0.0006828392053965598
34690,0.004641797638642086
34701,0.0015999491216237758
34705,0.0060817034628202135
34709,0.0007458020312687026
34713,0.0009153626783444495
34716,18.27018396481344
34718,0.0006127985168094007
34727,0.004562729319385577
34728,0.0007466171171208056
34729,0.0008632237936391828
34730,0.00034258444724946874
34737,0.0008763580399099942
34739,0.0004972329422529747
34740,0.000658839008325909
34742,0.0006573078507002042
34751,5.573718291529289
34762,0.004430133784654192
34763,0.0004205303264085059
34774,0.0004815679354456301
34780,0.0013977078631377106
34785,0.0013634906878230667
34789,0.0007664151082994216
34792,0.0006198023474800151
34801,0.003998153073921281
34806,0.0022335395162299673
34812,16.96685770616312
34814,0.0007889866874237577
34816,0.0019408849381880259
34817,0.15234504252889883
34823,0.0008021893332285278
34825,6.983250233080595
34828,0.0007403133987714118
34832,0.0016867806866810789
34833,2.331526377617086
34834,0.07172641869333228
34835,0.0008591903725963948
34840,0.0008380743490139661
34844,0.0006220811736813714
34848,0.0006410336594783398
34851,7.849891072969411
34858,0.031006571430153663
34860,0.0006315955728645626
34870,0.0007718674631380705
34871,0.0008960031400412245
34876,0.005036974757339271
34880,0.0006048655989900894
34895,0.0013662665485141856
34899,0.039784530486407836
34917,0.0004065621801368817
34918,12.01795981401
34919,0.000663869697509618
34923,0.0010427772721611358
34924,0.0007584394329207869
34943,0.0007612262882594033
34947,0.000887603545288947
34953,8.879296454981818
34956,0.0006571509967669702
34957,0.03748178684980562
34964,0.0013028452692517693
34985,0.0006104912657714922
34986,0.0006860924832485036
34989,0.0005937054622987953
34996,0.0005951094172804558
35001,0.0006917125627078581
35002,0.0006793529363111429
35004,0.00044325015798371515
35007,0.008127784680844255
35011,0.001349259167761899
35014,0.004420679820849841
35015,0.0005625941284344856
35016,0.000435996932599693
35025,0.01127953117158419
35027,0.0006902244170880475
35028,0.005702375532541418
35030,0.0004763002552332656
35033,0.0005423332167231774
35040,1.3439778892596803
35051,7.425743404482816
35056,0.0006891732309168585
35058,0.0011388408991719024
35059,0.0010723445161905521
35060,0.2966614667921911
35064,0.000511253828483779
35065,0.0006540634671765133
35066,0.009790253990799429
35070,0.0004166001305857669
35074,6.109918190899453
35075,0.015514266329920978
35076,0.0014547627154676223
35078,0.015594888138229217
35080,0.0005918520227657138
35088,0.0011217045591052595
35090,7.577970803165343
35102,0.0007180838699730846
35106,0.33359517773718783
35112,0.0005971343517041688
35113,0.0036967787712760235
35118,0.000670050270910635
35119,0.001716771670393308
35120,0.002873823167184612
35124,0.0005272200280472337
35127,0.0003824261557194878
35139,0.05678265747121183
35141,0.08293888060243833
35149,0.0005272200280472337
35151,0.0005268119084310397
35152,0.010346874825461226
35153,17.10104485614409
35160,17.0070040684625
35162,0.37148495432566186
35171,0.0010110792167657228
35179,0.0012278140439532905
35180,0.005576391110927662
35184,0.014004545503703012
35190,0.0004688250433755809
35197,0.04235890299754376
35202,5.58821872819047
35205,0.0005895894321132907
35210,0.0008580684127737512
35212,0.0012456962452111785
35214,0.002367299402146433
35229,0.032619582658252946
35230,0.14620286421269374
35232,0.0006891732309168585
35236,0.029845098278484132
35254,0.00043060105264513865
35263,0.0008527970875327017
35266,0.01963235340657346
35276,0.0006998532423812486
35279,0.001043907674723647
35286,0.0004281667884038174
35287,0.07809001424681403
35288,0.0004655953520732011
35290,0.0008167772482803974
35297,0.0004200767536113849
35305,0.2328442735896489
35308,0.017252995971993222
35313,0.00044325015798371515
35326,0.0006919964701477633
35344,0.167274900213648
35359,0.0006612213979946196
35369,0.32479016700721897
35384,0.0008919310281410152
35399,17.107508353074792
35401,0.0012600085831311583
35402,0.0004242326245908891
35404,0.0006990178089082596
35409,0.300981042543501
35412,0.004239182566561648
35418,0.00045804110049191846
35434,0.0006169798149628378
35437,0.0008353893729197079
35457,0.00222726534502777
35467,0.000395176005896599
35470,1.0701870139484932
35471,16.486905035827142
35472,0.0007628028531908503
35475,0.003527676598736895
35478,0.0018266689145559026
35482,0.06280184357135193
35486,17.689034554239758
35487,0.06698750864339212
35493,0.0009303433377309777
35494,0.00043060105264513865
35497,0.005318460013616364
35503,0.00311554724780213
35516,0.0006381418918185562
35530,0.0023348189686053264
35536,0.0005625941284344856
35537,0.0006093742934118345
35538,9.200044202356235
35542,0.0004435301737651557
35543,11.814221135349966
35555,13.176000975642221
35570,18.416025767432508
35575,0.0008353893729197079
35578,0.008609192196574807
35583,11.658138501820774
35599,0.0006130343625261716
35603,0.0007578707457936725
35606,0.0021371265571112665
35609,0.005692303609478561
35610,0.0009491380178803428
35616,0.0007811293709384012
35620,0.0012628357082293546
35623,0.18455793965532316
35624,0.06256073329207809
35629,17.13219463444235
35630,0.019338000399436273
35631,0.00042337053954412727
35636,0.0007612262882594033
35637,0.0008469813345552679
35646,12.07430883037133
35648,0.033125541086189245
35654,0.0007458020312687026
35656,0.006657213019010524
35658,5.509425042005071
35664,0.0008474322492908503
35665,0.0004533111452604233
35666,0.12007899583921336
35669,0.002596479324673442
35671,0.006871707586734105
35678,0.0007259172019835966
35684,0.0004815679354456301
35685,0.0006860924832485036
35687,0.0007187784697868845
35689,0.010945011898968765
35700,0.0005027469948693202
35703,0.0003636810233895001
35707,0.01743397794014979
35716,0.000906734434958511
35718,0.06040200084281131
35720,0.0006005218753869417
35722,0.28513035326291714
35723,18.512862090713526
35733,17.516688484649414
35734,0.0008065228047126696
35750,0.0004730792827828706
35751,0.0015947734017204974
35763,0.0008001514977649787
35766,5.308047574460922
35767,9.311263231381949
35769,0.0015264979849036043
35782,0.0012940191290112472
35795,0.0006901155967515753
35799,0.0013335746433001685
35801,0.003233620722105808
35806,0.0006868823334446612
35808,0.0005581420262560247
35809,0.0006336947532340719
35813,17.205442777769065
35821,0.018700817201171817
35825,0.0008403741901586773
35828,0.07845499662598165
35835,17.70381826420285
35837,0.0008193242724423823
35840,0.6278428611610305
35842,0.001205142876637588
35845,0.000976322962518374
35864,18.196875696520813
35869,11.981151509392454
35873,0.0007025156988042563
35878,0.0008926275274465774
35884,0.0007431336245220923
35891,0.004591443739245024
35893,0.0006457855117002382
35900,0.015549621163219974
35902,0.0005413786125601195
35918,0.003387754653537821
35924,0.003030224778327103
35925,0.0008298800990652104
35933,0.003174349569508355
35940,0.006985714892303911
35944,0.0005673104462720955
35947,0.01085466361727242
35948,17.752138906038343
35954,0.0005207455287935081
35959,0.002506352399871842
35969,18.282001941093945
35970,0.00042142868068768336
35985,0.0005272200280472337
35988,4.209953879212513
35989,0.0005996758060195839
35999,20.67324233448985
36000,0.0004272483863557479
36001,0.0007212291827524851
36014,17.233106356696332
36021,0.0006261831950989903
36025,0.0006860924832485036
36029,0.7673089884867311
36035,0.000480140224892852
36045,0.0004435301737651557
36055,0.006100002501408588
36066,0.00045845542859503845
36072,0.0007005117412722087
36073,0.025784666512688802
36075,0.01016186204065021
36076,0.006212666689884768
36082,0.006494084567693369
36086,0.014119434163430065
36089,0.0006146451558784194
36092,0.0012062190190125204
36098,0.05117126792682606
36100,0.001034224843254971
36105,0.0006229708559226971
36109,0.011844831951097434
36111,17.757325273418267
36115,0.0005250248879049961
36119,0.032910456847276816
36133,0.0015727108768054294
36142,0.00041385751802716886
36146,0.000395176005896599
36151,0.0006850448081221079
36166,16.487607989326314
36170,0.0008288761512307933
36174,0.010932945505543478
36187,18.006883426619606
36194,0.0008154000237263427
36196,0.018327632709449353
36198,0.009985757000862634
36200,0.0007700279284799414
36203,0.1446605290127766
36210,0.000498526620321778
36212,0.0007969287030301414
36217,0.013733978494044896
36222,0.004405429880896659
36227,0.0007292243126598211
36229,0.661236727287025
36236,0.0005971343517041688
36239,0.010707748649734736
36243,0.000734624789613273
36250,0.0006901155967515753
36256,0.0008665106941097307
36259,0.002364572464351916
36262,0.5355912214149978
36263,0.0007982789804794971
36265,0.11223182328251058
36267,1.306281204944133
36268,0.026196862873799028
36269,0.0045505684047540546
36294,0.0004655858256148033
36296,0.0007401880384891925
36300,16.645348094064797
36308,0.0005058194886398764
36311,0.0004992863169397965
36318,0.0006198023474800151
36321,0.019388150365697694
36326,0.0016032218968071853
36328,1.423796629695533
36330,17.279689941759777
36334,0.0006788531666020841
36335,0.0016021904164988097
36337,0.002278369719958354
36342,0.0013460305567545732
36343,0.0008169199543026183
36345,0.0008591356647992805
36346,0.0005823288495969844
36352,0.0032157696454428106
36357,18.290460800168802
36360,0.0003990929890469769
36366,0.33984456519804224
36367,0.0005225696040431944
36368,0.00041226238160211844
36371,18.646870876391223
36378,0.0010586585908567202
36379,9.946662994358325
36380,0.0011156508702447438
36382,0.04408425017632814
36385,0.0006614709633686072
36389,0.0007701635869880329
36400,0.0006103854327291994
36406,0.0006529333362438067
36417,0.0006156707209005101
36418,0.0006481763692650421
36424,0.0005625941284344856
36426,0.0015404123102797378
36428,0.09611086600087845
36432,0.00041903612086024165
36434,0.0004778668357754251
36436,0.0006860924832485036
36439,0.0007982789804794971
36440,0.0006199767663466421
36442,13.794963596103418
36463,0.0005794876510967447
36468,0.00058987885210118
36487,0.0008934121811762476
36497,17.357479410100886
36500,0.0017261181228079322
36517,0.0007444454454998496
36519,17.35454613961757
36524,0.004018907609842182
36526,0.0015598842439176047
36528,11.235596350046894
36535,16.73976142991409
36536,0.40115619276420755
36539,0.2568836501674999
36542,0.06185687442531167
36543,0.0024769663229645897
36550,0.0005690743388108068
36556,0.0058978517753731224
36565,0.0009197465781840199
36567,17.69215824078497
36568,0.029922412985806657
36573,0.0006811070701713176
36578,0.03650321472138729
36581,0.0005625941284344856
36598,13.027783209441186
36607,0.27630019832813807
36610,0.0005273717405895301
36611,9.792813720200838
36624,17.631135310873898
36629,0.0014795396603382478
36630,0.0006602156722337832
36634,0.0010306172095028666
36645,0.00043489277057973797
36648,0.0012600085831311583
36650,17.314238176518145
36653,0.002451580682612169
36662,4.786950491641148
36665,7.222640725139206
36669,0.0005524927687457948
36672,0.0007007791584197436
36698,2.3036942151983935
36700,0.0008167772482803974
36704,0.0004815679354456301
36706,0.00043072767741167433
36707,7.46498757423173
36723,0.07814471271565372
36739,0.0005911000340166595
36740,0.001674000834037829
36747,0.0007399244773341162
36751,0.0006283733876892067
36754,0.00627064028025198
36756,0.000793380504631017
36768,0.0004222761832879114
36769,0.0005918520227657138
36775,0.048509875633820095
36777,11.891247356273269
36778,0.0007466171171208056
36779,0.0008409641458747364
36781,0.0005046943406760727
36784,0.002011937925190023
36787,0.0036914791377780642
36796,0.0005911897902390887
36798,12.086890540522289
36800,17.32853383943286
36801,0.0016745759834648182
36822,16.582516669744706
36826,0.000569192433315608
36827,3.4938139604641294
36828,10.732581728303826
36830,0.0010854964250168865
36832,0.0006350194904167762
36836,1.5865459804267465
36837,0.002160915919781992
36841,17.223420854710447
36844,0.0007022324901224197
36847,0.0007724634414365576
36851,0.0009176156683042405
36857,0.00040458049922304835
36869,4.525316372756292
36877,0.00044641063907201775
36878,16.770202586090942
36891,0.0008472618452889681
36894,0.0006079466341586037
36896,0.0007063218078553522
36903,13.882977487707745
36905,0.29646744749856035
36910,0.0006219278235230585
36920,0.0006612213979946196
36926,12.007394795083604
36933,0.008039332008379965
36934,0.0011668241392801262
36946,0.009670690498279623
36950,0.0007840510017708359
36951,0.0008294857217647413
36956,0.0008615095622354505
36957,0.0016485790948134126
36965,18.96867412285528
36970,6.465056103242581
36974,0.0011209940112312422
36981,0.0004261853744299628
36984,0.00048822874604981785
36985,0.0009475195780197359
36986,7.373605897971712
36987,0.00042337053954412727
36988,0.0013927468919071049
36994,0.0008529700333498779
36995,0.00781696313898261
37003,0.14918195817410623
37012,16.532488097219392
37013,0.3420872206070884
37015,0.0007399244773341162
37017,0.0005306774417865203
37032,0.013675760209954141
37035,0.0009113914192120084
37039,0.0008098777054506888
37047,16.739488171638158
37054,0.0007466171171208056
37060,0.0008057422364673737
37061,0.0007323762855925722
37062,17.30940963894586
37065,0.0006186824925524107
37066,0.0011008320486695887
37067,0.015709700979822612
37076,0.0004476706152333648
37079,2.4229928217012437
37087,0.0005118660950903863
37091,16.796435591387674
37092,13.193051706792582
37095,3.425701939662183
37097,1.97947380347656
37099,0.027014681712482797
37101,0.0008070872465405669
37105,0.03309907934694286
37112,0.016829111606087688
37115,0.0007199632303909304
37123,0.013181126334469457
37129,0.0014173991454162716
37133,0.0006793757617348812
37141,10.650549882671989
37143,16.953785976731606
37155,0.028514692180719135
37156,0.019846129881673474
37157,0.40705257856856514
37159,0.12308671245672495
37162,0.0008001514977649787
37173,0.0008011421748872561
37177,9.611931778790643
37186,0.07057824302728428
37191,10.167758498674978
37198,0.0008647435701516703
37211,0.0009055652496319332
37215,0.002000980188521362
37220,0.0006860924832485036
37230,0.00038929896410820484
37231,0.06682269290769045
37234,0.00043060105264513865
37235,2.066700932912626
37246,0.0007323762855925722
37250,18.471323289201344
37255,0.0004173528115888513
37256,7.220666399150812
37262,0.0006765437374173569
37298,0.0006550733591329449
37312,0.0008241809869234399
37319,0.0008896234530304352
37323,18.02993852017887
37324,16.9957675941272
37326,0.0413147730164921
37329,0.0007024832256857337
37340,0.0004815679354456301
37341,0.017144345540731836
37343,0.0006728360379217064
37346,3.4770484488696978
37350,16.737100997786158
37354,0.05660288786630455
37355,0.0004222761832879114
37356,0.0007323762855925722
37362,17.26896268866357
37371,0.0005156966025352052
37376,0.0004985792187721467
37381,0.0008923412946598983
37384,0.02777744126766877
37391,0.0004250880343537009
37400,17.595325980286567
37405,0.004878443374705585
37407,0.0006109630753809576
37418,0.0005424353895200787
37425,0.0007612262882594033
37428,0.05162763100244529
37434,0.0004936748963425095
37435,0.0012322196293754204
37436,0.0009118011430007385
37441,11.331245715734322
37449,0.0010118091475386263
37450,16.459903221069187
37454,0.26133960522930627
37457,0.014019881566579868
37458,0.0005864814903424286
37459,0.08257560164484753
37461,0.000835423192714536
37462,0.0010359278585493259
37466,0.0005317417757101593
37474,0.000610762542954249
37477,9.388039688137148
37481,3.5573895790871015
37483,9.535687761764901
37493,0.0005902804289918309
37496,0.0032191755396887892
37498,2.2424814465544207
37499,9.867821292729158
37503,0.0006619620451920932
37512,0.43777334651238436
37518,17.494446460371023
37525,18.02867563904672
37526,0.0008505683035554235
37532,0.0007331312649693244
37538,16.562101319928427
37543,0.0019932677444290036
37545,0.0014249055488192567
37550,3.789396862539727
37552,0.0712821065089705
37554,10.911058648887458
37559,0.0005784462911692167
37562,0.0007308020690453578
37566,0.0004279738182507969
37573,0.0017990228917066846
37578,0.00087997344368363
37588,0.0008071339975540458
37589,0.0006109932310328861
37590,0.0007688317187924258
37592,0.0006821323064909029
37594,8.362126413485571
37598,0.010999063151612549
37607,3.4837474472559875
37609,0.0004618114110045038
37617,17.069600386368837
37619,0.0004533111452604233
37620,0.001303873117357638
37623,0.08779598174692016
37633,0.0005409468069871946
37634,0.0006795981204968339
37640,0.0007626375409656527
37641,0.0007775541670164147
37644,0.001107852809488233
37652,0.0004690660479905274
37657,0.3691567374830614
37664,0.002698361282007243
37666,0.001380160506284655
37668,0.00044409907622131983
37669,0.0003562916273924825
37671,8.803756859318431
37677,0.0008243262816540926
37680,0.0007329044252498629
37684,0.0004868041192163502
37687,0.0015697538166812397
37701,17.863174925596073
37711,16.05921208744868
37713,8.101547596679916
37718,16.76526315156068
37721,0.0012499341545705574
37723,0.005422645700176492
37724,0.00047428512504081745
37725,0.0008154000237263427
37731,0.0012508729577645928
37745,0.0034447621439983125
37751,0.00868964271703909
37752,0.0004377842009862274
37759,0.00119311155577593
37765,0.0005272200280472337
37768,0.0005283285080952395
37771,4.229060139654996
37774,0.006782762229002329
37780,0.052544934237177654
37785,0.0011961036181103286
37786,0.54006291718502
37791,0.0004508486774785602
37792,0.0004435301737651557
37793,0.0005766313534623226
37795,0.0008750518842783255
37805,0.000659665336867565
37810,6.997442929671689
37813,0.0013902843200356992
37822,0.02916323413187033
37823,0.0005503074283597759
37826,0.0004528872067610373
37833,0.09086426219085822
37837,0.0006765437374173569
37838,0.05273512914592733
37844,0.06402380214289502
37845,0.0467033506263244
37846,0.040734841314311036
37854,0.0007300837886283976
37858,0.0004410370552116051
37860,3.252987588180848
37864,8.083240307735043
37866,0.0015002859112352447
37871,0.0012410399765911816
37876,0.0007571474085377808
37885,0.0007362024451337548
37890,0.0006524414821424447
37894,0.0008036868437475789
37895,0.000519844331097604
37899,0.0032399823487711983
37900,0.0007904543611328488
37901,17.899075478018446
37904,0.0004585495215751823
37912,0.0007401880384891925
37914,0.0013987288581447247
37915,4.629367075089906
37922,0.0005093165835894542
37926,0.0004217869929862013
37929,0.0006354379746988847
37940,0.7593486048218803
37944,18.61372376309412
37949,0.6981141333202666
37950,16.915075564070015
37952,0.0010770505470482222
37955,0.0008971949758238826
37957,0.005931709359642578
37960,0.3419549784944189
37963,0.0009163914676633522
37965,0.011032411627490734
37970,0.0009809857351355208
37974,0.0010067904115239885
37979,0.0013288220946081563
37990,2.094216498966784
37993,0.0004503192950238214
37995,0.03926600854866588
37998,0.044001964089983595
38004,0.018163134476738212
38005,0.0006542709671717754
38008,0.0351216539490941
38012,0.0007204963558232703
38016,0.0007093856592644288
38017,0.019737982520410778
38019,0.0017221270796058685
38020,0.1964305478755371
38027,17.113912618908007
38029,10.176987111038217
38031,0.000480140224892852
38034,0.0006650862108433167
38044,0.0005135300570173316
38046,0.04105075807070472
38052,0.015902257187626136
38055,0.0004947521643446984
38056,0.014702444692575492
38065,0.0008286116807688796
38067,16.916598161524714
38068,0.0017160625749243273
38069,0.0007287122936923947
38070,0.0005909530004983276
38081,7.025920461071806
38083,0.0009784720125573482
38090,13.331686579761719
38096,0.0005625941284344856
38100,0.0003927855075059056
38102,0.7652173231251833
38105,0.0007657225107207581
38106,0.0007187635126963536
38109,0.0012081813820004716
38111,0.0006109630753809576
38117,0.03124064192518723
38123,0.0007773169267858537
38128,0.0007055119418327965
38130,0.0004365417393500836
38134,0.0006005142692104007
38138,0.0007673959483908667
38143,0.014065082919262648
38146,0.03874243432993505
38152,0.0025496303217544575
38156,0.16330468003687548
38160,0.0009574297520161251
38162,0.0004340398814714578
38164,0.7046662517269906
38171,0.0019817694967553994
38172,0.029788819883250234
38176,16.970437955535846
38178,0.008915250052352315
38179,0.0009130432810852974
38183,0.560119662200836
38191,0.0012379333157353945
38199,0.0008278590557199008
38208,17.785209516048077
38210,0.0008042837031635068
38215,0.9431802860870515
38229,0.0004272483863557479
38231,0.0007673959483908667
38232,0.0004947782080904422
38237,0.0004300065107007094
38244,0.0008479186129703746
38252,0.09747487623056363
38257,0.0012600085831311583
38260,17.016024889531117
38262,0.0052173404628167355
38268,0.0006937698735664597
38269,0.0006003263840828442
38273,16.689416579675214
38274,0.0318589802877609
38275,6.033642922410024
38278,0.00047865789080494495
38281,0.00080706609717843
38296,0.0004528872067610373
38297,0.0007612262882594033
38303,0.08313466603292226
38308,0.006386598845725634
38317,0.000480140224892852
38325,0.061181089508877795
38336,0.013464783933978056
38340,0.07077004412548063
38355,0.0015231458290974774
38356,0.003717391289378977
38358,15.381544181647467
38363,16.72596406993874
38364,0.0009673470246647255
38367,0.0007411197572143571
38376,0.00047264967613016835
38392,0.6115149827753696
38395,0.000411079482896191
38402,0.005560454359826847
38406,17.886091115461948
38407,0.0030218588071928365
38408,4.786044342058024
38410,0.0008286116807688796
38413,0.0007750360195910644
38419,0.0005905653362247856
38420,0.016652869822844432
38423,0.0004735501284976141
38428,15.757469770368491
38430,0.05817650684209978
38432,18.456295741049416
38437,0.23365375179443423
38440,0.0004526182757120789
38449,0.0005625941284344856
38481,0.0006562266355237381
38487,0.26140285736486196
38488,3.315446486911443
38489,0.17485207027988545
38496,0.011844831951097434
38497,0.000920896356306868
38498,7.8309428460943336
38499,0.6731965370361643
38511,17.165542058387416
38521,0.0005785043275108896
38523,0.011614864543845502
38524,0.18211688527548014
38532,1.0538558519476982
38533,0.0008152245089723821
38537,0.000786162160480976
38541,0.0008240497979897959
38548,0.0005048211842969719
38549,0.0028124641460678243
38552,0.0005702455666532159
38553,0.0006680345017445925
38555,0.00489244723949305
38558,0.3853688863237045
38567,17.387939893656284
38568,0.0004260178333402382
38574,17.476732911641527
38576,0.021642874655058198
38578,17.08365728046933
38584,0.0007379935085872105
38585,17.32401678700321
38588,0.0008079776343921819
38592,0.0009643466195520787
38594,17.82652378189811
38603,0.0007015001024688856
38604,0.0005022538269174326
38608,0.002041560344479035
38615,2.971376075424224
38624,17.286751792966843
38627,0.013478522855622982
38629,17.36915146411451
38633,17.274460511842133
38645,0.0004217869929862013
38651,0.0004435301737651557
38656,0.0008392702460870876
38659,0.0006399877647908988
38668,0.020351832796874116
38669,0.015514092533044633
38676,0.0009607914353297867
38677,0.0009708840071201774
38684,0.0007390694181302334
38687,0.010878705667008584
38694,0.6948297267391794
38705,0.0008479883687680084
38722,0.0004173528115888513
38729,0.0004566912477434238
38731,0.001686385297624586
38732,17.71400870015907
38735,17.81166460981276
38737,2.928888114574586
38740,0.01674515335828338
38744,0.0530477576671743
38745,0.0008167772482803974
38756,0.0007836258087805225
38757,0.0007612262882594033
38761,0.0004973280719394127
38768,0.019266334298402823
38772,0.0005184744257162417
38775,0.0007585852389953423
38778,0.0008804202081216618
38781,0.0005413786125601195
38793,0.0005058194886398764
38800,0.0012072452491498976
38802,0.0008001514977649787
38804,1.8362604707979202
38808,0.001773649798896952
38820,0.0005669676806015997
38821,0.0012600085831311583
38822,10.555956337099387
38826,0.0009163914676633522
38827,0.0006397660898351791
38837,16.687813214522
38839,0.0006236565186264706
38851,0.001357588129065666
38860,0.004019735067882654
38862,17.55048703385699
38863,0.011324568669934624
38864,0.0004261853744299628
38870,0.40697582817477285
38874,0.0009956876761308638
38876,6.994494053125775
38884,0.0004068203962935989
38888,0.0007829362391091497
38890,0.0007298563077468221
38894,0.0005281903720464223
38906,0.407195410757409
38915,0.0016203500491552693
38924,0.7037872673573489
38925,0.0008286116807688796
38936,0.0022150152868955788
38940,2.003371455095576
38949,16.432449546076636
38950,0.000610187910313748
38952,0.0004648156350213151
38953,0.002151153555371497
38957,0.0037026187008261484
38961,17.253089613717137
38969,0.0014370325614613973
38971,18.42015827376221
38973,0.0010729549147895138
38974,2.114490420709909
38980,17.10539156644611
38994,0.0004217869929862013
39001,0.3184135644899303
39004,0.002537563104181349
39012,2.145994359031806
39018,0.0019246179255605548
39019,0.0006235555131701987
39021,0.009101234982211558
39027,0.0004765830545645831
39036,19.13941431424739
39038,0.0004688250433755809
39063,18.27900140493483
39064,0.004876000537079398
39065,0.0008001514977649787
39067,0.0010599505719981197
39069,0.00201296417462943
39072,0.0004730792827828706
39073,13.471789634648479
39082,0.0008231474433923012
39083,0.0004914968257681378
39087,0.000480575946199791
39098,0.0006896014623165159
39099,16.921267417540026
39106,0.0009607914353297867
39113,0.005507564469502455
39115,0.5035400234199903
39125,0.0006884298812320183
39128,0.0007210771163060065
39130,0.000732950692984563
39142,0.000563244971299272
39154,0.02143556427777653
39163,0.0006103433919039037
39168,0.03317615881470011
39169,17.529650698448883
39170,0.0008001514977649787
39181,0.9544629518136254
39182,4.691295888923639
39199,0.0007401880384891925
39201,0.00164697445948908
39202,0.0004815679354456301
39205,0.0005823288495969844
39207,0.0021301204347553004
39209,12.366381271126945
39214,0.8245610346452313
39217,0.373846153013027
39218,17.441274068716805
39221,0.001018606376924605
39226,0.024441545646952903
39234,0.000911957329539761
39244,0.047456089746729505
39252,0.0005928730244374392
39253,0.0037397923691513007
39262,4.697092320596459
39263,0.008240888027578486
39269,0.0003588444144673624
39271,0.0005229614569007734
39279,0.0010955064966229335
39281,0.0027018611707534212
39283,0.0005741374461993274
39285,0.0007105551777530403
39286,0.0004526182757120789
39288,19.12240750964718
39293,0.0006378812525585861
39296,0.0004272483863557479
39299,17.734651556346243
39303,0.006379805954175459
39311,0.0008912828248317043
39319,0.000589765949425025
39325,0.0003956556065062228
39326,0.0011505269365628698
39343,0.0015283642082989913
39353,0.0005971343517041688
39354,0.0006442402603868415
39359,0.0007204963558232703
39362,0.008481230021633687
39364,0.012940672457960333
39365,0.0022952470562425677
39369,0.0004149536976769284
39375,0.35372206446451665
39378,0.03683747031523392
39379,0.00427368730574106
39397,17.159770508853338
39401,0.0003741149126018803
39402,0.0006495977129887551
39405,0.001205654255755507
39427,0.0010472102060652317
39429,0.004591443739245024
39436,0.0016727662836355864
39438,0.0006566396461114713
39443,0.010899105050461273
39444,16.614591765852374
39445,0.0008988180601174246
39449,0.060602827381552905
39460,0.0007074384919563387
39466,0.0036897943435370063
39468,0.0004521237461355674
39470,8.751338057674229
39471,0.0005592736643924651
39478,0.002715170648507438
39481,0.0013646071461880988
39484,0.30759172508922666
39493,0.0017283218122217153
39499,17.808944657957575
39502,0.0006930907728260696
39510,4.956960093904916
39518,0.05134872931233904
39540,0.00045230746800167565
39546,0.0005625941284344856
39554,0.0009197465781840199
39555,0.00045291316209220705
39558,0.005107255203963864
39559,0.001400958240733432
39562,0.0010359278585493259
39569,0.18689950602501088
39576,7.248161737248092
39580,0.0010806435272200008
39591,0.0006808855687725109
39592,0.0008498629944248788
39597,0.0003588444144673624
39607,0.0004648156350213151
39611,5.979280948390331
39615,0.02192153970049025
39621,0.2149291046952692
39625,0.021942373670194828
39626,0.004508159446443416
39629,0.0016791019632394692
39631,8.131462836800896
39634,16.99236143797938
39636,0.0009012195181093927
39638,0.13343707782108724
39642,0.0005360898091255499
39656,0.02172784567853438
39661,0.0004294448525425568
39674,0.0025056793073863137
39691,0.0005993483727826788
39693,0.002633676325556008
39696,17.545230639044053
39698,0.0005050880310156996
39706,0.0007506795178172742
39708,0.0007482048095606284
39712,0.0007111694149564365
39719,0.004699203693620649
39726,0.0005625941284344856
39730,0.0008240383155043811
39732,0.0004690660479905274
39733,0.0018167263777533517
39734,0.001214623253477981
39738,0.0005605926690005538
39743,0.0009823719218960047
39744,0.0004335019879366771
39748,0.0005740219557413461
39750,0.0007376323625930466
39755,0.001129110481075691
39760,0.005897139180914533
39762,17.694697482780462
39770,0.00046854608099043796
39775,0.000692285488413714
39777,0.3360579830074404
39780,0.4271665374538854
39781,17.62615918622818
39787,9.75516539321801
39789,0.00043060105264513865
39790,1.7259027576469907
39796,0.000480575946199791
39797,0.0008231593276180505
39799,17.235636169808807
39801,1.386250199608453
39806,0.0006044962584903884
39807,0.0007686042997581329
39812,0.04998443495897249
39814,0.0005461140847746709
39817,0.0006027544647785679
39829,0.0030019098807992296
39831,6.103806261022276
39835,0.0017867506341503806
39836,0.5967899530241594
39850,0.0008601916501408012
39878,0.0006924800573970731
39883,0.0016926976559123001
39886,0.000996207676894601
39888,0.0014961524023871184
39891,0.0005317417757101593
39903,0.0008460847854715242
39922,0.0013389642498098102
39925,0.00045034257551235273
39926,0.00047314053541689185
39941,0.0035203558581892807
39945,0.0007477484136270195
39949,0.00632708539337856
39965,0.00046640256237237543
39967,0.0005207748545289823
39971,0.0005686395742406265
39973,0.0008384803186350344
39984,0.0007329044252498629
39985,0.0011443546116779756
40001,0.0004379749034341682
40004,0.016070652853980048
40014,0.0005140970706566123
40022,19.65570647724341
40023,0.0006688893034778717
40025,0.0013977078631377106
40029,0.0020398196505141066
40032,0.011029967660986219
40034,0.48697564065943644
40037,0.04802827195413289
40039,0.024701487168138605
40044,0.0004815679354456301
40047,0.021919233343027297
40049,0.011194464747950144
40050,0.000761780712757837
40052,0.000846479920313661
40058,0.0004435301737651557
40062,0.01484416158983753
40073,0.0004508486774785602
40078,0.0020290319774212903
40080,0.0008408735607020242
40083,0.003778692421664566
40090,0.00043062881771391227
40095,0.001384405875441146
40102,0.0010581013237320374
40105,0.0024796478299665974
40114,0.0006230664514203451
40118,0.0011139365916813654
40119,2.4444657833671712
40122,0.051018694076839864
40128,1.456719963151946
40136,17.25802555562923
40137,0.00046418950346217066
40152,0.00163949103498692
40163,0.0009670990330052844
40166,0.0007023954799513128
40169,0.003412350665237515
40172,0.0020172264749060294
40182,0.0008193242724423823
40184,0.0019246994894652255
40185,0.0005524927687457948
40192,0.003778956831404582
40198,0.31078703539211144
40200,0.15942115415889027
40207,0.1084514672373134
40209,0.00054967024265825
40212,0.000899267224821599
40213,0.0008106054790547148
40214,0.00650766814729941
40216,0.0008001514977649787
40218,0.0016760327435825484
40223,0.0005527426323558006
40224,0.0004152757983208498
40225,0.004695401935660056
40228,0.25399175445048333
40232,0.013478522855622982
40237,0.0008001514977649787
40240,0.0004540195579481665
40242,0.0004565634376012574
40243,0.000835018392238448
40244,0.36802176567281725
40247,0.20239896630536744
40254,0.00905277993859088
40255,0.8024796894236683
40267,0.0006201225684904418
40283,0.0010007095631621291
40287,0.08447289867297361
40288,0.0018087863664426958
40290,0.0038913895433558823
40293,0.0007612262882594033
40295,12.393733706789922
40296,0.0005250248879049961
40299,0.00038977957573236514
40302,0.0004521237461355674
40312,0.0009087212128399375
40325,0.008719924421272516
40327,0.0004353135759043188
40332,9.589094203206239
40336,0.0008838136336279853
40342,11.460823124804188
40346,0.00047865789080494495
40347,0.0004482869887601571
40350,0.000599170228397253
40355,9.081025739071894
40357,0.0006645795508537597
40361,0.0007982789804794971
40362,0.07097400629166264
40369,0.0005605926690005538
40370,0.0004413460992807246
40371,0.19953042948443991
40375,0.0006838801017241587
40381,0.0009336846516249575
40383,10.21223689275988
40385,0.0006662322153968115
40391,0.0004393927381510298
40394,0.0004815679354456301
40396,0.0006860924832485036
40406,0.0008353893729197079
40413,0.0006860924832485036
40417,0.0008254329098684816
40418,5.583795097511529
40434,0.0005928195869887276
40435,7.435375390631114
40450,0.000422043443470075
40457,0.1063815889850657
40458,0.0008001514977649787
40463,0.0015461940292770828
40471,0.0014520653029068535
40476,7.856636330331962
40477,0.0008254329098684816
40479,0.00036023873207282356
40486,0.0007329044252498629
40488,0.0026012857910679603
40492,0.0007067374494823746
40495,0.0010869269194690378
40498,0.0005377146254300374
40508,2.1579094842220665
40510,0.0007634602054844565
40514,0.04760396368635757
40517,0.0015348334861887316
40525,0.0006365658833534725
40531,0.000879543722411804
40536,0.0025522197013506864
40542,17.425530858560208
40555,17.445046519510047
40558,0.00041385751802716886
40567,0.0004722450641527675
40569,0.31973570896139625
40572,0.0005885411922941584
40573,0.03545062577632458
40577,0.0013678040109982065
40579,0.0007629007539537881
40580,12.793487455207073
40581,0.0004272483863557479
40602,0.0007399244773341162
40619,0.00045546045160352875
40623,0.0007457022642850984
40631,0.0014130533330050368
40633,0.0007486369057328688
40635,0.0008022349515127414
40639,16.477279269203475
40642,0.00048822874604981785
40644,0.0004486333538409241
40645,0.0017350030111821454
40650,0.0006236565186264706
40654,12.666577351539278
40668,0.027712835314143487
40673,8.213543602121067
40674,0.006457185797608747
40676,0.003624602970597991
40679,0.0006425292282267363
40683,0.0015118474625203458
40691,17.971498424093348
40694,0.0007816903461111538
40701,16.735505235586395
40702,17.149047832620656
40704,0.0022702730735704507
40709,0.0004191403117596537
40715,1.3195773054663629
40716,17.722563328461398
40720,17.3807153909877
40721,0.03676185484564241
40732,0.5689367125672794
40742,4.5776336051040145
40743,0.0007619554985281042
40746,0.0005625941284344856
40749,0.0006449114894609306
40750,0.0005890582362997408
40756,17.845053163958408
40759,0.0005523292143844131
40763,0.0012854440091213527
40774,16.2773002536315
40780,0.00670554743538507
40789,0.0005994332657685655
40801,0.0009837476191339157
40805,2.5391287230436435
40813,0.00042780435438635034
40815,0.0009200650354144475
40824,0.0005991402269833229
40832,0.0006612213979946196
40841,0.0004688250433755809
40842,0.0005778208117303965
40848,0.00088905204139278
40858,0.0007362544736960293
40863,15.529183607842501
40869,0.04697146114846729
40871,1.8494698346950007
40872,0.005388619280225401
40873,20.20550220947926
40881,0.0007360426234800181
40882,0.0025754019619396175
40897,18.08856174718262
40907,0.007982582342989715
40914,0.0005679549833935315
40915,0.004591443739245024
40920,0.0004521237461355674
40923,2.1089765005186907
40924,0.0009625795250020388
40926,0.000857243209141745
40933,0.0007700279284799414
40941,0.08592510181994958
40943,0.00041696956331438814
40944,0.0006388340935529214
40946,12.725346053183559
40947,17.953249070270875
40948,17.565146256641274
40956,0.0004222761832879114
40962,2.3573180343368465
40963,17.577458773182716
40971,0.0008001514977649787
40981,0.0007387600957257348
40985,0.002477325909245655
40986,0.00044323327786417385
40989,0.006794424207108224
40991,17.53665122791283
40993,0.24859267299538573
40999,0.0005978491609997091
41011,16.682777907234176
41014,8.397421838086554
41019,0.0007764674091472134
41023,0.001106449250250849
41024,0.0009809857351355208
41025,2.3990001053418775
41029,16.923294032612787
41031,0.0011335511404478988
41036,16.819457110655613
41047,0.0007375183146920225
41049,0.0004127253952360721
41051,0.0009835151980412177
41054,0.0008021918279623022
41055,0.0008580179873744943
41064,17.776981914586052
41074,0.0009193210013649746
41079,0.0006860924832485036
41085,0.0010359278585493259
41095,12.332755058071452
41096,0.0028037407634176554
41100,0.0009797587328773786
41103,0.0020057752547458186
41105,0.0006935264391390315
41106,0.0005894122519470046
41114,0.0006448306401962888
41123,0.0004222761832879114
41132,0.003555762806214156
41136,0.0007399244773341162
41138,0.0005044763830924809
41140,0.36961180317408976
41143,0.0005503074283597759
41144,3.6860324517881624
41145,0.001310473724133612
41147,0.001392336325384149
41158,11.877604613706946
41160,0.0006524465611483013
41163,0.0008286116807688796
41167,0.0008272957072269609
41169,0.0008272955034254803
41176,0.0006149572045297222
41182,0.0007673959483908667
41183,0.004639674427087363
41186,14.069655392030484
41198,0.3258300552087406
41203,18.3089045522838
41207,9.266793907573966
41211,0.0007821628416782109
41213,0.0009928648213161143
41215,0.0007331312649693244
41217,0.0007288988384239758
41220,0.0004300239401081094
41221,1.0018234984009833
41224,0.04837849523694367
41229,0.2966614667921911
41231,17.626305643541595
41253,11.781462075248294
41254,3.5930815287962146
41264,17.744452222254353
41265,0.0041018815419809765
41267,3.283674497706759
41268,0.2528628685991434
41269,0.0004261853744299628
41284,1.626862607909365
41288,0.0004201309545421875
41297,0.007335992790026417
41303,0.009468517906881873
41309,0.0712821065089705
41314,7.891149033622622
41316,0.026057865622666217
41318,0.0007442664794915507
41324,17.70805311657057
41325,0.0006197666767800006
41333,0.0007758812190573061
41339,4.522808129572637
41342,19.74104052257598
41343,0.0007981408692348286
41348,0.0006728617820791433
41349,0.08020982664051204
41350,0.0015689868753185569
41351,0.0010167281261870063
41353,0.0066610126985038485
41354,18.4845670453141
41357,0.0004399540665496318
41359,0.0007063218078553522
41361,0.002013700334113898
41363,0.0037249050515731656
41368,0.001452872891115767
41369,0.0006779570491726393
41373,0.049345449795062356
41377,0.0007526732986973267
41385,0.00205757110524766
41402,17.465994096651524
41421,0.0006369046791852219
41423,0.0005823288495969844
41428,19.195246143142036
41434,17.593434013676312
41449,0.002247424953217654
41451,6.3347872089506705
41452,0.028890038742803742
41456,0.0012600085831311583
41457,0.045905344820280705
41458,0.3066257921919455
41459,0.1451822555411006
41462,0.00032785669992761127
41470,9.587425708569505
41479,0.0004261853744299628
41480,0.0007070014645034063
41482,0.0009797587328773786
41486,0.0006295174379826716
41489,0.0007724456669914723
41495,4.837689648256396
41499,0.8372728049425409
41510,16.1451827956888
41512,14.938292330990794
41519,0.002047331246655027
41526,0.010592395979903597
41527,0.0006158590740017937
41531,0.0007612262882594033
41534,17.14734054812302
41535,0.002134397744802913
41536,0.0009538343743059265
41537,0.009261233582088624
41538,0.001972762398525477
41539,0.0007612262882594033
41543,0.01717415905361173
41550,0.001096899692294343
41553,17.44809766736853
41566,0.0010464729315274616
41567,0.00040135892569732764
41571,0.009420688152257837
41578,0.007936862352250568
41587,0.0010558239131857425
41592,0.030292367362643503
41603,0.0005602147702954307
41606,6.93659813238492
41612,0.0008193242724423823
41613,0.0016032218968071853
41616,0.0005960260155035709
41618,0.001708435964003521
41619,0.000575385844405734
41625,0.011806781262814854
41628,0.03411331011361346
41633,0.0008001514977649787
41640,0.0020848587691040003
41643,0.00061116038500525
41647,0.0005081940093953445
41657,0.0004427150344385775
41668,0.0004246585086776662
41673,0.0008353893729197079
41683,0.000652919363205954
41685,0.00042780435438635034
41692,0.0004521237461355674
41693,0.0007013842985748455
41694,0.0006767968000580062
41697,16.096233374720534
41700,0.23580718467158332
41701,17.110109175799316
41711,0.0006676890425182905
41712,0.011713085147886344
41718,0.003827539176898556
41719,0.0008204665537866588
41720,0.004524910213157672
41722,0.010707748649734736
41725,0.002990071889564476
41726,1.1263850411395169
41747,0.0005624555536985399
41753,0.0004222761832879114
41759,0.0006795043004193087
41761,0.00047372256627476627
41769,0.0065365849066764915
41770,11.081953709672142
41775,0.008238475080805024
41778,0.00038923601749019625
41784,0.0008305819920390506
41789,0.0006843825204022953
41792,0.0013748542525204173
41797,0.000835423192714536
41803,0.0008479186129703746
41813,0.0008738879799926351
41823,0.05618526824011869
41836,0.0005918520227657138
41846,0.0006718158648050908
41863,0.0004763002552332656
41866,0.01747596480684438
41877,18.032023873250075
41881,4.42911904119382
41888,16.72887980359895
41890,0.0012334420770983468
41891,16.1934101140615
41892,1.656527623618819
41894,0.00041757297499473757
41895,0.0007399244773341162
41899,0.0006172219674970061
41903,0.0007490947713559613
41909,0.11189508175530438
41910,0.0006225349525397059
41911,0.0006551912251437277
41923,0.0007022197542528085
41925,0.0005036480372296603
41927,0.0006633700831393511
41929,0.10441919262666619
41933,0.4231115530625885
41934,17.28074580496154
41941,0.00043488431099206974
41942,0.0060618148190038305
41950,0.008240888027578486
41953,0.4263443964871598
41959,0.0006011761203215681
41963,0.0005851681751285413
41974,0.0017583968731274442
41976,3.4546538659627606
41977,0.0006102033432521686
41982,0.0004984501320735243
41984,20.05354644036787
41986,0.11553854783836288
41998,0.005560454359826847
42001,0.0018692834127560815
42005,0.0007975170965498163
42011,0.0010374879996599196
42025,0.033450701894438044
42037,0.00043484866368418703
42038,0.0027284320599463463
42048,0.0008167772482803974
42050,10.598892470931627
42051,0.0004435301737651557
42071,4.442011252720658
42073,0.0005766313534623226
42074,0.058964187849355046
42075,0.05259224343250114
42087,0.00042252318208842773
42096,0.012841971938823148
42097,0.0009588310456842697
42099,0.0008553851390456045
42100,0.0005743051374485916
42103,0.0005122951036232566
42106,0.0004376405394645902
42112,0.011378103097823321
42116,0.0024769663229645897
42122,0.0005911897902390887
42131,0.0019684604318303536
42133,0.021812077138630526
42144,0.0009196681628639326
42145,0.00570294719838089
42157,0.0006780827766352449
42159,0.0011075292993482345
42171,0.0006868823334446612
42172,0.0006716989074996819
42173,0.0007827819250420968
42177,10.175003097133304
42192,0.0010761125823352377
42201,0.005183808292234836
42204,1.335094870149133
42214,9.781316403006077
42215,0.0008154000237263427
42216,0.0006820548032370177
42226,0.05844995742303002
42244,0.0007998285308967989
42251,0.0008901457110267472
42252,0.0005488661053716441
42258,10.851877983378476
42261,0.002156577473705465
42266,0.0004149536976769284
42269,0.00039082239506394264
42273,0.0004717661660203239
42276,17.10797098603255
42278,0.000675439149010994
42279,0.0006930970809313616
42286,0.000575419908821188
42287,0.000748830217274052
42289,0.005779849914182277
42290,0.11811360537493269
42296,0.0007055119418327965
42297,0.0008792494805070957
42306,0.0004521237461355674
42319,0.0012318983047992333
42324,12.212565916562635
42331,0.0004815679354456301
42332,0.0009262847483189276
42337,0.0008013708215019214
42349,0.17708334215374236
42352,0.0006868823334446612
42358,17.609192491340227
42359,0.0034631873366266024
42368,0.03018655724328939
42375,0.0008349201343625873
42378,0.0006106309882792522
42392,0.006617169321792437
42394,0.0003950195235951015
42403,0.0009270749910816391
42404,0.00040395518746487143
42406,0.010707748649734736
42407,0.0007962727516051731
42416,0.001449666995497317
42418,6.40926399882544
42419,0.020655535716410184
42424,5.447022228631086
42427,0.0005036480372296603
42432,0.0005455283284092596
42437,0.0005820366263431776
42438,11.926048128532747
42447,0.00043285609579431775
42448,2.0276464084873305
42450,0.0015082916321309064
42451,0.0007165126780414568
42462,0.020356360159298932
42464,0.0008897745374514285
42467,0.0007726218796382763
42468,0.16025304897823553
42469,0.00038077805809206964
42471,0.000789820584360626
42472,0.0004435301737651557
42475,0.0006805748541211977
42480,0.0004526182757120789
42490,0.0010674300758055826
42491,0.0004427150344385775
42495,0.00042993191836512775
42511,0.0007096190428045842
42512,0.0006446125935768313
42515,0.022136740442521334
42521,17.493063203923178
42532,0.0006395921039784177
42533,0.0007657225107207581
42535,0.0005019516441456399
42542,16.922724382599977
42545,0.006489043254981871
42546,0.0007758812190573061
42550,0.13151881132330887
42562,0.0009336166656822096
42564,0.0012600085831311583
42569,0.0004688250433755809
42576,0.36196210484333535
42584,0.0010139623812518788
42589,0.003934863043894714
42593,0.0007327746044182214
42597,0.00043466643223457723
42605,0.0007821628416782109
42615,0.0007657225107207581
42617,3.477937666717424
42618,0.0007228034260642867
42626,0.0011078853033406806
42631,0.0006149088956629546
42642,4.509644783676554
42645,0.0013700240626484232
42649,0.0017692838603982335
42650,0.00941426813847639
42653,0.4495932810665561
42658,17.177393853443412
42659,0.0007635146409325608
42661,0.00044745668882188977
42671,0.44375419356576196
42676,0.000609146564920684
42686,0.0005330326809812745
42691,16.66448370599469
42702,0.0030101947709552596
42706,0.0010912492034271719
42710,0.8964465365189325
42712,0.0005911897902390887
42719,0.0004690660479905274
42730,0.054669967260439066
42731,0.001154180006898826
42742,0.00048771367019888854
42745,0.010867499742816105
42752,0.0005093068256038754
42753,0.0007401880384891925
42759,0.006244712033883395
42765,0.0004217869929862013
42768,0.0006236565186264706
42769,0.001629328034067732
42771,14.86322835076356
42782,0.000743240180199288
42788,0.0006264648073981228
42793,0.0007055119418327965
42797,0.0019488437634435092
42801,0.0006003263840828442
42808,0.0011667555572184355
42812,0.0013997599902460358
42814,17.31997582608721
42815,0.11301877985433204
42817,0.010673098286239054
42821,16.12490361076529
42827,17.199414827311532
42829,0.9400168974745851
42830,0.0005976645496128727
42832,0.006386598845725634
42833,0.0007047707738577594
42837,0.0011662503950914272
42854,0.0006891732309168585
42863,0.0007288988384239758
42865,0.0065453990924196764
42872,16.561480973691886
42880,8.670367113739783
42882,0.004827680953389742
42884,0.0011429176906574488
42885,3.647493895968201
42888,0.005106341003764491
42908,0.0007214645645621321
42910,0.00044447036563183306
42923,0.0004815679354456301
42926,0.0007612262882594033
42932,0.0004483938726625199
42933,0.0017707116688164205
42945,0.0006275056737031941
42950,17.883512803277657
42952,0.0008001514977649787
42953,0.0005493056249777411
42954,0.7322722171730199
42957,0.0012600085831311583
42960,0.0712821065089705
42961,0.001572977317196254
42973,0.0007330804215244841
42981,0.018225958828230457
42982,0.7616359300453823
42985,0.0004416997801247564
42990,0.008735885155071864
42991,0.0022204379277778836
42995,0.0004376525772156441
42997,0.001704548183312217
43002,0.0006650401227051073
43004,0.052431663470701176
43009,0.0010138304094256564
43021,0.0007257925084827225
43027,0.0004379749034341682
43030,0.0008278590557199008
43040,0.48207387010427316
43045,15.596047674504073
43049,11.736138989447179
43051,0.0005611356380907842
43065,0.44675150293891797
43071,0.0006664243291543859
43072,0.0004166001305857669
43077,0.0006317149319041765
43085,0.013646787101175926
43090,0.0007614465963586153
43096,0.013478522855622982
43104,0.0004188398818756467
43108,0.0007315228943545152
43110,0.0008595553613086789
43112,0.06185776211782264
43118,0.0008048555819440339
43124,0.0029125300603423743
43129,0.07663436945328003
43133,0.0007375183146920225
43134,16.49677582625884
43135,0.007720487107131514
43143,0.0004413460992807246
43148,0.0005446621333999672
43160,0.0004746588436431249
43163,0.13089782405048664
43167,0.0013345291476991954
43168,0.0004261853744299628
43172,0.0005296103702136952
43177,0.006665392440500727
43181,0.7986598372772883
43182,0.0012494895673875015
43188,0.001449666995497317
43189,0.0008784279435418119
43191,0.7521971339416297
43194,0.0006278190458063305
43197,0.0068203619417951614
43202,16.49726127138499
43209,17.53697601532528
43212,0.0188410550615686
43213,0.0009377746900331482
43217,0.00043072767741167433
43226,0.0005733651519507235
43229,0.0014970268527249777
43230,0.0006410336594783398
43231,0.0004149536976769284
43237,0.037731995335664306
43248,0.04050204889867766
43249,0.000793380504631017
43257,0.0010917229626714472
43259,0.0012035292272378306
43263,0.0007025156988042563
43265,0.006454030008986597
43267,0.54006291718502
43274,0.0006860924832485036
43278,0.007206461810652137
43280,0.0012292385736688606
43281,0.0004435301737651557
43291,9.84332551287992
43292,0.0005954276142886559
43297,0.0005928872768600258
43301,0.00043062881771391227
43302,11.636874921079947
43306,0.000591619986820035
43308,0.0012339632076515629
43309,0.0007814317514145819
43311,0.0007329044252498629
43315,0.0005911897902390887
43319,2.0186079703947066
43320,0.000632910582772682
43325,0.0004421328730804208
43326,0.0006495405354500118
43327,0.10912125870447711
43345,0.0007327746044182214
43355,16.714837662097416
43359,0.0023797502184707024
43366,0.0011005896585668435
43367,0.015068816574448191
43384,16.886986500202763
43385,15.989977253445868
43386,0.0031730419453886473
43390,0.0008577339397742023
43391,10.90079494407934
43392,0.037682711816273945
43399,0.0010982135352924438
43401,0.00041177493341267474
43402,0.009912349146894204
43405,0.0014751940931588701
43420,0.0008001514977649787
43426,16.883459804453643
43430,6.87845241307056
43437,0.0013127080793180629
43440,0.0007368971943776324
43442,0.0010359278585493259
43443,17.199956330631842
43447,0.012143080711453074
43448,0.0006891732309168585
43449,0.0008937121444608974
43450,0.0004320299551700508
43455,0.0012072452491498976
43464,13.537359605102022
43467,0.000521669430688853
43479,0.0007658035117630133
43487,0.0007330804215244841
43490,14.084223323568219
43494,0.000480575946199791
43501,0.005962967722802649
43502,0.000524940578819126
43506,0.0006156717478056535
43520,0.02222746214328089
43529,0.19979400563419497
43534,0.0007673959483908667
43538,0.0005792325136680703
43539,0.0009366086068028414
43544,0.005368231475986697
43549,0.048030872599481016
43556,0.32773525722995817
43570,3.2543182104606934
43575,0.15905021970036146
43581,0.000480140224892852
43586,0.0027984073866977486
43590,0.0007330804215244841
43599,0.0015394836052404664
43608,0.0013498010291123229
43610,0.0003702618952302306
43612,0.0015909665748694035
43620,12.984154517641647
43621,0.06318795960360908
43622,0.2380116960108075
43625,0.0004281373825445651
43633,0.0005143648940797083
43634,0.0007126589788797909
43640,17.05048556716513
43641,0.001006049127606834
43645,17.499796451793497
43647,17.223919290315095
43655,0.01141203767793016
43664,5.6166435867025415
43667,0.0004733316826608736
43672,2.569876026359674
43675,0.0008741953043661175
43689,0.0006062801204830139
43691,0.0005896107305287627
43692,8.049123306752742
43693,0.000480140224892852
43699,0.0006335525152668472
43705,0.000670476912626808
43707,0.0004058988304951086
43716,0.0004261853744299628
43724,0.0013801911481344268
43728,0.0007567104954425383
43730,0.000632567528022256
43732,0.0020156346944147606
43765,0.0008971220549163466
43775,0.019492231481850336
43791,0.01420063629628986
43792,0.0006653315350573761
43793,0.0005630739634335539
43795,0.0004335717097510432
43800,0.0009135638766642827
43801,0.3833457373001375
43806,0.5687674211478484
43812,0.0009221524311886456
43822,0.0006891732309168585
43824,0.0007533418641697991
43827,0.00471336385228015
43828,0.0008591903725963948
43844,0.001440356776934194
43847,0.005064129012009736
43848,16.861988745956893
43849,0.029383248298954768
43855,0.0008052594047728075
43859,0.0007022324901224197
43861,0.000558379052631347
43862,0.000632910582772682
43864,0.0006860924832485036
43866,0.0013056442680309396
43867,0.0005250248879049961
43869,7.208438907851705
43871,0.0028029697852484537
43873,0.0004797756499158347
43876,16.985530683780805
43877,0.000700065518994417
43878,0.0005979073660180286
43885,0.22522042290243
43900,0.1864713876742981
43907,0.27492329200116183
43909,0.0007052756107323406
43910,18.208689239447807
43917,17.34745354400905
43924,0.0033458654119935954
43926,0.023722711712386147
43935,0.0006633065142859385
43941,0.00043062881771391227
43948,0.0039050848849164115
43952,0.016038433932680722
43953,1.691999999375133
43962,0.088236977632609
43965,0.04147722633765365
43967,0.009934212819119239
43969,0.050822431314661506
43970,0.002526648763566595
43972,0.16515698589543296
43974,0.0024805555932701268
43975,0.008713467174213634
43977,0.06167089019383284
44000,0.0008998309367649121
44012,0.0007930059743660488
44019,17.25939723583207
44028,0.0007323762855925722
44040,0.0006076101406703471
44041,16.82475664736396
44044,0.0011276803040776123
44048,0.000822278668783933
44049,0.0007172634159810785
44056,0.0007863802467125428
44063,0.0004412064841095593
44069,0.06598861730785414
44073,0.31175491514114106
44077,0.0004300239401081094
44078,0.016075007154415698
44090,0.011285711115836958
44091,0.16330468003687548
44105,0.002149591365882159
44110,0.3509680700561194
44114,0.0005653474813885307
44120,0.0007220214169318029
44122,0.0008167772482803974
44124,0.0006113340317289176
44131,0.00184879600924329
44136,0.0010607165496971573
44138,0.000959469020709121
44144,3.1990716264553583
44151,0.0010139623812518788
44159,0.0006768277476892474
44160,0.0005626814751866212
44162,0.0006821323064909029
44164,1.1947314247491003
44172,12.654919304211287
44173,0.0008001514977649787
44181,17.48249379342352
44185,0.0006765460904799506
44187,0.0004815679354456301
44192,0.0007057152467365378
44198,0.00047375127729169987
44199,0.3355468448578821
44205,0.07851010253059994
44208,0.0004769739034377389
44215,0.00040771110589595027
44227,0.1348349550873061
44232,0.0006573209325322919
44240,0.0005646285550491611
44243,0.0008749254565703232
44250,0.0015461940292770828
44260,17.013664197891938
44261,0.006386598845725634
44265,0.0012020813967728305
44267,18.82592009743894
44270,0.01663527510738281
44272,8.59092386045656
44274,0.0008319958190239474
44285,0.000765695604565433
44289,0.0005702455666532159
44292,0.0008001514977649787
44294,2.5222206855528815
44302,0.0005184155325983588
44306,0.0004200767536113849
44312,0.00047314053541689185
44316,0.0004222761832879114
44321,0.0006729612754657652
44325,0.00046697212105401085
44327,0.004551521051582185
44330,0.0009737443415812489
44332,0.0022520685401220346
44335,0.16102263259067903
44336,0.000438151683562345
44339,0.0006901674661777331
44348,0.0009445445336262173
44349,0.0008275476781866187
44363,0.0262897106782303
44365,17.34798684373161
44386,0.0008247266160917612
44388,0.00043812887061229274
44393,0.0006113340317289176
44395,0.0004377842009862274
44397,0.0005971343517041688
44401,0.0006896454106013489
44412,0.000664268678226791
44416,0.0017813494735602717
44418,8.849911348245818
44420,0.0065365849066764915
44423,0.0009810786522994105
44424,4.911447074993497
44428,0.0010770505470482222
44434,3.124001471026429
44435,0.0010139623812518788
44442,8.455807179704028
44444,0.000691757792012731
44445,0.08473102322177033
44446,4.272301707903101
44448,0.024687130803868494
44452,0.007382952096588756
44459,0.0005911897902390887
44464,6.910695851458334
44465,0.0007887194583313991
44471,0.003021039244004225
44473,0.0008495690967664227
44488,0.0009877760715692907
44490,0.0004521237461355674
44493,0.0021310658787179306
44496,0.0005711285180554767
44499,0.0011813162212403311
44505,0.0015037712877456742
44508,0.006379805954175459
44523,0.0005268119084310397
44528,0.0018541823117907378
44533,0.020555696289339193
44534,0.0006642960718580728
44535,0.3780839379990145
44540,0.006636303812527727
44541,0.0006455199899103475
44544,0.0006934861154381785
44554,0.0005409453862777042
44581,0.0005135300570173316
44582,0.0016109671649680063
44583,0.0007323762855925722
44586,0.0037523346994033082
44593,0.0013856836820093186
44601,0.0005625941284344856
44602,0.04954288324242562
44607,0.0010139623812518788
44609,0.00061409269367388
44614,0.0005928872768600258
44618,0.0017113912564900948
44623,18.173719370433748
44643,0.004561826741036756
44649,0.0007506277189168203
44652,9.677180313333404
44657,0.0010462539576470485
44660,0.0009277249544494421
44663,0.0004526182757120789
44664,0.0008591356647992805
44665,0.0007368907822377522
44672,0.0005528540968718591
44673,0.0018189144720574938
44679,0.0006759484771496686
44681,0.33828013895101167
44686,17.79915671419181
44690,0.0014015916905595661
44693,0.00045926388586870306
44697,0.008963042682704972
44698,0.0008368822982312325
44702,0.0006794673189943889
44715,0.00059820132755056
44719,0.0009055652496319332
44720,18.715112788055016
44738,0.15015185217605562
44753,0.0004419575448019153
44754,0.0005849582660110122
44758,0.0008033416198626533
44766,0.0033929838650803837
44770,0.020756396451039567
44787,0.001136013152189139
44792,0.0034853589078673803
44798,0.0007612262882594033
44800,0.0005752169291711517
44804,0.0008072734841294057
44824,0.0007902924622698426
44836,0.0008286116807688796
44846,0.0008742073189835807
44851,1.8597464041340364
44853,0.008380794128824734
44857,0.0005402146687792808
44861,0.0009643466195520787
44864,0.0007275871678718651
44875,0.0006765707307045809
44878,1.607437576532607
44889,11.117299086906192
44891,0.008535700278196699
44896,0.0009141165589430881
44907,0.0005361736514820244
44912,0.008451384062133213
44916,1.1997930270877344
44920,0.001275385545249108
44921,0.09466684311147652
44927,0.7091068325757968
44929,0.26277449538153574
44942,0.0010602828671132489
44947,0.0007055119418327965
44952,0.021828547845039584
44953,0.03583921721932668
44958,0.009728313549028627
44960,0.23334145666491582
44962,0.019846974844887254
44968,0.000480140224892852
44975,0.15092106941364508
44979,0.0008633575853461224
44984,0.0024195818806500386
44985,0.00041696956331438814
44993,0.0007192968580729793
45001,0.0007507324037747858
45002,1.485095154737143
45012,0.0005127835494224897
45017,0.015222312566361673
45025,16.408925519809063
45027,0.0015461940292770828
45041,0.0006210157613135705
45048,0.0009797587328773786
45051,0.0005272200280472337
45052,0.0005971343517041688
45056,0.0004528872067610373
45057,2.994228826255854
45071,17.800786630825108
45072,0.5022186902560661
45074,16.308082030975374
45076,0.0009446324532716365
45077,0.0006085012262296809
45079,0.0011343965893392102
45081,0.41853660087653655
45082,0.0006422786985162172
45091,16.646268714454035
45101,0.0006315955728645626
45103,0.0006457728393747868
45104,0.000703453606143908
45106,0.0008366113374373138
45107,17.09449376102652
45109,0.0015437276319841754
45110,0.076720976016803
45111,0.3871975844605513
45114,0.0007319806039562693
45117,17.410069333310766
45126,0.0012600085831311583
45136,0.0008286116807688796
45145,17.36552939007802
45146,0.43565691229391373
45154,0.00409751888289404
45157,0.004519785746923302
45166,0.00044745668882188977
45171,0.00103028023493004
45173,20.265867886175187
45177,0.01743397794014979
45191,0.005192357375206235
45205,0.04455437498504696
45207,0.0005283278505777922
45212,0.0003588444144673624
45214,0.29122859791054556
45220,0.0005250248879049961
45232,0.00041964822250773034
45239,8.999221854773712
45243,0.0009893773002160788
45244,0.0005142041710094641
45245,17.25514880894542
45251,0.0066146769189527905
45255,20.163020461195455
45262,0.0005273717405895301
45263,0.029788819883250234
45266,0.0008047422488665091
45267,0.0010841806179522832
45276,0.012883340636862927
45279,0.0007985309257365625
45281,0.013453658519832596
45288,0.0006932942090710776
45298,12.80225417746829
45303,0.005002137187999576
45306,0.0009183268476808378
45307,0.009034253035390502
45308,0.00045267349852352314
45309,0.42038481038118186
45318,0.04230966466457647
45323,0.0005992087422354657
45326,10.526531508571056
45336,14.385311674006317
45338,0.0004003237014057616
45340,0.0011729083029470859
45347,0.09415766017310236
45349,0.0004427150344385775
45351,0.004249456940621893
45356,0.0005910711013302215
45357,16.677929208815016
45360,16.315636303398495
45379,0.000681201331078065
45385,0.000692101228764669
45402,0.0006997055427086015
45406,3.035225814965655
45407,0.000570963402615244
45408,0.0009855512727177966
45409,16.532002837451483
45415,0.0006420361128585758
45423,0.0008193242724423823
45429,0.006955091370352262
45444,0.0007372427231196763
45445,0.000504459330422111
45452,0.006489043254981871
45454,0.004254867587443192
45455,0.003998772056074541
45456,0.0004733316826608736
45457,0.0007140209295570598
45460,0.0005858349998211785
45465,0.0009163914676633522
45473,9.236261101065807
45479,0.0007086603428673119
45481,8.74683153249973
45484,18.133720084275375
45490,0.000782365618799539
45491,0.0004763002552332656
45500,0.015198703363962552
45505,0.0009530754421330298
45507,0.0007617275283577821
45516,0.0008098777054506888
45528,0.0009607972713127786
45530,0.0008915005697471565
45531,0.0007623342804549087
45533,0.004745901466358588
45537,0.0008589069945938487
45538,5.9042442341222285
45541,0.0006537661794752073
45544,0.0006860924832485036
45552,0.0005118660950903863
45560,0.000822022600162129
45569,0.00044490969045558025
45574,0.0008460560123569136
45581,0.0006860924832485036
45586,10.685855557794554
45588,0.000801845282205375
45601,0.000641595126090325
45602,0.0005789286759221847
45609,0.05598362790571702
45610,0.005954265075182461
45612,7.018622960931344
45615,0.0010137214209842346
45619,0.0004377842009862274
45622,0.012789417665724575
45624,0.0010401558555868718
45628,0.0004359069703124646
45645,17.82382899296976
45658,0.000564656537733779
45663,0.0012160864456162179
45667,10.695549129779584
45669,0.47832269950565065
45672,0.10324912845405783
45676,0.000761847331874777
45686,17.47703339421191
45689,0.0012085525993067955
45694,0.0009163914676633522
45704,0.00039636137615182515
45705,0.0007524411841211714
45714,0.301434977213605
45716,0.0005928872768600258
45717,18.47324886119571
45732,0.0036930437646749276
45737,0.000796020981456234
45742,17.448417409074203
45748,0.03754208772441438
45749,17.229288549973024
45753,0.025391616870571915
45758,0.009189388069024997
45760,0.0005423378057731416
45763,0.0004565634376012574
45766,6.2184786212555565
45776,12.03658119981431
45802,0.0010251676521153303
45804,0.18671176086908864
45806,0.017300971196335328
45813,0.0007982789804794971
45818,0.0008353893729197079
45826,0.005064129012009736
45828,13.356033441377964
45829,0.0004763002552332656
45837,0.0004540195579481665
45839,0.0009988674109506616
45841,0.0006868823334446612
45843,0.0006994334234570051
45847,0.0007552379459875735
45848,0.0006992801738206673
45866,0.000596635223198137
45867,0.008492546578315769
45870,0.03592203194503217
45872,0.0007195691697751177
45876,0.0004533111452604233
45880,0.0019530861968970934
45888,0.0008632237936391828
45889,0.22449829548451833
45894,17.60941509340143
45895,0.0004419575448019153
45898,0.0016021904164988097
45906,0.0004377842009862274
45907,0.0015195733651491461
45908,0.0007654017291851561
45912,0.014333462054604446
45917,2.2150628801940093
45932,0.0007726218796382763
45934,0.13167339576438108
45938,0.002371073716883621
45949,0.0008520453829519032
45979,0.0004797756499158347
45984,0.0005778165338449294
45988,0.0005625941284344856
45994,0.0008231989530085602
46009,0.0009982217199378447
46011,0.0004960381515378841
46015,0.001225740851369482
46020,0.0007356322207208505
46022,0.0004485614884569682
46031,5.900515829048788
46033,16.443337876071364
46036,0.000717446685679713
46038,0.03638654244839888
46041,0.5697105709555125
46048,1.3040661371073161
46049,0.0006263110016001318
46057,0.05043248862703905
46062,0.0010651351496310199
46064,0.0004261853744299628
46071,0.0006879018944411042
46087,0.010611228598394369
46092,0.0013882207868994218
46109,0.0007635655586632607
46110,9.681044908140702
46118,0.011295515869824099
46119,10.435298910939865
46143,0.0017556239682557108
46155,0.0006891732309168585
46157,0.0005918520227657138
46159,0.0007813894781216115
46163,0.0004200767536113849
46166,0.007604846651798868
46173,0.0008193242724423823
46174,0.00042176122824604515
46179,0.0005911897902390887
46181,0.04264860735838788
46188,0.0007235579554309973
46196,0.001008787385802013
46209,0.0014547627154676223
46210,19.673180749590244
46213,0.00045298739118274556
46219,15.217259691305092
46220,0.0008193242724423823
46223,0.00040135892569732764
46228,0.020722079621388848
46235,0.0004993159206381074
46241,11.8404022357761
46244,0.0007982789804794971
46245,0.0030665585251055632
46253,0.0006518128935093997
46266,0.12941365336286934
46272,0.0005871208405529073
46273,0.001024867951490464
46276,18.460775882860336
46278,0.0006932942090710776
46281,7.886641486412225
46282,0.0009163914676633522
46283,0.0010326315701154605
46288,0.0005625941284344856
46290,18.054611955992662
46291,16.916879567924234
46297,0.0019780518314633723
46301,0.0007403133987714118
46307,13.237850627108017
46320,0.0008254329098684816
46321,16.53826403564231
46328,2.642361916832357
46330,18.84294858315405
46335,0.030335411418704404
46340,0.19700783418827186
46342,0.0011924281938671987
46343,16.985285436557028
46346,0.0024349428417074067
46353,19.229345707020975
46354,0.0036897943435370063
46367,0.0009520859221748357
46369,9.589501915628006
46371,0.0007375183146920225
46373,0.0005163004601199896
46383,0.0006516826898863188
46385,0.0009900814085881328
46389,0.001423303057114939
46399,0.000708066813719714
46404,0.0010891266153845293
46406,0.0006928238741121804
46415,0.0007103987296075163
46416,0.027906094662588116
46417,0.00059820132755056
46420,0.4842794319275985
46422,2.0520511961244137
46424,0.0004422470704404
46428,18.16943508213128
46430,9.587907054580768
46431,0.0011236339625650912
46434,17.0277993473073
46436,0.008226541206552633
46437,12.286987669540379
46438,0.001018606376924605
46439,0.0009977491807843107
46442,0.0009313594066188308
46449,0.0004790921594904892
46458,0.0007578145630923453
46461,0.018313114971179854
46462,0.0004526182757120789
46465,0.0005951830289790845
46469,0.003999507029332003
46473,0.0007612262882594033
46476,0.0006139526041180344
46485,0.0008716049480548417
46490,0.0006860924832485036
46495,0.00039303477206114245
46497,0.022818256913519255
46498,0.0006492751346931609
46499,0.005121702833254634
46507,0.0004212112417263716
46512,0.0005138079568833895
46517,0.0009209922527208423
46519,0.0007725032885522081
46526,0.00046697212105401085
46534,0.0004589615488560281
46537,11.774893741582671
46540,1.6117347885571278
46544,18.200286473044947
46546,0.003387754653537821
46548,0.0019235258743430111
46553,4.650681009994958
46558,0.0015948574943362198
46560,0.020494305617567973
46561,0.0008204076930556269
46574,0.0006662796583408237
46577,0.002689245187379322
46578,0.11050714503261887
46588,0.004341119551666118
46590,0.0005902104731334113
46597,0.000789326991425479
46599,0.14944888449078256
46602,0.1022460714276013
46605,0.0004992645786824166
46606,0.023072291473798377
46614,0.03766860470009438
46621,17.751669046493998
46626,0.0007851155584861328
46629,0.8290835715258537
46632,0.0036763558488089364
46633,0.0004173528115888513
46634,0.0004071165085206822
46643,0.00032785669992761127
46646,0.000905153117681377
46648,0.0006891732309168585
46650,0.000599398778035323
46658,16.908037731828983
46664,0.0005272200280472337
46667,0.21865180591170846
46670,0.06303136993833336
46675,0.00044325015798371515
46677,0.0007982789804794971
46688,0.10415200902647703
46690,0.03852804974335416
46691,0.0008001514977649787
46693,0.0007821703796448193
46703,0.00059820132755056
46705,0.0004173528115888513
46706,0.0005290281718688674
46715,0.0015898018037118489
46720,0.00044370102649849655
46723,0.00043394108519219826
46727,13.763716765355074
46729,0.7492155700392662
46733,0.0006150549240187323
46734,0.000657058802423044
46735,0.001150436563132664
46736,3.8292106298567417
46741,0.0010850187692746853
46755,0.000524940578819126
46756,18.31893783262945
46757,0.0007612262882594033
46772,0.011599497597339758
46778,0.7962616323186742
46779,0.0879881411967157
46780,12.261069252183633
46783,0.7795560123476424
46784,0.0004585811700264888
46785,0.0018872460373765398
46786,0.2528628685991434
46787,10.356601373653657
46788,0.0008647435701516703
46791,0.0007201717789691876
46798,0.00364322041863331
46813,0.0004435301737651557
46815,0.0012160864456162179
46816,3.883685492696164
46817,0.001047776021816098
46822,0.0005954276142886559
46856,0.002529711801203291
46876,0.0009438851069283611
46885,3.8390347322498153
46886,0.0010644374068524774
46887,0.3764148326855635
46889,0.000923499887515242
46891,0.0005818357497853032
46894,0.0003593052893262489
46895,0.0010252856117286698
46901,0.0006048467005208347
46905,0.0006775674407429503
46909,0.0016575886076650576
46914,2.7503743240623497
46917,0.0006125152071467747
46921,0.0008977198960051279
46926,0.02202960044476559
46938,0.0012792906949951662
46941,0.0008001514977649787
46945,0.0007000121815800966
46953,16.58889304679427
46955,14.066832244536874
46961,0.03759463459973928
46962,1.2094844258286888
46964,9.409550678722784
46969,0.40462728644893015
46970,0.0009658586144670606
46973,0.004007652166833812
46977,17.737583739155422
46979,0.0009163914676633522
46981,0.0007401880384891925
46985,0.0005745667582154603
46996,3.841537105544641
47003,0.0006813048419341916
47011,0.025179687794297533
47030,0.02567166076597433
47033,0.0007060633349499048
47035,11.213896617244815
47036,0.0005941969660672905
47038,15.938215563751802
47048,0.0008131259924891703
47067,0.000638430069508045
47071,0.0004344774479210255
47074,0.003911337291837019
47088,0.0014130533330050368
47093,0.0006681367113988006
47099,6.6997899352940395
47103,0.0007323762855925722
47106,0.06291384790521586
47108,0.0006012637257800888
47111,0.0004959037951327283
47113,0.00043060105264513865
47116,0.0008887631587241252
47119,17.3829459524571
47122,2.409039241019684
47124,0.0004656429378119218
47141,16.396704114613915
47142,0.007805163436701899
47144,5.465233886659485
47145,0.00040467200938775936
47149,1.4034242657995741
47152,0.033734402764888365
47162,0.007883447635301993
47181,0.00038537082613353767
47187,0.0006543862956246495
47188,0.0006005478179973962
47191,0.0005918520227657138
47194,0.0006865699302704971
47199,0.0007822826692774348
47201,13.887244598587923
47205,17.0875808189897
47206,0.004635699199399275
47210,0.006593001057532943
47214,17.35250536972936
47216,0.0007523442260882983
47217,8.972654407002201
47221,0.0013345569064791931
47223,0.0007059952318402621
47228,0.0008548943373878346
47229,7.473885641663079
47244,0.09603819212843334
47250,0.0008167772482803974
47251,0.0007206646074155225
47252,17.778064814743118
47253,0.0008743233141875016
47259,0.0007036020713892084
47261,0.0005713366107813285
47262,0.0025545965617405535
47263,0.0006818108302980113
47265,0.005238671990964117
47267,0.0008193242724423823
47269,0.0009408452117446793
47270,8.50302538921064
47272,0.0005625941284344856
47276,0.000596635223198137
47281,0.0019246179255605548
47288,0.0006199767663466421
47289,0.04736632850072422
47290,17.072461853484377
47297,0.001752582693017237
47298,13.293491644449684
47306,0.0006691859802323741
47310,0.01085985551654074
47324,0.0008295683613442593
47327,0.0007466171171208056
47328,0.48142284533149854
47333,0.13374927140769197
47340,0.0004272483863557479
47345,0.0005702455666532159
47348,0.0010546295630939726
47353,0.0016522990225659195
47356,0.0005189662245050936
47362,0.0007458020312687026
47363,0.0007406031335160476
47366,6.239903175231543
47373,15.851262754813803
47374,0.0006210157613135705
47379,0.0014657196259672115
47381,0.0005920852831529121
47393,0.0006466741316404681
47401,18.564022604653754
47407,0.0011778967133825307
47414,0.0005713240727597422
47417,0.0004173204080389634
47429,0.0004065621801368817
47445,0.28676909301563197
47457,14.423837898584523
47462,0.0005623483809072338
47465,0.00082154982675539
47470,0.0016794949019962764
47472,0.1665413715130165
47473,19.13786328842922
47478,0.0007105551777530403
47494,0.0013566871802840527
47497,0.0010948445463463395
47499,0.011954724217605137
47504,0.0005402146687792808
47509,0.0006264648073981228
47510,0.0004261853744299628
47516,0.0005668986712563296
47518,0.0046209082203229595
47523,0.001855287673211644
47524,0.008519436600931251
47525,0.0008113408312210056
47526,0.006530421672422272
47527,17.572286306611375
47532,0.0007398523136880558
47544,0.0004697311347600762
47551,6.848029858550062
47554,0.0006892011681627984
47555,16.797977611249824
47557,0.033687619220101564
47561,0.0015461940292770828
47569,0.000596635223198137
47575,0.0005220081770905508
47586,0.000761847331874777
47591,0.000724910539208687
47593,10.123661069878617
47595,0.004575024538223154
47602,17.313257835573786
47611,0.0006383316343611887
47623,0.04883416514570046
47628,0.007520326573572421
47633,0.11746277740114801
47636,0.002254974374365494
47637,0.0024362808433905777
47638,0.27321012055468696
47641,0.00042993191836512775
47651,0.0007654017291851561
47658,0.0031285824230226724
47660,0.0015907118571330575
47662,0.0006702017501969596
47681,0.09876767952601954
47683,0.13953923058982776
47691,0.000747814770831585
47696,0.0004652341636984132
47697,16.62369121650536
47730,0.0006114383750477008
47732,0.011768078548803
47736,0.15712735932693836
47740,0.0021988329479249386
47745,0.000480575946199791
47753,0.0008937121444608974
47754,0.009748262230519349
47765,0.001590140028753555
47771,0.0006821323064909029
47778,0.00041661787655148665
47786,0.02987621000899614
47789,0.000844919116936125
47809,0.0006843046910646069
47815,0.0005402146687792808
47816,0.000786162160480976
47818,0.00043060105264513865
47823,0.000590751504477041
47825,9.50406740328465
47836,0.001506937140912192
47842,0.0006435898407950988
47846,0.008885650858062236
47848,3.3576879456825326
47849,0.001274039119875083
47852,0.0004253607136980106
47854,0.00035856416246880443
47876,0.005759341299868889
47880,0.025115938215466416
47885,7.206367168418566
47888,0.0007322682237123974
47890,0.0003739208512838118
47894,0.00691702715121204
47909,0.02040015103596175
47910,0.000558267098931446
47912,2.7555169591619553
47925,0.0007724634414365576
47933,0.39217517286485737
47936,0.015660940962921567
47943,1.747024115015573
47947,12.427028626497961
47953,0.0004526182757120789
47954,0.1707888987775603
47955,0.5649449266293247
47960,0.0012385540569326465
47969,0.0006375329954105286
47970,0.0004526182757120789
47971,0.009664834017667195
47974,0.18689980927810054
47977,0.00043060105264513865
47981,0.0007069277993279634
47982,0.8173361679057379
47985,0.000480140224892852
47988,0.0006222807034035626
47992,0.020655535716410184
47996,0.000735702490672585
48003,0.00044409907622131983
48026,0.9488206827366096
48028,0.0007800396109010737
48029,17.65015157299064
48030,0.06434579806782786
48031,0.02123617400635171
48036,0.051565806838117366
48053,0.0007912925198480124
48057,1.345253561224504
48062,0.00044748547268172185
48065,0.0008254329098684816
48066,0.03520964213843909
48069,0.0006321757927164231
48070,0.0006112935446435821
48076,12.267212566459358
48077,0.0007925654062973595
48084,0.0006263110016001318
48097,0.0009499148180813365
48099,0.0004300239401081094
48100,0.0007300370356257606
48110,17.191957908195075
48116,0.0007140209295570598
48117,0.0008043879994685191
48121,0.04261753086124039
48122,0.0009181174541690233
48131,0.0008209930473388829
48141,0.00044745668882188977
48146,0.000878264967519924
48160,0.00044323327786417385
48162,0.0006860924832485036
48164,0.000732650697510854
48168,17.09670645069273
48169,0.0011452070953370133
48174,0.0008254329098684816
48178,0.0006738114659247563
48182,0.0006831205270900742
48185,0.00041903612086024165
48186,0.018190211607246203
48196,0.04382026413751557
48203,1.6082338484571088
48209,0.0008927984647032223
48216,0.0005875892028011843
48218,0.0004966847253442183
48224,4.706881334422396
48225,0.000767698691389947
48226,0.0007713173786969621
48227,0.0007173593632369129
48235,1.6796380236503172
48249,18.030629015504097
48253,0.0004272483863557479
48262,0.001033629451501659
48264,0.0008471613704142631
48265,10.999997110677295
48270,0.2682104924323984
48273,0.0007863426887361746
48287,0.0005404217482479894
48300,16.867386529819775
48305,0.000537071710744078
48307,0.0007403133987714118
48313,0.862373600332754
48323,0.5037789628874642
48324,0.0006941534227129554
48330,0.0016782859968664712
48331,0.0007887984957494567
48336,0.008806701532737504
48339,0.0022096302421599776
48350,16.6026759322553
48362,0.0007982789804794971
48364,0.000485677779015028
48374,0.00047514364627135135
48376,0.0007074384919563387
48378,16.60951566840411
48381,0.0004763002552332656
48393,0.0007904228430554118
48395,0.0006662322153968115
48401,0.0004435301737651557
48405,0.0008391386657440938
48411,0.029952224297940262
48414,0.0006395921039784177
48416,0.000446604472548482
48417,3.8857252717529853
48419,0.0007216869515288505
48420,17.189519925629547
48421,0.0007979650655930986
48441,0.0005902902226031719
48456,0.00048068237403125135
48461,0.0007882366160704656
48482,0.0007673959483908667
48488,0.0009645792309681218
48498,0.0014446296391853748
48499,1.3380026983802347
48505,0.0005136934283242509
48508,0.000606116103128089
48512,0.020189885475586512
48514,0.0007005117412722087
48519,0.0004358465689722021
48524,0.0007403133987714118
48525,0.0007140209295570598
48527,0.00047320634373088056
48540,0.0006860924832485036
48541,16.38205592382247
48546,0.985228049066959
48547,0.0007490947713559613
48548,2.2464575756402008
48549,0.0025933246903728203
48550,0.8519660867611037
48551,0.008899453088683798
48552,17.261814544029853
48553,0.002149817926569457
48556,5.04634399688495
48561,0.2528628685991434
48564,16.64403489717022
48568,0.00047519917006764783
48580,0.0008943424835881548
48581,0.0004815679354456301
48592,0.0005487138333664562
48593,0.000680990284278164
48597,0.0007466171171208056
48600,0.007816911236932622
48602,0.0007323762855925722
48605,0.04538892270802497
48607,4.192525393646083
48609,0.5804267835300649
48610,0.0005660665915034458
48615,0.03420600586664828
48618,17.987600162313374
48626,0.2528628685991434
48629,13.189758044850127
48631,0.6186865798993064
48636,0.0016978530832077658
48637,0.0008191555262551302
48638,0.00209749233362621
48639,0.05280682965976158
48640,0.0010990580217538554
48651,0.0008088828029022893
48652,0.2366019879889091
48655,0.008240888027578486
48658,0.0018286267105835086
48662,0.0006860924832485036
48666,0.0005225797792034988
48671,0.0005895894321132907
48675,0.0007751688153074471
48680,0.0006520378770257572
48691,0.04363050187054383
48695,0.07665622681994014
48703,0.0006990178089082596
48704,0.34700673403140786
48708,0.0008298800990652104
48710,0.10456526783780187
48712,0.0007821057411192872
48713,0.0005122951036232566
48722,0.016588242976441427
48723,0.08807173050899249
48725,0.00048462907819686477
48732,17.519319929664746
48733,0.0012180145637796507
48736,0.0008283502037849317
48737,0.0006860924832485036
48738,0.0005922905031653452
48746,0.000595879371865831
48747,0.0005920135422603077
48750,0.0003658418309137737
48752,0.00043060105264513865
48753,0.0007724634414365576
48754,0.0004377842009862274
48755,0.0006199767663466421
48764,0.07281052925358729
48769,1.2090111948946118
48772,0.13703572989329496
48773,0.0006455199899103475
48778,0.0007110098535599984
48783,0.0005785043275108896
48785,0.0008936681086663329
48791,0.0067450118661682825
48792,0.0005134606717426057
48797,0.0009130578222680856
48800,0.0006963603638455494
48812,0.0024563613444414135
48813,0.0010437003272606186
48814,0.0012191251166806271
48818,0.013536210741272777
48840,0.01554059645859511
48860,17.04346892275292
48870,0.10564322598789125
48877,16.583930391673828
48879,0.0007005117412722087
48886,0.0003897429586126281
48891,0.0008192216708370245
48896,0.039263749913432254
48897,0.0005036480372296603
48898,17.97128695630486
48899,0.01720815631757929
48904,0.015795963898681032
48905,0.0016740585307197073
48909,0.0016021904164988097
48910,0.013574723002748179
48912,0.003576526811221701
48915,0.0009377597127647996
48918,0.001176924517820225
48919,0.3676179156604541
48924,18.03950361756062
48927,0.002013700334113898
48940,0.000364100410970851
48944,8.969246418537548
48945,6.784665165620183
48956,0.0005528857453601383
48963,1.194541535115558
48968,19.40686850666486
48973,9.014969474821221
48979,0.0008167772482803974
48993,0.040067471947002116
49002,16.89091344728469
49008,2.746638660334171
49014,0.0007063477331281739
49017,0.002011937925190023
49018,0.0005918520227657138
49020,0.03575144180043601
49027,0.008699178308493458
49029,0.0007493542750836497
49045,0.03601222422857324
49056,0.000863796319893919
49068,0.0037770060376288786
49075,0.0009838870402338138
49080,0.0007539702379838705
49081,0.00041661787655148665
49088,13.125133840102304
49105,0.0005672444970298252
49107,0.07946750900012196
49114,0.0009516505304768806
49115,0.0008193242724423823
49119,0.0005036480372296603
49142,0.0025681397403172984
49148,0.0007126589788797909
49155,16.657354694680993
49163,0.0012963532065098594
49166,0.09861375103926882
49167,0.013309607846089594
49171,0.6070603105817434
49172,0.0011310689919565488
49174,0.0007605413708685378
49185,0.0006325257904217128
49198,0.0006299576985390713
49214,0.000591863142156991
49215,0.0010850187692746853
49216,0.0005246681810817604
49219,17.461333388163588
49231,0.0252785583524259
49233,0.09822826398955985
49239,0.00622888785605816
49240,0.0006827365659535583
49246,0.02917574388455253
49247,0.0005528857453601383
49254,0.0007772133049762053
49259,0.0005669676806015997
49262,0.04209411827455512
49263,0.0008826874951022125
49265,17.80924000106298
49269,0.0005200365085587063
49270,0.023442319580574796
49279,0.0005377146254300374
49283,0.0015461940292770828
49284,0.0036695586658628404
49294,17.09246168371376
49298,1.050171109206428
49300,17.88202702422792
49305,0.0007111694149564365
49311,0.001552337506102491
49313,0.0006764095213888504
49315,0.00044748547268172185
49317,0.007128249886048339
49323,0.0004217869929862013
49325,0.0009119016871168041
49331,0.005368231475986697
49336,0.017417448115261216
49347,0.0008115801394626262
49350,0.00039439510647637694
49356,0.002817187073110483
49372,0.03627629402018679
49375,0.005506956084780938
49390,0.0006507056884601919
49392,0.0007466171171208056
49404,0.07241491696787233
49409,16.848105236150747
49415,0.002354141433991583
49439,17.956184464496356
49445,0.0004707658804738599
49450,0.0005768404125938451
49451,0.0008727069048361744
49455,0.05067402791061228
49461,0.0008001514977649787
49464,0.00043660679316635386
49468,0.0008741953043661175
49470,0.0007889907899219699
49474,6.035174008790546
49476,11.58896012665144
49479,16.98893535639833
49486,0.0006327287972700761
49488,6.5108061863013065
49489,0.0007330804215244841
49493,0.0007982789804794971
49494,0.0006562266355237381
49497,4.7307992016294715
49507,18.725073594156058
49509,0.0005731848149066593
49525,0.03666285003853971
49528,0.0007466171171208056
49530,0.0008150075254197012
49536,0.0005200616625392087
49539,0.0004178170901163906
49542,0.0005493056249777411
49551,0.0025754019619396175
49556,0.0005942407927683321
49559,0.018545338300480985
49562,0.004430474797579997
49565,0.0007007791584197436
49570,0.0011118022437960299
49571,0.0006860924832485036
49578,18.138001074052966
49579,0.0016548223023336128
49584,0.0009449758700488997
49586,0.001963784371688087
49593,0.07226773174370263
49601,17.6359725031135
49607,0.0009446324532716365
49614,0.0012600085831311583
49619,0.005963904340347602
49627,0.00042885559048107415
49630,0.00042191624299366836
49632,0.0005560291579409142
49633,0.0008123328644020926
49635,0.00044589639385515003
49638,0.4427842088213825
49644,0.0005743051374485916
49649,0.019492090121114653
49653,0.001907149887304719
49655,0.0006458882832825207
49658,0.0010381443785207215
49667,0.0005995053664306912
49668,0.0010429291728636543
49669,0.0007075775543071731
49685,0.015881135876333583
49692,0.0015461940292770828
49693,0.0006628234604668514
49700,0.05842893594646329
49716,0.0006822932906987279
49721,0.0006104836108851872
49723,0.39956943403167255
49724,0.0005708054054419331
49726,0.005467471260738958
49730,4.907475950037858
49732,0.0008878983054083026
49738,0.001588186198955004
49744,0.5620878265094165
49745,0.02415058060175177
49752,16.043858126840334
49753,20.38452884056096
49755,0.0008193242724423823
49758,0.05940644269534755
49759,0.0005971343517041688
49760,0.0017745590737595763
49763,0.09145610146055286
49767,0.0004166001305857669
49770,0.049354413982035994
49792,17.964565517310596
49800,0.0005193267997566088
49808,0.0004806768314448006
49817,0.0007466171171208056
49818,0.0006481158558685806
49819,0.00041071558930259216
49829,0.0004763002552332656
49830,0.0007140209295570598
49832,16.892261097183045
49833,0.003510669309813263
49836,0.0010369219405531854
49846,0.0007673959483908667
49848,0.0006304728975744062
49855,0.0009759093733659574
49856,0.08078152114778656
49871,0.005775898723372795
49874,0.000429568057288283
49891,0.0005929496015144237
49897,0.0006602284395814071
49898,0.0005168912306627698
49906,0.0008254329098684816
49907,0.0004526182757120789
49911,0.00043285609579431775
49912,0.0004763002552332656
49916,0.000708547924343685
49919,0.0005910711013302215
49924,0.0006516855079486742
49929,0.00045974476159835436
49931,0.025315328630463096
49934,0.010115697605903525
49937,2.208763620551848
49941,0.0006544808074973027
49942,0.6683905687284007
49945,0.0008242211398652437
49954,7.325649879591921
49958,0.0004526182757120789
49965,0.003999507029332003
49971,0.0008460560123569136
49979,0.0008215491412832832
49982,0.0031142143802521684
49994,1.2233419941701986
50003,0.0006199767663466421
50007,0.0007458020312687026
50015,0.0012726857975063094
50019,0.0006315955728645626
50028,1.235315034085481
50030,0.00046536740368977383
50034,0.0008660777876211016
50046,0.003329662103074074
50048,0.0004970608669118636
50053,17.622987608592666
50060,0.00042209922407731557
50061,0.000566220559199112
50075,0.002424100820953505
50077,0.0004815679354456301
50089,0.0006007259570785372
50111,0.0006690080657429991
50115,8.005955710566084
50116,0.00041696956331438814
50119,0.0018367781273071842
50124,0.0006389583887734769
50126,0.000706870482144398
50130,0.0005290281718688674
50137,0.000596635223198137
50159,0.0005736791397605667
50164,0.0008193242724423823
50173,0.0006303598998897998
50175,0.030161428351175808
50179,16.934171127440404
50183,0.0005904383164518758
50187,0.00863305426241286
50189,5.016671812238156
50201,1.0721733228496366
50205,0.0023365335312863526
50218,17.29483829808007
50220,0.2856309079000991
50227,0.0035460219636118664
50229,0.00791781114655631
50232,0.0006946982634437702
50239,0.0007378854178836408
50249,0.1846665271654441
50255,0.004405429880896659
50257,0.0004776162080404359
50285,0.0009138523393199276
50289,0.0006717852220415575
50296,0.003192031730603067
50304,0.000480140224892852
50305,1.4925607649403598
50307,0.0008687443190471704
50309,7.483684933644184
50316,0.001119126039558372
50318,0.004073463102068222
50323,15.696771811319735
50327,0.0005649401935122415
50332,0.00039286167004348266
50333,0.08940738015856292
50338,0.0007444328178788672
50342,0.00539537359926899
50346,11.47107513186821
50348,0.0005446621333999672
50354,0.013868136870887521
50357,0.0007506277189168203
50359,0.0008040338421291017
50368,0.007514269793322759
50370,0.0011278216552009553
50372,0.01095327106320584
50374,0.0005911897902390887
50379,0.0014616157591907325
50382,17.719177469685427
50385,0.0007126589788797909
50386,0.0005048211842969719
50393,0.00043484866368418703
50394,0.0008243262816540926
50406,0.00045119932706587574
50414,17.564860068384906
50419,0.0005911290585377021
50426,0.034153685572201824
50427,0.0005544451089391535
50431,0.6305599477187607
50432,0.006338312208536423
50435,0.0005171600899264382
50438,10.229753910624149
50439,0.03838354556217122
50443,0.0004217869929862013
50446,0.0007455394341110957
50449,0.0008543888198772238
50453,0.0004379454828362881
50455,0.7053235005116218
50458,0.2180275359148245
50460,0.7878105213451274
50464,10.97448058668419
50470,0.0005842248538643432
50476,12.441064310363412
50482,0.0006005478179973962
50489,0.5646813445678811
50501,0.0004589615488560281
50510,0.0009146151294330579
50519,0.0007140869132034187
50520,0.0009479041355785625
50524,0.04562445563221471
50527,0.0007982789804794971
50530,0.0008298800990652104
50538,0.28266856723371053
50543,0.0008283971960713791
50552,0.007631728528380841
50556,11.754048104452972
50559,0.001211354770172034
50562,0.0005918520227657138
50572,0.0072975978059576785
50575,0.0006035376022735556
50578,0.008195508065495443
50579,19.17212886358009
50591,0.0012904739708479765
50599,0.36996033629144043
50600,17.09053443881303
50603,0.0006934613227029855
50604,17.347759136359464
50607,0.0005740983565079397
50608,0.0011170031514432287
50610,7.442387813527596
50612,0.001640444625471696
50615,0.07785593822393533
50616,0.0006335885723808393
50619,0.015709700979822612
50621,0.000793879094757274
50628,7.150257115664443
50635,0.0009785326175934738
50636,0.0005947340539813791
50637,0.000752042347994262
50638,17.08960610955519
50646,0.0007282153061856304
50651,0.0004533111452604233
50653,0.017703987368644588
50658,0.0013339285462346422
50659,0.07632235040417498
50662,0.0043889023962464455
50664,1.3780000958331027
50670,0.035806970693960515
50677,19.236136320118945
50680,0.004547259784304903
50683,0.000684999251066079
50688,0.003950221332902461
50692,15.072839962369319
50697,0.0008155771563372936
50698,0.0017772950651405728
50700,0.001449666995497317
50703,0.08851660066169909
50709,0.0006833293679525276
50710,0.02164912519128225
50723,18.460983317378467
50726,0.07379640677152839
50735,0.021698160796962854
50737,0.0024113814788454643
50739,0.0007678505915936194
50743,17.188220698321043
50748,0.0007176058512702439
50755,17.970713879974276
50761,0.4029640690686242
50766,0.0008167772482803974
50787,0.00555036425554466
50806,0.002101403211937852
50807,0.0006369046791852219
50809,0.011197590288785359
50810,0.019438946386768203
50811,2.6694397435084545
50816,0.27359846792891246
50817,16.324255611684798
50819,0.0011574549666957322
50827,0.0004062090787523187
50830,0.0009651053996332429
50832,2.924917480989363
50834,0.0007287122936923947
50835,0.005118672220240948
50856,0.0011657467121614783
50858,0.0007545073900008356
50859,0.0005625941284344856
50862,0.0004688250433755809
50866,0.001005923561235343
50868,0.12438677497537531
50872,0.00048771367019888854
50879,0.00044325015798371515
50883,0.0004151964646774527
50885,0.0021691797713349874
50892,13.073115426117539
50893,0.0007574553989475248
50899,0.0061699731328810035
50901,0.0007407162804500941
50904,17.299340791566173
50907,7.104257937095672
50916,0.0003741887849001078
50918,9.416607188380222
50922,0.0007253117487124692
50925,0.0036779399189102503
50930,0.0008193242724423823
50931,0.022881206909861746
50946,0.0007534605282701656
50947,0.00043060105264513865
50950,0.0013098154680812996
50951,0.0011167721361673131
50955,0.00047865789080494495
50956,16.860039051525444
50960,0.0010427772721611358
50961,0.00036600971319018116
50968,2.7884316650374577
50972,5.553566574806701
50974,0.000508772584115565
50975,0.0007345966648720345
50982,0.0021301204347553004
50989,0.0005362518666690045
50996,0.0010881145416313967
50999,8.024682406931841
51008,0.0006742092532194288
51011,0.0008948566707007461
51016,4.914168417631993
51018,0.0006603317291272426
51019,0.7713959161525766
51022,0.015709700979822612
51023,0.0019169807540693174
51025,0.000614654718857037
51027,0.006370869130526311
51034,0.0020795753624113606
51041,0.0006719731283465115
51049,0.006395529511024074
51054,8.062190372345999
51062,3.370887174605688
51071,0.0008329743435398574
51076,0.0004264116558637981
51082,17.06517686073737
51085,0.0004688250433755809
51086,0.0034287949003433973
51089,18.85448216312505
51094,0.0008849350007738557
51099,0.0006192953691364457
51100,0.0005768404125938451
51103,0.0012723919655656057
51108,14.099211318547358
51115,0.000793380504631017
51117,0.17520918946364192
51118,4.067644065385979
51119,0.0005616398330839276
51125,0.0011171509239859153
51128,0.00045709426683277957
51129,0.000819086253101635
51132,0.12891852460674222
51144,0.5910448600288173
51148,0.0005213697268466082
51154,17.315184687531698
51162,0.0006704507125048308
51167,0.0007805187409672972
51172,0.0005184155325983588
51177,6.458443773523726
51178,0.0006817329131873454
51181,0.0015270386017901662
51184,0.05857882197866425
51187,0.0006877791505694126
51192,0.0011066795542371646
51198,0.0007739962306918737
51199,0.0004490893923821456
51202,17.891730890079206
51207,0.0007168953025436355
51213,0.0007700325868574367
51216,0.006978794636559223
51226,0.0005971343517041688
51228,8.520203281871545
51231,5.22151978133852
51250,0.0032446050466517448
51254,0.00045453035832445244
51255,0.001928630675400144
51256,0.004567005964832546
51258,17.3788806016207
51270,0.038193459292777426
51278,0.0008048555819440339
51279,0.0006329277713106185
51280,13.630645069029717
51281,0.00222726534502777
51284,0.0007712668221555329
51293,0.0007485209436735152
51294,0.0011139365916813654
51301,0.0007186511648110213
51306,17.50698343177196
51312,0.0005794962922689558
51315,0.0006891732309168585
51316,0.0008921748359336124
51318,0.009736934468660327
51326,0.0006076050883715982
51327,17.354478951231116
51330,0.0009172573124144335
51332,0.0005362518666690045
51334,0.00043072767741167433
51335,0.0006860924832485036
51343,0.001192537883522238
51345,0.49530785349761597
51346,0.0009718717342157188
51350,0.3203706446520589
51353,0.0008278590557199008
51354,0.0006836139194026027
51355,0.10571446535641979
51356,0.0006003445356890771
51370,0.0008001514977649787
51371,0.0008371211292607063
51376,13.011522077967985
51378,0.004827852057818462
51389,0.005068825904989018
51391,0.0008001514977649787
51393,0.03476143027921898
51394,0.0733933979230842
51395,1.390353191481711
51404,0.0006304233308147528
51410,0.00311554724780213
51419,0.0008548477669441653
51426,0.0007140671093401912
51432,17.77820320045662
51434,0.0005713245348463205
51437,0.0009084755495668963
51442,10.930521725446857
51443,5.056779820995153
51450,0.0008167772482803974
51451,0.010262093899864249
51463,0.0015438991550641545
51466,1.6928640652035187
51472,0.0036967787712760235
51480,14.916400198563773
51482,0.0005729537109457261
51484,0.0006860924832485036
51486,0.0007348160075169415
51492,0.0008286116807688796
51495,0.0004648156350213151
51497,0.0006272331647094773
51506,0.025657299710720328
51508,0.042941969552470385
51509,16.67107741634224
51513,0.000602849361343241
51521,2.8552834309864017
51522,16.897907272755546
51523,0.0006313081105788935
51526,0.0007249210085323076
51537,0.0006591580388313798
51544,0.005693423186019015
51546,0.0007140209295570598
51554,0.0004508486774785602
51556,0.0010040696824455747
51558,0.00043435077185723846
51559,0.013851496388225346
51561,0.0013588715724495682
51562,0.0004908054528846152
51563,0.04231962158501402
51564,0.0008216296114871389
51582,1.07000907436953
51593,0.04158374004060418
51594,0.36155531227783777
51597,0.0024332255609750037
51604,0.005579488894185093
51617,0.006100002501408588
51619,0.07630100301266828
51630,0.01012552636798772
51632,0.0006860924832485036
51635,0.0006152956324127866
51638,0.0006380006476127147
51645,0.0008251564969266997
51655,0.011760625829058425
51657,17.214866813153517
51671,13.919388630053897
51672,0.0005733600720009219
51680,0.0004435301737651557
51682,0.0009410415693748222
51701,17.62649829314876
51705,0.10407671939766297
51711,17.413112044743343
51726,0.0011782623829314233
51732,0.0007069277993279634
51737,0.6581926563687498
51741,0.0006113340317289176
51742,0.001955589019245821
51744,0.0006133011485892673
51754,0.0010381122037378474
51764,0.0008254329098684816
51771,0.0005911897902390887
51776,0.0016499024001413512
51778,7.5914479460596
51780,0.005512695824115696
51789,0.0007545073900008356
51794,0.0012355648964562326
51797,0.0034724972509919553
51805,0.0005595897414462956
51806,0.0006433669110075641
51809,4.893476870399942
51810,0.0005867046620574802
51811,17.402318777467624
51813,16.2054239380484
51827,0.0006213080275615568
51831,0.09978124555100629
51833,0.0005325279456887326
51838,0.0008254329098684816
51839,0.0007929159162507009
51840,19.420970317678453
51842,0.023054964593355008
51845,0.0013115807740521463
51855,0.0006891732309168585
51861,16.944680816594627
51862,17.16379002492068
51863,0.0006860924832485036
51882,0.0004668391775020407
51886,0.09454894682247819
51889,0.0006004597653260843
51893,0.0007588361968286659
51913,0.0004250880343537009
51916,0.01630968840038357
51926,16.955864299588438
51929,13.382344111675689
51932,0.0007846564609548265
51934,0.16330468003687548
51935,12.554390697930835
51936,0.0016021904164988097
51942,0.0012600085831311583
51945,0.001488677463452623
51949,17.864309577069253
51952,0.010102419243850172
51954,0.0007569386502369122
51955,0.0015002206525516503
51957,16.61114777082519
51960,16.843135611760083
51963,0.0006496022345335367
51968,0.0007777059077079981
51970,0.0007799012809052095
51973,0.0006891732309168585
51990,16.945739861178602
51994,0.0014289433595738963
51995,0.09573691809211131
52006,0.0007614269418865136
52010,0.0006901674661777331
52017,0.0007908567529016175
52018,0.0010015550788925627
52023,0.137128581682802
52025,0.0005776633143177742
52035,17.445007372733333
52046,0.0007538458309192576
52047,0.0007787545069196649
52056,0.0007982789804794971
52058,12.930787901658599
52066,17.309080758774048
52079,0.0006318168480859863
52080,0.0005549472480678713
52084,0.0010150430729051686
52095,0.0005394866660129264
52096,0.0006523938713133166
52113,0.013453658519832596
52117,0.0010512394639322555
52127,0.00042176122824604515
52130,0.020342235802770524
52131,0.0008070872465405669
52132,0.0006860924832485036
52138,0.0008632642221948353
52143,0.0006149088956629546
52144,2.5840813280771107
52149,0.002101403211937852
52152,0.0007331312649693244
52155,0.08222870365901554
52157,0.0007844246877111514
52165,13.546914389954344
52166,16.866319209839567
52170,0.0006860924832485036
52172,0.0013542715437190377
52177,1.441659449672454
52185,0.0004410370552116051
52191,0.0030991344972714175
52207,0.0015461940292770828
52210,0.0005046943406760727
52212,0.50053373830851
52222,0.0006990178089082596
52223,0.8660512019102946
52228,0.3115975193635049
52231,0.001224618778366965
52232,0.0005575680650659971
52242,0.0005377497330338696
52243,0.0007513340035872555
52244,0.1321389863498772
52245,0.0008254329098684816
52246,0.0007823264335612064
52248,0.0007862731240462436
52254,0.0004278576942437043
52255,0.1457459994040611
52260,0.0005115205376474525
52277,0.000571507861658255
52278,0.0004533111452604233
52279,0.003424997185931286
52284,17.226741047712906
52294,0.00048786139941758497
52295,0.0005950730824718345
52296,0.0004435301737651557
52304,0.016588927745940663
52307,0.0010098118010726798
52312,0.0004526182757120789
52315,0.00468668810078701
52323,0.006785292035080594
52328,0.1298918078505057
52334,0.0005524927687457948
52337,0.0005760168213705774
52345,0.024755696933681744
52347,0.07378817917659333
52371,0.0008119757595825743
52373,12.259474963544964
52387,0.006489311170734725
52390,0.0007055119418327965
52395,0.00046726748326693206
52396,0.0005625941284344856
52401,0.0007982789804794971
52402,0.0007681710198716838
52404,2.8411898233813666
52407,17.799948990844637
52409,0.036386362381099234
52427,0.0007277195944534641
52441,15.39521987868705
52444,18.17143254050632
52445,0.0004763002552332656
52446,0.0008403663921369798
52447,0.0006125580287802489
52448,0.0008001514977649787
52469,0.00043146858031820057
52475,0.11445359537968783
52477,0.0004526182757120789
52481,0.000796020981456234
52487,0.0008860587435139967
52490,16.658913774026647
52497,0.026302252287477824
52502,0.0004435301737651557
52507,17.184412686532916
52511,0.0008001514977649787
52514,13.502618132729452
52524,0.7467235546019539
52525,0.01391199913179553
52531,0.0017126379690570455
52537,0.0009332818233901991
52538,0.0007380444015573734
52541,0.0005269746530070329
52548,0.0012024686112789246
52551,0.0007052486567809443
52559,0.000364100410970851
52566,0.028366930410605663
52570,0.009890895787653863
52574,0.0005895894321132907
52575,0.0007399244773341162
52577,0.0018629591133393106
52582,0.0007458020312687026
52583,0.0006633700831393511
52587,0.0006412709383294787
52594,18.2848259181513
52596,0.0009793596703838725
52602,16.585730974002747
52606,0.0009991118448544564
52607,0.016695039776462747
52610,10.174010918485447
52611,0.0010723445161905521
52629,0.0007724634414365576
52633,0.000609038594876722
52634,0.00889411636920247
52650,0.0007107009596657717
52651,0.0007929159162507009
52652,0.0020738215146068207
52656,0.0017005277572736612
52663,1.0186292402625876
52670,0.0006551912251437277
52679,0.0016322825926639206
52686,14.577385474557806
52687,0.0005745667582154603
52689,12.70293407392921
52692,0.12486702968865068
52707,0.0006696934777534399
52712,0.03676809106691066
52724,0.0006974639208240168
52728,0.0007772911541365317
52732,0.000827820602396734
52737,0.0004217869929862013
52741,0.022881206909861746
52742,0.0008727652045667318
52755,16.970784370245546
52763,0.0005760168213705774
52774,0.010067124932153879
52784,6.011020431517475
52793,0.0008435525798412725
52802,0.0010799588402291658
52808,0.0006114410941121271
52813,0.012977174953275087
52814,16.510617341144695
52818,0.0008283651217738603
52820,0.004912292546039307
52835,0.001082629122752117
52838,0.000793380504631017
52842,0.0009097189650242143
52851,0.000789931351720345
52856,0.0005116213465734054
52857,8.342183937695214
52862,0.0008109054134752966
52864,0.0006561730230063577
52866,0.0006901674661777331
52868,0.0007690988502333203
52873,0.0007220214169318029
52875,7.701601326236921
52878,1.0288108198730934
52886,19.770626852884
52888,0.04290314383153086
52893,1.3766730895271544
52895,15.52563663154053
52901,0.0004533111452604233
52902,0.02622477163498419
52910,0.0004365417393500836
52928,0.0004521237461355674
52940,18.242779253937176
52943,17.505818870764617
52955,18.246752540804856
52957,0.0009572609446005956
52963,0.0012340770918668313
52964,0.0004589615488560281
52967,0.05386171018600663
52969,0.004619706230689254
52972,0.0007998285308967989
52973,16.78794243314225
52977,0.0005947340539813791
52980,0.0006162481907965179
52989,0.0006003263840828442
52991,0.0013980647654002077
52996,0.0015002206525516503
52998,0.000730560635884589
53000,16.615971859558606
53003,0.46936097377939384
53005,0.01576316702695069
53006,0.000815773505755704
53007,0.0005170788310427919
53021,0.001477096712187154
53023,9.007213808433184
53024,0.0006860924832485036
53025,0.0039901030141819725
53035,0.0004482869887601571
53039,1.4218457647636957
53046,0.0007352828940844726
53047,7.3470287688140345
53048,4.562360670775482
53050,0.000916115208946104
53057,0.0007981408692348286
53061,0.0018189144720574938
53065,0.0007830354075513059
53067,0.0007456523862166483
53073,0.006986186797963337
53074,0.0008021538944150731
53098,0.0007322695707464796
53101,0.0007619554985281042
53106,16.714953709119488
53107,10.553141375634668
53116,0.0006860924832485036
53121,0.569078457821343
53125,3.481270203169011
53126,0.0007726218796382763
53136,0.000609038594876722
53145,0.0009584466180514884
53147,0.000452896775860751
53151,17.236995820002637
53157,16.095915448532672
53173,0.00042993191836512775
53174,0.0007538458309192576
53175,0.020900215189033084
53179,0.0006468320176741054
53188,0.0014428759280086527
53192,0.0006672402129613612
53206,0.00168182779132242
53230,0.0007059952318402621
53237,0.00035907372043142395
53240,0.0007642819521030766
53241,0.21412867272940256
53243,0.00043813138364227916
53248,0.051137911254810396
53250,0.0006891732309168585
53253,0.0013869168080968633
53261,17.61574590656828
53267,3.2551795045163123
53275,0.0006691206198815329
53278,0.0013420053412066695
53280,0.0005949812276333931
53285,0.00048822874604981785
53301,0.00764078881378912
53305,0.0006806467128256475
53308,0.0007982789804794971
53311,0.020871126399236457
53312,0.09007812512794822
53314,0.0013726503509817497
53320,0.0712821065089705
53324,17.09780412842005
53325,0.8121379336049005
53328,0.0012203248249468758
53330,11.475776852575382
53333,0.00043062881771391227
53360,0.0007203400843113851
53361,0.0004428337632159514
53362,0.000646702525058827
53367,0.0005733550201992106
53372,0.0006199767663466421
53375,0.0005823288495969844
53386,0.0006715457841169517
53402,7.81356995099685
53405,16.80412087909321
53406,0.0004797756499158347
53409,0.001162763037885248
53413,16.9570053486109
53418,0.00045290320064713893
53422,0.009039253791458953
53426,0.3420125732087762
53430,9.647881863196162
53432,2.6901694873932263
53434,0.043202122883912744
53440,0.0006005478179973962
53445,0.013851496388225346
53446,15.679384971777381
53447,0.0005827631285396533
53450,0.01522140085826357
53456,0.0006331744365911625
53459,0.13305855147786258
53472,0.09482790122228112
53478,0.10235610154278929
53487,3.8323295919521696
53490,0.000847494140816052
53497,0.0006978372786432278
53500,17.095165322724363
53502,4.974176882417764
53505,0.0025496303217544575
53507,0.0003621154132098408
53509,17.70072479803244
53514,0.001539921664126226
53518,0.0006251214901827443
53534,0.0009998593982793519
53548,0.00038693455644152797
53549,0.0009993551041735742
53550,0.03285761027914973
53554,0.005140091141547345
53555,0.0008303452218949108
53559,0.32235197975719687
53570,0.0014412188084398142
53571,2.7927173571091997
53574,0.0022548268980989838
53577,0.001336087955413667
53579,4.209734903554073
53583,0.0024953911329462005
53586,17.919338423329247
53594,18.255502503713544
53617,0.0010718447343474964
53619,0.006101875829007114
53620,0.0011171509239859153
53625,0.001303290833026998
53636,0.0004618321626040636
53645,4.502141654337194
53646,0.0007758812190573061
53649,0.0006250319872813726
53652,0.015671919146244596
53655,18.702896383921782
53667,0.0005954985570706782
53672,0.000923499887515242
53673,11.994497199771114
53681,0.002802454226974273
53686,0.0006975155532342075
53692,0.08632550598926933
53700,1.745377772402594
53706,0.0011516598471996088
53712,0.0004049749340527098
53720,0.0004528872067610373
53723,0.1256630837035863
53724,0.0008905308525277977
53727,0.000570270954776447
53729,0.0007612262882594033
53731,0.08653087907762626
53733,0.003353684276469348
53742,0.0005161242400302622
53743,0.0007399244773341162
53745,0.0010246256932009933
53748,0.0015447310418877959
53763,0.0008286116807688796
53769,2.7844741730373395
53770,0.0007220214169318029
53773,16.48189701848803
53776,6.999013821147315
53783,0.000842454512623919
53797,0.000690656954641259
53802,0.14720059519179032
53808,0.0044045242829466695
53815,0.0006812909124654218
53819,17.59182603778246
53820,0.0005690752619898537
53822,0.003825841902703074
53833,16.932462261554722
53839,0.002278535118679356
53863,0.0005402146687792808
53867,0.12181041365760745
53880,0.000617691633194732
53882,11.132251092009096
53887,0.0005135300570173316
53889,0.0026942012414100623
53899,0.0012600085831311583
53912,0.0004427150344385775
53914,16.976385813337348
53921,0.0008849812958739376
53925,0.0014762748349685735
53928,0.23907339880859296
53929,0.0007879445603865193
53937,0.0004453910060183146
53946,0.0006200351610478841
53950,0.00044325015798371515
53954,0.012632333214964134
53963,10.93682141038719
53968,0.0007408272911408719
53972,0.6525630063495644
53974,0.000617691633194732
53977,0.0004377842009862274
53982,0.0005673104462720955
53983,0.017963393340049254
53987,0.0009643466195520787
53988,0.0005220852588650628
53999,1.39331449328374
54000,0.03225814167638562
54001,0.0004361805093998631
54005,0.0004377842009862274
54013,0.0007549524580294598
54016,0.0004261853744299628
54022,0.004868390316474793
54024,0.0005337476205194869
54025,0.7111185214011908
54029,0.006585535787455056
54033,17.701547565261485
54038,0.0009692601332905825
54041,0.0008098777054506888
54044,0.0006878414449144873
54051,0.0007256877008988862
54057,17.520598885058767
54058,4.765849887166604
54059,0.0005625941284344856
54066,0.0004222761832879114
54071,18.145622804302175
54075,0.010891154745896501
54076,0.0015461940292770828
54081,0.000658839008325909
54082,0.0005625941284344856
54083,0.0007469435661738451
54084,0.0007403133987714118
54088,0.0013072235422006565
54091,0.0008001514977649787
54103,0.005922270774751511
54110,0.001967178736178357
54112,0.0007801743905513786
54115,0.0016021904164988097
54122,0.0006443343523707618
54123,0.0005446621333999672
54125,0.0005911897902390887
54131,17.948999513488214
54134,0.00040135892569732764
54137,6.903450907602353
54140,0.0006860924832485036
54154,0.031895346962187834
54158,8.273749664316785
54163,0.046386355891312014
54177,0.0009637716453720797
54181,0.0016745759834648182
54183,0.0004686988651840934
54189,0.0012634138496446542
54191,0.1292101613446419
54196,0.0008001514977649787
54198,0.049640727573056
54203,0.0014523080468028767
54206,16.712369376589063
54212,0.0007051073073576714
54217,0.0008254329098684816
54224,0.0005611356380907842
54228,0.0009583324962590432
54229,0.0006007943666997797
54233,17.127009949843
54234,0.017077127712642904
54239,0.0008486242870897357
54243,0.15145519183895761
54252,0.000606116103128089
54253,0.0006976899864499151
54261,0.0004054075606633982
54262,0.0006860924832485036
54268,0.00453539693523658
54269,3.8826955340864915
54272,0.0004965901651129481
54274,0.0006990178089082596
54277,11.909874304056842
54281,17.383488668830246
54285,0.0006715360918782737
54286,18.544281797900915
54294,17.238414494393968
54300,0.0008272957072269609
54305,0.00045701395059905003
54307,0.0017398590428227526
54308,0.0007846564609548265
54315,16.43977722494885
54316,0.013279760419658438
54318,0.0011432440521005377
54324,0.36052113993702106
54326,0.0018935042656388714
54333,0.0006769183424229885
54336,1.5058948362411244
54343,16.82458812639878
54349,0.021629206953245467
54352,0.0007466171171208056
54353,0.0009708352196540059
54355,17.570558716649153
54356,0.2849665766644725
54357,5.138898995325236
54361,0.0004896816334194613
54367,0.0009332818233901991
54371,15.387404426591747
54373,0.0007086603428673119
54377,0.0015461940292770828
54384,0.00038590261835726625
54387,0.017418972224748742
54395,0.0039913914944951995
54401,0.017340299525423233
54406,0.05919366467732845
54414,0.007796951513858408
54421,0.018063459739888606
54437,0.000886987177826677
54448,0.0006860924832485036
54449,0.0008660025688103708
54452,0.0005780369138874497
54462,17.205093074049785
54473,0.0007053109717386632
54485,0.0629346531350108
54491,0.0006003263840828442
54495,0.0019044647700998095
54499,17.717418093053688
54506,0.0006199767663466421
54510,0.0006194798234050179
54512,0.004091554184086168
54516,0.0006336297393462915
54517,17.595424017159964
54519,0.0005625941284344856
54522,0.0005814006030966067
54523,1.094911753300234
54524,0.0006236565186264706
54525,0.0007449391915660958
54531,0.0008154000237263427
54535,0.2190492703233619
54540,0.031895346962187834
54541,0.019063135947719
54549,19.375869930711794
54550,0.0008198422882232303
54553,17.34784958123726
54555,0.0008478931616874883
54556,0.0006410336594783398
54560,0.12716361843243967
54566,0.0012600085831311583
54567,0.0008353893729197079
54569,0.0004300065107007094
54570,0.8723067547963762
54584,0.00076409382356507
54585,0.0004815679354456301
54592,0.0007657225107207581
54600,0.005283263786627744
54602,16.7610339528647
54611,17.31153773404778
54615,0.0014910568702251113
54617,0.0006394718404011684
54624,0.0005971343517041688
54636,0.010542320767538627
54652,1.2406505415478306
54669,12.470272981009822
54674,0.0004735501284976141
54679,16.748733386127505
54685,0.00668537450424436
54695,0.15087703063975172
54705,17.58006526888849
54707,0.004405429880896659
54708,19.24078594886351
54710,0.8041883689919833
54715,0.0005934375879575797
54716,0.005072399539501547
54718,17.37643753458356
54720,0.0004272483863557479
54733,0.0007324234907251225
54737,0.000740179423421987
54751,0.12119438049228333
54752,16.455386356224913
54754,0.0006191179864724444
54755,0.0010071076709964066
54770,15.325399291790228
54772,0.0009180734961787189
54773,0.000581868632911257
54775,9.968707169280984
54778,0.0010309344056851624
54794,0.00041545314893456936
54799,0.5143677770264654
54804,0.0014030136926620747
54807,0.0005036480372296603
54810,0.0006965681020081442
54812,0.0006684601717171073
54828,0.000594530091687439
54836,0.0007710487972801526
54843,0.0008319958190239474
54845,0.006137576924453858
54854,0.0008342758098132088
54855,0.0004427858391077205
54858,0.000551439722206729
54861,0.0010832292737863384
54863,0.0015507520982448813
54865,0.00045671581548049607
54881,0.013478522855622982
54904,0.0008145670816258075
54905,4.8200030341512985
54927,16.82738461988918
54933,0.0006799691377639498
54936,0.004448418809781274
54945,0.001021137074702018
54948,0.0007805187409672972
54949,0.0008685285291677848
54952,0.5816910422528256
54953,0.0008460560123569136
54960,0.0003737940811425914
54968,0.0006869941349599997
54976,0.0005625941284344856
54986,0.0010928130573820793
54988,0.0008632237936391828
54993,3.2751922480316216
54994,8.422866042847543
54995,0.0010939918463161043
54999,0.07757685029176789
55001,0.0007680336795851152
55003,0.0007673959483908667
55005,5.205300272561577
55011,0.05964432404158333
55012,0.0007972097148054604
55014,0.0004216534723902177
55015,0.0014996745143780106
55018,0.0007846482243432011
55021,7.737097559569722
55031,17.993832148064918
55036,16.898734822651758
55041,0.0005768404125938451
55044,0.000879543722411804
55050,0.0006205889261679651
55056,1.5872111212450633
55057,0.024805875279088962
55073,0.0013902843200356992
55077,0.011353019376611383
55079,0.007980275544671827
55082,0.0006087154234190519
55085,16.698593045325506
55086,0.020348629256689173
55088,0.0007431336245220923
55091,7.937451330306184
55095,0.0005169164398915315
55099,0.003910234801692869
55106,0.0016511475055163267
55108,0.027763903602348906
55112,0.0008001514977649787
55115,0.22216104204034814
55122,0.15844821766978243
55138,0.05644260606274741
55139,0.01669112815307624
55148,0.03382823346473139
55165,17.699070256959818
55166,0.09497328406147558
55184,0.0015790900172349197
55189,0.006795576769319555
55191,16.77649438453401
55192,0.0009844702637024352
55193,0.0004300239401081094
55194,0.7094076512744191
55195,0.2966127434596851
55197,0.0007657225107207581
55198,17.255920802780036
55199,0.0007749035582711114
55211,0.001950891818965254
55213,0.0004419575448019153
55214,0.0004103000266840756
55215,0.007424465833789457
55216,0.0019472065346384682
55224,0.0005773405585861111
55227,0.4453519728276554
55243,17.914961788561374
55247,11.358076530143311
55250,0.0005838502523680248
55254,0.0006113340317289176
55256,0.0004688250433755809
55259,0.0006860924832485036
55265,0.0008391386657440938
55269,0.0005134606717426057
55272,0.006326474050273581
55279,5.053458890215355
55281,0.09183540774184504
55284,17.445917204519375
55285,0.0014934779503243257
55289,0.0008079808711679022
55290,16.73019783448405
55296,0.0034833458957121617
55304,0.0010293590896054735
55311,0.050812500322945355
55313,0.0006099380967089836
55329,0.0008283953671677441
55333,0.0006958755288159215
55341,0.00043060105264513865
55342,0.0005528540968718591
55347,0.00046627507519447645
55349,0.0019198230997744617
55354,0.0010040696824455747
55355,17.960522997483626
55364,19.437783092931294
55366,0.49126822408590354
55369,0.000697939626326691
55370,0.0009466606652294531
55372,0.000745441716540938
55386,17.104599091287625
55389,0.0004222761832879114
55392,0.0006435405370083307
55403,0.0007024832256857337
55406,0.0007408272911408719
55410,0.0042429146691433
55417,0.0007000753238368735
55419,0.00270183327780962
55421,0.0006117035071562562
55439,0.0004427150344385775
55440,0.006749589089304869
55441,0.000727230469129635
55444,19.409712828342883
55445,0.0004521237461355674
55446,0.04919484662566827
55453,0.0005877580165933024
55459,0.0007191097222493248
55461,0.0008167772482803974
55470,17.807734917000367
55474,0.006550245526100407
55475,5.058520545223004
55486,0.0010836758100869893
55499,14.652142252353656
55503,0.0005005519988665113
55506,0.005896130644409934
55516,0.0008471613704142631
55521,0.0006561730230063577
55522,0.3035066531498328
55526,0.01745553441928948
55528,0.0012391267759595472
55541,0.029788819883250234
55548,5.168764001727938
55556,0.0036653427870466035
55558,0.000915466235142081
55567,8.532795417495528
55573,0.000480575946199791
55576,0.0007532042263626093
55583,0.0003914134288409924
55593,0.039907924701400574
55598,0.00041270901140631527
55606,0.0008740233686827036
55617,0.0007943898430958598
55622,0.0006569552814892581
55630,0.000793380504631017
55634,0.0009837476191339157
55636,3.29508066759623
55640,1.2724632070026922
55647,0.0006891732309168585
55652,10.974962342405265
55658,0.0007758766732977397
55670,0.06106605303975445
55683,0.0025726209975281324
55693,0.006665501915528095
55696,0.00047188764824763823
55704,18.95575861996615
55705,0.0008408296968396686
55709,0.0007399985539269002
55711,0.0007537757754853112
55718,0.0006466235779587915
55720,0.00041385751802716886
55722,0.0016811503084714137
55725,0.0005032936910955772
55728,0.0010320352024002053
55735,0.0007700279284799414
55739,0.006880543184962852
55743,0.000648391278269846
55752,0.000923499887515242
55761,0.0004526182757120789
55768,0.0006860924832485036
55773,0.0009637716453720797
55774,0.0006829151593102177
55775,0.0004508486774785602
55776,0.004405429880896659
55781,0.0006854624686500927
55797,0.0004827601589677359
55798,0.0006524414821424447
55802,0.11604522273151437
55817,0.0005009634011781049
55819,0.00054967024265825
55824,0.0005250248879049961
55833,0.0032399869780205945
55834,0.19843831479483928
55837,0.0006813048419341916
55840,0.9456638609292861
55845,0.0005900690420480583
55848,0.03583921721932668
55850,0.015709700979822612
55862,6.832602139852573
55875,14.303292197921317
55883,0.05869988050800701
55893,6.923393467532842
55898,0.0005694051405181085
55903,0.0004508486774785602
55919,0.0006920928072053838
55922,0.4941412114661074
55931,0.35461057845917326
55933,0.0014790197488074555
55937,0.0006111719550496999
55940,0.3004931578130748
55941,0.0007657225107207581
55950,0.0009899684572938839
55953,0.0012250927117596357
55968,0.04903614917721559
55971,17.663023262947764
55983,0.011047046021905567
56004,0.0008529447334428199
56005,0.001410402315938519
56012,0.0004788456595396775
56020,21.164849163093788
56021,0.0014461074673663397
56023,0.0021927232272699773
56031,0.002528165972808046
56032,0.2584509140406915
56039,0.0006194798234050179
56040,0.002318862266049705
56045,0.0010641935692755965
56048,0.0008039906550413011
56052,0.02058485177657721
56053,0.0005387042499478817
56054,0.0010420121212883875
56062,0.0016736887540296911
56077,0.002567294770606691
56082,8.146253933263683
56091,0.0005250248879049961
56093,0.0005633325754508748
56094,0.0007401880384891925
56097,0.0007466171171208056
56104,0.0005169164398915315
56106,0.0006562266355237381
56111,0.0004201636898150305
56113,0.015134093657625997
56115,17.696179878704815
56117,0.001201578007098857
56119,8.00170278340539
56120,0.0010424632759073033
56121,0.11457863922613509
56135,6.354582756653436
56138,0.010707748649734736
56139,0.0004421328730804208
56147,0.0005649401935122415
56150,0.0009928648213161143
56151,0.0006867061814464441
56152,0.0007632579223180228
56154,0.0009274557419919973
56156,0.9681737353251074
56160,0.008824769157578374
56162,17.461841924815374
56165,0.002101403211937852
56176,11.073847615425352
56181,0.0006066475927303948
56185,0.0006971391180273557
56187,0.0022906326569029677
56193,16.923812785635544
56197,16.31898674284286
56205,0.001254679155191969
56214,17.78469798325859
56215,0.0007612262882594033
56216,0.0008622418002263077
56217,0.07747756867089402
56218,0.15110629544556503
56221,0.0007466171171208056
56227,19.215803802668848
56234,17.349431286161447
56240,0.06303136993833336
56241,0.07552022555581825
56245,0.0008353893729197079
56246,0.0009829681566505834
56249,0.0005548724716469894
56250,8.624456234596177
56258,1.6752598823304983
56267,0.0014058289998827983
56272,0.0007222461703579586
56276,0.07938260522965904
56278,0.0005293972949171124
56293,0.0009654346440042983
56311,0.0011007030726848462
56312,0.19835991610083825
56313,0.000839130758478456
56314,17.375089375269944
56315,0.0011251314945272073
56316,0.0007105551777530403
56317,0.004958256337294172
56320,17.346517521930345
56327,0.00042337053954412727
56331,14.155710461995792
56343,0.005560454359826847
56344,0.011507381288740287
56361,0.0004814582883536474
56365,0.00044325015798371515
56367,0.0007078700814295415
56368,0.0008909577069331879
56370,0.0006003263840828442
56371,0.00076409382356507
56376,0.0013755454588343318
56378,0.000652919363205954
56382,0.0003927855075059056
56385,0.09012581777058833
56388,15.223760513164468
56389,0.0008154000237263427
56396,0.0005838593971435286
56405,0.08632550598926933
56409,0.0006197666767800006
56410,0.006021938776385035
56412,0.00043060105264513865
56414,0.029180398095600597
56418,0.00568674246728025
56423,0.0006146989005450468
56426,0.0009301624544871392
56431,0.003356923116630444
56440,0.0004217869929862013
56445,0.0005171975477506719
56447,0.0006897711085637197
56450,0.0009321291999510187
56458,0.000846479920313661
56461,0.0005928872768600258
56463,9.340632501879771
56466,17.462366469661344
56477,0.000480140224892852
56484,0.003693531083891026
56491,0.0005764616269419836
56493,0.0006891732309168585
56494,0.0077760697674024324
56501,0.0007170142496996687
56509,0.0016962613434305205
56514,0.0006271824854161445
56518,0.00043060105264513865
56519,0.0005402146687792808
56521,0.08265920477297464
56522,0.0028076180627769785
56523,0.0007351540602040653
56529,14.1671817063341
56530,0.0006876666285147485
56540,0.0007013842985748455
56547,0.12996901008461387
56548,0.0006199767663466421
56563,0.0016131124311271887
56565,0.005613099918111592
56574,0.0006553639668650847
56577,0.0005767957754707488
56581,0.007145895751269049
56588,0.16585996687212406
56590,0.11312221236859507
56594,0.0004419575448019153
56595,0.0006141959458374078
56597,0.0012779693719962705
56599,0.00045701395059905003
56601,0.07123577218742028
56602,0.0011245595571277584
56611,7.089357611114435
56618,0.009693008677614893
56622,0.3421335596526121
56623,16.209929192525607
56625,3.5263089473431135
56634,0.3833457373001375
56648,1.9705672061545196
56654,0.0005875892028011843
56658,0.0006003263840828442
56662,18.9553098664148
56666,0.34848614117918675
56667,0.0006958755288159215
56668,19.344611158263707
56670,0.007075228127443612
56673,0.0009096753848385524
56678,0.0004907485995174415
56686,0.0006038171723006561
56689,0.0020759031851417032
56693,0.0011642922831538761
56706,8.066885356858887
56708,0.0005511120140810222
56712,0.03046815726419082
56716,0.0007401880384891925
56717,0.03974339259528837
56726,0.002207969760037518
56735,16.825677644394485
56754,0.0006715457841169517
56756,0.0006847086321884557
56759,0.0005875892028011843
56763,0.0012054338356637744
56779,0.4290279823198288
56780,0.0935357207011206
56784,0.0005960225852643484
56785,10.928157804396037
56788,0.0005250248879049961
56791,0.0008187580892667197
56793,0.26263996585219757
56796,0.08335952929441369
56804,0.00047519917006764783
56805,0.017510254274628812
56808,0.0015498556865821324
56812,2.329808103848501
56815,0.707076752948111
56820,0.16837234033340567
56825,12.034732055281134
56827,17.613333703753312
56831,0.000696662033255116
56837,0.09122679520603263
56838,0.0007458020312687026
56847,0.000686391439343054
56848,0.00042886017630198406
56850,0.0006763194257543572
56854,0.9132532030043876
56861,0.01388336310819566
56864,0.0007612262882594033
56880,0.0005155648229985094
56888,0.9095897558151107
56891,0.001326953799838083
56893,0.000630413471544531
56905,0.0006868845210463019
56909,0.0007659327379497908
56920,0.0006718158648050908
56922,0.0004868041192163502
56923,0.0004639705211510345
56924,0.0005435158210526746
56925,17.36546179013187
56942,12.245798280648657
56943,0.00044745668882188977
56945,9.578871008014364
56950,18.36728590759398
56958,0.0007454610800363034
56972,12.385886447141484
56973,1.1414246760678832
56981,17.070072419848138
56986,0.000565314692171385
56999,0.0007329044252498629
57001,11.365005633970975
57002,0.0004688250433755809
57005,12.899207493289063
57012,0.0004665657411857292
57022,0.0004179245602600807
57023,17.686005711353097
57024,0.008540029118009282
57025,18.95996783794524
57028,0.0003334865070314916
57029,15.857251047663814
57039,0.0007690988502333203
57040,0.0010139623812518788
57043,0.029788819883250234
57044,0.0012943305287381076
57051,0.0005117098780461044
57055,19.531847621148092
57058,1.1140309435402054
57060,0.0004599325053365001
57063,0.005808428443236563
57064,0.0008001514977649787
57073,1.1556331771959616
57074,0.0008619059047695896
57076,0.0007444454454998496
57090,0.6053272140552641
57100,0.00059820132755056
57111,0.0005640852389636609
57112,17.288639774670948
57114,0.0006180060910155749
57119,0.0006886947332519848
57126,0.00044820398829837444
57134,0.0009969717098360972
57141,0.0006600821580883721
57143,0.07929618829045501
57156,0.0006280998331585524
57157,12.694677887502127
57163,0.00043435077185723846
57164,0.0006456553144228442
57166,0.0016021904164988097
57167,0.10996524564352901
57170,8.851150294562816
57173,0.0014554643399189537
57174,0.0006010888978965173
57178,0.030282445299702615
57180,0.0005971343517041688
57182,0.0006402482899412405
57187,0.000524940578819126
57189,0.0006929109716537615
57190,0.0011878162229880312
57203,17.18356023735854
57206,0.0008391386657440938
57216,0.04563558978490337
57217,0.1212148670168037
57221,0.0008247450757136399
57225,17.122480251262736
57241,0.0008639192665566185
57242,0.013918731511431442
57257,0.0024774573658857173
57259,0.019917919815998754
57266,0.0005150365356630246
57267,0.0036022674525746307
57269,17.216414686971543
57278,0.003284104976981316
57290,0.0090293800384683
57294,0.0006194798234050179
57314,8.587816399258518
57316,0.010707748649734736
57322,0.0014100696487553438
57328,0.010574533151207295
57333,0.0006194798234050179
57339,0.0008119413074465639
57342,0.0008939769975080381
57346,0.001043907674723647
57347,0.00998047996026767
57365,0.0010040696824455747
57369,0.0012085525993067955
57376,0.020046556812290398
57377,0.021509576814665095
57379,0.0005702455666532159
57381,0.12210083940417663
57389,0.020411423310866077
57390,0.0015159209486162104
57392,0.08996121353526268
57394,0.0006860924832485036
57395,0.0008254329098684816
57401,0.12330887035296315
57403,0.0007358430959392872
57405,0.010673098286239054
57408,0.027786863585101833
57409,0.0005981326737949136
57414,0.00041661787655148665
57424,0.0027851424987287545
57429,2.5875287582514623
57432,0.02272692680020851
57434,0.0007193071854279627
57436,16.84092805266159
57444,17.581823124942336
57448,0.0004508486774785602
57449,0.0035012575119112515
57451,0.0007084855079802496
57452,0.00046856064849480747
57456,8.718704276238418
57457,0.16330468003687548
57466,0.012039057763379457
57467,0.0006213080275615568
57472,0.0008118546959828152
57480,0.00048209561941302254
57492,0.0007888381492322082
57497,0.0006598117925129391
57499,0.0010148196037049735
57504,0.0015461940292770828
57506,1.1393104812725787
57509,3.3150851321431487
57511,17.26113556110641
57522,0.0004173528115888513
57525,0.011285895975170965
57543,0.0007329044252498629
57550,0.0007571919546038948
57557,0.0005928872768600258
57569,0.850362072396021
57573,18.279264281289635
57578,12.540632390132417
57579,0.00044325015798371515
57583,8.051892159129348
57590,0.000596635223198137
57595,0.1464352157327901
57605,0.0007454738250335663
57607,16.095066434459145
57609,16.302458667387203
57622,0.0789665576512972
57626,12.430772063987344
57633,0.5530918010752695
57637,0.0006694377900640114
57639,0.0003694507329027522
57649,0.0013883630582098567
57651,0.0009049397501415349
57657,0.0006750621889965796
57658,0.0005054343356945513
57661,0.01844106784796414
57663,0.005317870638302807
57669,0.0004600163520443267
57676,11.202174237618438
57680,0.0008797629579664253
57683,10.047893642318263
57686,0.0006433669110075641
57690,5.2694177452664706
57691,0.0006114383750477008
57692,0.22407349940903543
57698,18.112514808688275
57699,0.0798225032383508
57709,0.000843078916642854
57723,0.0007059952318402621
57733,0.0006829151593102177
57738,4.875861629631161
57744,0.011047046021905567
57757,0.002469669370191781
57758,0.0007288988384239758
57764,0.0004508486774785602
57766,17.334140979020905
57773,6.485741747460939
57781,0.00042139623742667244
57783,0.10359093147543826
57788,0.00044323327786417385
57790,0.0006704507125048308
57799,0.00044435985525018135
57807,7.613681345691819
57813,0.0008576102132825681
57816,0.01212284332597613
57817,17.53531638067974
57831,0.00924432510774698
57834,0.0008489773786816377
57840,0.0007158645470984593
57844,0.00040467200938775936
57849,0.0008125316683305668
57857,0.0006842167416776975
57860,0.0004996013189582976
57862,0.0007382827568252679
57864,0.0008958486486997942
57865,0.0009647993056277969
57869,0.0007773169267858537
57898,0.045153579677969125
57904,17.493660902551543
57925,0.0007329044252498629
57927,14.562201858286667
57929,0.9532358853607331
57931,0.017111637583953634
57937,0.0008341378368445056
57943,0.06578445244893658
57948,19.19378637740753
57951,0.0007279442025977666
57957,0.0031219553333652586
57958,0.0007546805302009324
57965,4.253657495415927
57971,0.0007444217998794991
57972,12.19550748920108
57973,0.0008001514977649787
57983,0.08619564744288556
57986,0.0009181174541690233
57987,0.001105552352609167
57992,0.03449688615962164
57994,0.0004735501284976141
58003,0.00041757297499473757
58020,0.0007567162370022477
58025,0.0005914882540501642
58026,0.0004318640557949158
58030,0.0006088820826551403
58033,0.004662285319465303
58044,0.0008167772482803974
58045,0.0006004403718373404
58049,0.001035925673939484
58051,16.742300029565772
58052,0.0020297201212644573
58055,0.0007081094278201997
58065,0.0010040696824455747
58066,0.02716080512127862
58083,0.0018636404352311657
58089,0.0009513105736336299
58091,0.0012044099419105132
58093,0.0007097693699562493
58095,0.0005619501275489068
58106,0.025819434684897315
58111,0.00047307047516742756
58112,13.013012272147382
58114,0.03553619449915018
58124,0.0010707699830954476
58125,0.0006634800148616325
58127,0.0007078107334856103
58129,0.0003557656319015919
58132,0.00042176122824604515
58136,17.62060143930188
58141,0.0006860924832485036
58153,0.0008647435701516703
58177,0.0004435301737651557
58178,0.0019356747386481468
58181,0.00047865789080494495
58186,19.798822565931477
58188,0.007058282136467314
58189,0.0010218699867469748
58193,0.4495932810665561
58198,0.0008167772482803974
58203,0.0007680336795851152
58207,11.316670365296707
58210,0.33459292951616937
58217,0.0008796390048791493
58220,0.00046715742525077166
58224,0.14415072189300238
58229,0.00127611526509888
58232,0.0008998309367649121
58235,0.001400958240733432
58245,4.60524317946515
58248,0.008061243989860321
58249,0.013321104644461804
58250,0.0007929159162507009
58253,0.0007240516913007075
58256,0.0005669676806015997
58259,0.0046438567804375
58262,17.64647635897791
58267,0.000886987177826677
58274,0.0005928872768600258
58281,0.01611244213068118
58284,18.236841363581327
58285,0.0005659504548884601
58291,17.31644959058235
58296,0.0007446852326364127
58300,0.0014984338573432328
58305,0.0005967210048340554
58311,0.0005971343517041688
58320,0.0005917388762267918
58322,0.0007063477331281739
58324,10.77074817056356
58334,1.7644118847800776
58335,16.851384217480483
58338,0.00042856703982821086
58342,0.0004735501284976141
58343,0.0007256877008988862
58346,16.48188487246358
58350,17.674677520862566
58358,0.004591443739245024
58371,0.000618106605821819
58372,0.07392347286588666
58375,0.0007435546000743373
58381,0.0015005416644955848
58396,0.0013072235422006565
58398,0.0009084755495668963
58432,0.007226230387805134
58440,0.0008178623165414556
58454,17.622695838033486
58455,0.004405429880896659
58462,0.0003958568421256862
58467,0.0004379454828362881
58470,8.686509522306995
58471,0.00059820132755056
58472,0.0005904803235061088
58482,0.30437576264116384
58483,0.0008460560123569136
58485,0.0009163914676633522
58487,0.001284330627508988
58495,0.0021301204347553004
58507,0.10276207936958215
58508,0.000793380504631017
58512,16.832900009026936
58513,0.0938009975205378
58520,0.2444857499184418
58531,0.5101017007541102
58535,0.0004058988304951086
58536,0.0008314390531935087
58549,0.001936720737175855
58553,0.023220616700963287
58560,0.000805054727439787
58563,0.0006392755316857794
58565,0.0022572411368773915
58573,0.00043072767741167433
58576,0.0006544808074973027
58580,0.0007972097148054604
58581,0.0007338913146870226
58582,0.0005101890297997102
58584,0.0009684619496758518
58587,9.34766507430674
58588,0.0007233464288504594
58591,0.0010936751068973346
58602,0.0026259662674356318
58603,0.00043866944204301405
58604,0.000875417064276799
58611,5.7256251173436326
58618,0.0007112808584851289
58619,0.05605064639542392
58629,0.04038889981359591
58631,0.0008685659709271266
58633,0.0004765722835621122
58641,17.384383773132964
58645,0.0007950558459817328
58647,0.0006168960295686919
58668,0.0012600085831311583
58673,1.9203140051581702
58683,0.001187160631880862
58685,0.0004222761832879114
58687,0.000775869074088397
58689,0.0015159209486162104
58696,0.023220616700963287
58700,0.0006048655989900894
58701,12.537253456306319
58702,0.013560085476854935
58703,0.0006454376343478273
58719,0.0006990178089082596
58726,0.0007612262882594033
58727,0.0005118660950903863
58732,0.016872746543397762
58735,11.5046574113665
58738,0.0005207455287935081
58740,0.0060618148190038305
58743,0.0007728979324704516
58744,1.3343807657220101
58746,15.777458315411582
58753,0.00045701395059905003
58756,0.0011090099839609871
58757,0.0004747406598395805
58762,7.594373521597566
58770,0.00038020332492384593
58775,0.0004413460992807246
58777,0.0006227388424151635
58779,7.391597302215528
58780,0.002842010474315903
58781,0.0004833143908973406
58784,17.477754766101636
58786,0.19895706818297165
58787,8.127184284736085
58797,0.000832613276829796
58802,11.188631901703607
58803,0.000890985721276478
58819,0.0008231474433923012
58822,0.000677036449199736
58831,0.0014944446890708977
58832,0.00043052348593734384
58837,0.0015724135879962658
58840,0.0007614465963586153
58849,0.0008577339397742023
58850,0.0004171499141994027
58861,0.002230372133067799
58862,0.0022906013566094965
58863,0.0065365849066764915
58871,12.616339040181163
58872,0.0007739724220626761
58883,0.0008443233456672508
58895,17.581201648684857
58903,0.00042176122824604515
58906,0.01599591261317938
58913,0.00041757297499473757
58920,0.22119236810403672
58922,18.996576735816454
58931,0.0007773169267858537
58946,0.14421050210864925
58951,0.002013700334113898
58953,0.001282966626893953
58956,0.0012044099419105132
58969,12.115002864714807
58974,0.0012175606867335094
58985,0.0036651637977353673
58986,0.0004993159206381074
59003,0.0007112278243453634
59011,0.2651838772434666
59015,0.0006516826898863188
59019,0.0008750382298034617
59033,0.0051823058974458215
59036,0.00049110853621798
59045,0.15365376179887974
59048,0.011048854746523527
59050,0.2589026377289898
59051,0.0006443323983246544
59055,0.0013039830664708096
59056,0.0008519570022734564
59060,0.0004217869929862013
59061,0.0003588444144673624
59062,0.0006230382694870772
59068,0.007978703067080168
59073,17.152438945763333
59075,0.001309607719060025
59077,0.0010321229362014912
59084,0.17841638241749047
59089,0.0029751569709438753
59090,0.0005743331422509042
59092,7.482417326849164
59095,0.0009240177377117723
59101,0.002183130392484718
59103,17.577342496367557
59105,9.295966172831683
59106,0.0005395137934571016
59114,0.08341050949422671
59116,0.0006364520534419251
59118,0.0056337402883281165
59122,0.0009394504190659446
59124,6.5806185953065945
59150,0.05721164854720608
59154,0.0007079158289194396
59156,0.00039548729286235034
59160,0.0024707712796917646
59169,7.558435788410494
59173,0.0008229310729498567
59177,0.0006742092532194288
59184,0.0016990505637627155
59189,7.76806839016251
59191,0.001658264762853139
59197,0.002606968142994467
59203,0.0007119966886985675
59204,0.0006082447827081123
59210,0.0005121004186113414
59218,0.0016800420816696024
59221,0.0016471099590619463
59229,0.0008232966904038218
59239,0.00041100587064450374
59261,0.0004068203962935989
59267,16.99891746437826
59290,0.00046981544703370985
59295,9.352177817450684
59302,0.002946421958754125
59303,0.0009153626783444495
59304,0.0005670257758265052
59306,0.3859049025654605
59319,0.0005253917373033997
59320,1.4192739357249866
59328,0.005437869778681142
59329,0.0010381122037378474
59332,0.0010770505470482222
59333,0.0009797587328773786
59334,0.016387574953207917
59335,0.0011778967133825307
59342,0.017866001176810052
59344,0.0014762748349685735
59346,1.5366393631336805
59350,0.005527067583391573
59351,0.0008001514977649787
59355,0.008066450301283822
59357,0.0005619916867934844
59375,16.09086485480788
59377,0.0010660750882494892
59382,0.0008033416198626533
59393,0.005823824604584778
59395,0.0011462576712406786
59400,1.6992238570119906
59418,0.0005780369138874497
59425,0.0007982789804794971
59427,0.0008077507464683966
59431,0.004934805887406113
59432,14.359015903236989
59436,16.549682828349113
59441,0.00751841178615213
59445,0.0006414716633859464
59447,16.357631910843608
59449,0.0008001514977649787
59453,0.0011171509239859153
59459,16.505684496895483
59460,0.008632040614188489
59462,0.0006306797339187196
59468,0.0011564941118867669
59472,0.00063134665997297
59476,0.11333512961294703
59488,0.0016917663820467884
59491,0.0009091205520931671
59493,0.008901312959406231
59494,0.0006272840576126904
59505,0.0021977044864822663
59507,1.1402789008251273
59508,16.99690454167104
59510,12.770822366240917
59518,0.0004200767536113849
59522,0.0009923878602055964
59524,0.00043429367025832924
59525,0.05738054464108159
59532,0.0004173528115888513
59540,0.0006168746192698452
59549,0.0005991715562731264
59553,0.00047420012632743753
59555,17.864904153775573
59562,0.0007343497188658224
59576,0.004069372069213388
59582,10.592854784594335
59590,10.653548410619544
59592,0.0008001514977649787
59595,0.0010101883671152587
59596,0.015506923682002682
59597,0.020311465724407424
59598,0.0007587374589823637
59602,9.871459704888522
59603,0.0006280998331585524
59606,0.0006445135019473318
59609,0.35731773313506443
59620,0.001046263924276977
59622,0.0005036480372296603
59633,0.0005102148546473629
59646,0.05881283563181019
59672,0.011750847980877608
59675,0.000395176005896599
59678,0.05945482531711839
59679,0.0007887472714458792
59686,0.0008311023825144674
59687,0.0005870496220192677
59699,0.01799964281719637
59703,0.0010835028744614627
59704,9.209342420258768
59708,0.00044101921869349096
59712,0.0044754134132560346
59713,0.000976844260024512
59719,0.0012258995841632494
59730,0.0006544808074973027
59734,0.0010070430949939335
59735,0.0008001514977649787
59743,17.281355808834597
59749,0.0004763002552332656
59752,0.018332841344312296
59757,0.0014380360253638045
59762,0.0007452430010786113
59766,0.0005895894321132907
59777,14.286912029324338
59779,0.013563110282212413
59785,0.001042820174558353
59804,0.007964858218640406
59805,0.0015187219669347122
59811,0.0005093797887789434
59812,0.0006525821752687071
59820,0.011504060721627279
59821,0.0007718984849786916
59836,0.03304678321229892
59840,0.0011065033183131024
59842,0.0007329044252498629
59843,0.0033494727318930974
59846,0.0004396725540233377
59849,0.2196562108204191
59850,0.027595847137165896
59854,0.0007788940444772418
59855,0.0013220323424697946
59858,0.0005850713736984467
59860,0.0009028055971278036
59881,0.427428892908255
59883,0.000442678732229697
59887,0.0005605926690005538
59893,0.0006327008332230875
59896,0.0005922905031653452
59897,0.4387261978281759
59898,13.447240768631351
59908,2.401049402593366
59910,0.00043060105264513865
59917,0.00043072767741167433
59919,0.0006860924832485036
59920,0.0009401987100110844
59921,0.0008353893729197079
59924,0.000686973102856082
59925,0.0006924800573970731
59927,0.0006102033432521686
59935,0.01736277465548214
59940,3.975786063237803
59941,0.022500620283118354
59945,17.096817931083628
59946,12.908784927448204
59947,8.683047653973697
59949,0.00939292351532114
59959,0.00035091548986024
59960,17.8643325190103
59961,0.07938260522965904
59962,6.4065919667057925
59969,0.0006468824259650045
59972,0.0006581487486462808
59974,0.0006280103558721557
59976,0.0004797756499158347
59978,9.162158166120133
59992,0.0006895960064353721
59994,0.0008460560123569136
59998,0.036716320078900286
60002,0.0006645795508537597
60004,0.0005625941284344856
60011,18.14752410653724
60017,0.017144345540731836
60018,0.0006872825698838608
60021,0.0168122399661212
60022,0.00047420012632743753
60024,0.001014972255271048
60033,18.1211163228937
60041,0.0004250880343537009
60044,0.0007004910187926376
60053,0.000632910582772682
60054,0.0008238596350135692
60063,0.0007876435698416156
60071,0.0005789286759221847
60074,0.0008142758649185893
60076,17.542498361068873
60077,0.0007074384919563387
60078,0.0011025923417257862
60079,0.0008118250212358817
60082,0.09482790122228112
60084,0.006444148969956207
60089,0.0004173528115888513
60090,0.0006672486030966828
60094,0.0004222761832879114
60104,0.009110601100839475
60110,7.9116232789248215
60113,12.433609807853854
60120,0.0020102462130985473
60122,0.0007403133987714118
60135,0.0004508486774785602
60136,0.0015540816558211573
60139,0.0008243262816540926
60144,0.000485677355258463
60146,0.0006666003879992347
60147,0.07581245278697929
60194,14.556655617875728
60218,0.0006679293076081542
60221,0.0004435301737651557
60233,0.11181678329734264
60236,0.0013776926923031701
60241,13.016365450163871
60253,0.0005272200280472337
60261,0.0006662322153968115
60269,0.0006854624686500927
60276,0.2824915597281642
60280,0.0004533111452604233
60294,0.011223244660461476
60307,0.00042176122824604515
60308,17.461396987468337
60315,0.000886987177826677
60316,0.6258398888900258
60322,0.03372499247958089
60325,0.0004526182757120789
60330,0.0004533111452604233
60341,17.171671087150685
60351,0.00044325015798371515
60352,0.0005965213825374779
60364,0.00042912906464966555
60367,0.02145091395212033
60375,0.0006765437374173569
60383,0.8183233236492267
60392,0.5032449848419407
60399,0.055945415002277586
60403,16.738289455686704
60404,0.0006199767663466421
60405,0.0006877791505694126
60407,6.377809308192884
60420,0.17143788065777868
60426,0.0007674865070586649
60434,14.939536509474616
60439,0.0016430512824190569
60454,0.016148753680132466
60457,0.00041696956331438814
60464,16.656004517305703
60475,0.0008194472764992021
60481,17.492977727709633
60487,0.0008632237936391828
60488,0.000480140224892852
60489,0.00047865789080494495
60491,0.0011715868179279574
60493,0.0009446324532716365
60504,0.0007429583658567278
60505,0.020757922465364568
60509,5.245275988962054
60510,0.0006230382694870772
60517,0.0010256551883438055
60520,0.03434993770422949
60528,0.0004521237461355674
60531,17.136409165562974
60535,0.000800994491676705
60536,0.0005876802921197526
60550,0.0010066640150717889
60551,0.0004377842009862274
60555,0.0008353893729197079
60556,0.0034291795018136515
60562,0.0014147887995909964
60567,1.582757976904368
60568,0.017439679409353356
60572,9.270359917303786
60573,15.13358293367472
60574,0.00044748547268172185
60577,0.0008001514977649787
60591,0.011445857148888319
60593,0.000575000052922945
60595,0.002666587207699528
60596,0.0033494727318930974
60602,7.51983120478287
60611,0.0010955064966229335
60613,0.0006564669280734324
60617,0.0005818357497853032
60619,0.0010653580090371874
60641,0.0009432385705334461
60644,0.0004615734086846155
60645,0.0006854624686500927
60657,0.0006812195695933493
60659,0.0006679978265556789
60665,0.012177821160758951
60666,0.035693160913964496
60668,0.0008021538944150731
60669,0.000853939544308842
60690,0.0004945654268505638
60696,0.0007673959483908667
60704,0.00222726534502777
60705,0.0005528540968718591
60721,6.486190392464501
60733,18.035665847305786
60744,0.006657213019010524
60746,0.0008758666971028584
60758,0.0006891732309168585
60767,0.0005381576938197647
60768,0.0004173528115888513
60771,13.078355586468415
60778,20.105721576489653
60785,0.0005287726735094663
60786,0.00059820132755056
60789,0.006332379902288079
60796,11.172359723033978
60798,0.5149323004715928
60801,3.5787681412132235
60817,0.005754671837474616
60825,0.0009197465781840199
60827,0.0007690988502333203
60830,0.0038423473443252297
60831,0.0008393967817082184
60839,0.010707748649734736
60843,0.0009499520804605963
60846,0.006403734997333013
60853,0.00453539693523658
60863,0.00043060105264513865
60867,0.0016680040216153797
60870,11.248289317557
60871,0.018103870837184288
60876,0.0005379710164982973
60877,0.0006417728988270091
60879,0.001990675250386561
60882,0.0008813740841969212
60889,0.0004763002552332656
60890,0.0008060939495986569
60893,11.495347695544508
60894,0.0006612213979946196
60903,0.0010814468593686242
60910,0.0005081940093953445
60912,0.0012150472313090766
60920,0.008864287536603278
60921,17.43956675729097
60934,0.030660763809653085
60936,0.0004201309545421875
60943,2.104066512528417
60947,0.0006251715786814275
60949,7.185456457755727
60953,0.0008001514977649787
60955,0.00049786702084209
60959,0.008136356022857134
60967,1.0584023068311574
60969,0.0007700279284799414
60974,0.010102419243850172
60988,0.0006532127182713185
60994,0.0009163914676633522
60999,0.0384240614026975
61000,0.03220960548666777
61003,17.144417119241073
61011,0.0006242535890551229
61012,0.0007836258087805225
61014,17.23618635510315
61020,0.0005036480372296603
61027,0.0006449664212850778
61032,0.05407814381260519
61054,0.00047314053541689185
61055,0.0004521237461355674
61063,0.00803555066598861
61064,0.0012538472377656676
61065,0.004671799119475339
61066,8.086053091530392
61071,0.0003734293405620713
61073,0.0006709401986029204
61079,0.001150688044112995
61080,0.0005929496015144237
61083,0.035170031829715245
61085,17.837507245247444
61088,0.0012575576999949985
61089,0.003080128918125255
61094,0.0007491885135575076
61097,0.0007612262882594033
61098,17.290967747257117
61100,0.0007931093014186926
61106,0.020311465724407424
61110,0.0006468824259650045
61113,14.324462205048013
61115,0.0026240367694726685
61116,19.61367101663729
61121,0.00043060105264513865
61122,0.00043060105264513865
61123,0.0005542853321524076
61126,0.06618947522826213
61133,0.000795161681617785
61141,0.0004688250433755809
61159,0.19139100922193095
61160,0.0006251715786814275
61165,16.151185301898558
61166,2.7158881622175852
61171,0.0015731499933115786
61185,0.4147803780697619
61186,0.00039693907776837953
61192,0.0004173528115888513
61203,0.000480140224892852
61206,0.023098580570010147
61212,0.025596941863015237
61214,0.0009443615237869863
61225,0.0007025156988042563
61229,0.0014220240963999603
61235,0.0052374644320374985
61236,0.0012600085831311583
61237,0.0003920231354829384
61241,10.925690123211913
61243,0.0010559678008270992
61245,0.0014988112329118862
61252,0.0006350566364959994
61255,0.0006416033990173329
61256,0.0004533111452604233
61258,0.0005087217108557164
61260,0.0007917253142132209
61265,0.03670591275519843
61268,0.5538548663178268
61276,0.0005114036722250228
61279,0.005072399539501547
61289,0.0005625941284344856
61290,0.003247075370460359
61291,0.0011388408991719024
61296,17.72916247134475
61298,16.1933112609158
61301,0.001023129604030917
61307,0.002038343802593213
61321,0.0005625941284344856
61323,17.001143493196277
61330,0.0503431546419009
61337,0.0005971343517041688
61342,0.01945630787332695
61351,0.002079186058701255
61358,0.0008193242724423823
61359,16.744079001933365
61361,0.0037955145136641033
61363,0.0005937054622987953
61381,0.001922083795425961
61386,7.429808128961641
61390,0.004043051548438714
61407,0.0006315955728645626
61409,0.001108134144076942
61414,16.896846913823538
61427,0.0015750884897416772
61428,0.0006202487684791306
61437,0.00041903612086024165
61438,0.000596311338399473
61447,0.002883783833428958
61450,0.0009837476191339157
61464,0.07055649121554301
61465,0.0008797629579664253
61468,0.037781924593322413
61471,1.3715596889757145
61474,0.036620383797096756
61478,0.0005493056249777411
61480,0.0009327301352128698
61482,16.770339410722233
61486,0.0004300065107007094
61487,9.88363449240469
61488,0.09715474909814123
61491,0.00045331832546885556
61499,0.0008084322122318908
61506,0.001232850287071063
61523,0.001032644781027938
61525,0.00698878085104244
61532,0.0004585495215751823
61540,0.0005720945650034774
61545,14.781417383729865
61552,13.681872293685842
61566,0.0006210157613135705
61569,19.75764469058473
61574,2.160842770014372
61581,1.2865676843344815
61584,0.01181031543301966
61585,0.0009049580866700541
61593,0.0006256569184001566
61594,0.03571891475367788
61605,0.0006742909551624113
61608,0.027113673974480508
61614,9.345283150184144
61617,0.0014691192738951922
61619,0.002924035473024715
61626,0.6196329044884832
61630,0.0005970278861355372
61634,0.0018189144720574938
61643,17.48855151122081
61649,0.0006279316192707204
61650,17.594549843493276
61651,0.0008665106941097307
61652,0.0006981908945772423
61662,0.0009163914676633522
61667,0.018456106909743746
61677,0.003280028307717986
61683,0.0009601713189214909
61688,0.0005687195553629291
61689,0.0006415051124493675
61690,0.00037503641360817763
61691,0.0003835524431254915
61698,0.0015940988935694267
61701,0.000452896775860751
61702,17.65540222157029
61707,0.0018189144720574938
61711,0.010218895584859052
61712,0.020655535716410184
61716,0.0006821323064909029
61723,15.89021181833331
61731,0.007335898565279634
61737,0.00090994949875513
61740,0.00043516030691787623
61741,0.0006146153151750926
61748,0.0006011761203215681
61749,0.0005947340539813791
61750,0.0005767957754707488
61753,0.0008118546959828152
61754,0.0008779448342905746
61762,0.05369359374409396
61763,0.0006356331427726762
61766,0.00048771367019888854
61767,0.4495932810665561
61769,0.0004384685979330308
61776,0.0006860924832485036
61783,0.0005766070609037122
61789,0.0008254329098684816
61810,0.0007105551777530403
61811,17.39562904900169
61817,0.0006291590169966492
61827,17.578852839195218
61832,0.000534626257669654
61839,0.0017553605199951499
61845,0.00043060105264513865
61851,0.003101672239220703
61855,0.0016322825926639206
61859,16.87451646709596
61864,17.248399950702257
61872,0.02022009764706558
61879,16.52682171977573
61884,0.766659533161941
61899,0.8629923866572472
61911,0.7660930484481316
61913,0.0006199767663466421
61917,0.0007167667439428443
61923,0.00041903612086024165
61926,0.0007140209295570598
61927,0.1017552612230721
61929,0.0006749865447422597
61930,0.0006284708569968874
61944,0.009609272911579207
61950,0.03583921721932668
61960,0.0006962416645757055
61963,0.0006860924832485036
61976,0.15905021970036146
61977,0.0005544528199378142
61983,0.0007982789804794971
61985,0.005499722360305354
61991,0.0005268119084310397
62006,0.006322429583285246
62007,17.439981704132787
62014,0.15555601379634046
62022,8.931251097163985
62023,0.0005827631285396533
62028,0.007116226037125519
62035,6.842160550539589
62036,0.016480604186510348
62038,0.0007036277342903984
62041,0.22087886741347718
62048,17.611815314818436
62056,0.048737897986945354
62070,0.04310616387894583
62072,0.08609956378333443
62077,0.1502414887620553
62079,0.038467251954556914
62090,0.0005229614569007734
62101,0.0008836124813027821
62107,4.663978144652629
62108,0.0007627355879114721
62127,0.0005673104462720955
62134,0.000768464508736082
62141,0.001975211428911105
62144,0.014168126334692499
62172,0.0012600085831311583
62173,0.0007399244773341162
62174,0.0006348468568780552
62175,0.0028786239815524186
62181,0.000688517989042655
62201,0.0008591356647992805
62204,0.0007724634414365576
62210,0.0018189144720574938
62211,0.004933719829573346
62219,0.0006941534227129554
62221,0.0004222761832879114
62224,0.0006516826898863188
62227,9.354534854195975
62245,0.0003898975632031283
62256,0.0008034748016414802
62258,0.0006190566594917958
62266,17.491045034670204
62269,10.914051612536323
62281,1.1862344212327784
62285,0.0006924800573970731
62296,0.00047225696628368805
62308,0.000928691936498827
62324,0.0004763002552332656
62326,0.0005892382209167564
62330,0.0008001514977649787
62334,0.0008001514977649787
62339,0.04151024044259946
62341,0.0010321855379707497
62343,0.03652986817063233
62345,0.0004250880343537009
62349,0.0004300239401081094
62356,0.0007427026743827916
62357,0.0003631657258684805
62360,0.0004324977074816703
62369,0.0008254329098684816
62372,0.0004508486774785602
62376,15.416723023803709
62380,17.018535977064406
62384,18.435314971622528
62389,16.63728120803518
62394,0.000784123650640937
62396,0.0007971899594041602
62397,0.0007735083190870001
62399,0.0010830323605717665
62401,0.00042134209709077135
62402,0.00040004482512871954
62406,0.0012499341545705574
62412,0.0005493056249777411
62421,2.6946757308969698
62423,0.0008254649506447281
62431,0.0006851307882413046
62434,0.46149829533225584
62435,0.0006145433030280306
62441,0.0008743233141875016
62443,0.00064754833239176
62444,0.0009395061273856689
62446,17.632792164295
62451,0.0019198230997744617
62452,4.428657639645985
62454,0.06185687442531167
62458,0.0031439823968118937
62467,0.0004978561710637937
62482,0.0006195342150983698
62496,0.00043060105264513865
62498,7.623083459113462
62506,0.04926237420956098
62509,0.0007942116551560225
62519,0.00040458049922304835
62522,0.012181057529843867
62526,0.000480140224892852
62528,8.826425476063061
62531,13.248774686091116
62538,0.0005531261071992845
62544,16.7869971345912
62549,0.0021080103520188013
62551,0.09652653587139323
62553,0.0008208598042695955
62556,0.0008124215724453256
62558,0.0010392627371210894
62559,0.05719737120139836
62568,1.6874171914222231
62570,0.0005727016662455685
62574,0.0006443323983246544
62580,0.0007612262882594033
62581,0.00607034078101129
62583,0.0006766068630556458
62584,17.654035535698533
62585,0.011302075797275813
62593,17.811830360216582
62594,0.004556122164073634
62599,0.0005677219783314631
62600,0.0004243684320962774
62617,17.028086660635662
62618,3.8861711100917957
62619,0.0007358809539730393
62620,0.0034576141662966443
62630,0.0015404123102797378
62632,0.0016789131176975134
62636,0.0003958568421256862
62639,0.25801885652333706
62643,0.0006004597653260843
62654,0.0015937199600676026
62660,0.0013353887195804123
62661,0.0006941534227129554
62669,0.00279584713447529
62672,0.004198692332605158
62676,0.0005789286759221847
62679,0.001673629322351809
62681,0.0006951033338382246
62682,0.25493483217618984
62683,3.827124551640563
62686,0.0004606685714142301
62696,0.0007825754160219352
62703,0.0004555887609778715
62712,16.693468335328927
62715,0.002132984900314434
62725,0.0005971343517041688
62736,0.001105552352609167
62740,0.017539827054626426
62743,0.0007889866874237577
62744,0.39173106625843096
62750,17.847338242184463
62762,0.03919212526932684
62763,0.0006860924832485036
62770,0.0005535459436454529
62772,0.0008001514977649787
62777,0.00133599390494743
62778,0.000577896060588528
62782,0.0006350566364959994
62787,0.0012600085831311583
62789,0.0015078115869133328
62790,0.01787652240778322
62795,17.62241833099668
62796,0.0005451823815012305
62798,0.0004812694231882401
62799,0.004237368390562471
62801,0.001400958240733432
62803,0.271262640981805
62805,0.0008998309367649121
62813,0.0012072452491498976
62814,0.15990338078366884
62820,0.0007055119418327965
62826,0.0009332818233901991
62830,0.04731974860744401
62839,0.0005118660950903863
62847,0.0005789286759221847
62852,0.0008076459739652797
62861,0.0008193242724423823
62863,17.241232025229614
62870,0.00998047996026767
62872,0.0005272200280472337
62873,0.0007506277189168203
62888,0.0017557895516769483
62890,0.00045353134094865946
62891,0.0007256877008988862
62896,0.0060973500413375025
62901,0.0007063477331281739
62903,0.0009459511253204157
62910,0.0004945586322141953
62923,0.003105299244396529
62928,0.0006704507125048308
62930,0.0015270386017901662
62934,0.0007536910271646823
62935,0.0007226578431207629
62939,0.0006551912251437277
62940,7.325852808039525
62945,0.006100002501408588
62955,0.0014321764633488782
62956,0.0009936383599723673
62962,0.0007506795178172742
62968,0.9016144791678032
62969,0.9564454715177441
62971,17.845742307557252
62974,0.0006532127182713185
62982,0.0005650964776526613
62995,0.0014762748349685735
62998,0.0003776369534762887
63000,0.0007982789804794971
63002,0.0017405426668005858
63005,0.0004521237461355674
63010,0.0006204218484934895
63013,14.83853711424977
63015,0.0006247791975259995
63016,0.0009502070956097727
63020,0.0004166001305857669
63023,0.0011335511404478988
63024,0.0005713413746709383
63026,0.0008035844980291515
63027,0.0004791289974048599
63029,0.0014278662133564712
63032,0.1232752287012306
63034,0.011729474400181867
63036,0.05175642925585118
63038,0.00043060105264513865
63044,0.0005105662639865748
63046,0.004591443739245024
63047,0.046596346232547756
63057,1.2979672762853267
63058,0.0004173528115888513
63060,0.00045701395059905003
63064,0.0014344066299062184
63066,0.0004815679354456301
63073,16.983901913168147
63075,0.017077127712642904
63084,0.10885732657274905
63103,0.0004386898625751088
63104,0.0012600085831311583
63109,0.0004783320046681433
63113,0.000848593528940143
63120,0.008720923640904934
63133,0.0009332818233901991
63135,0.0007610506465145147
63137,0.0009684619496758518
63146,0.0005971343517041688
63170,0.0006924265670524842
63175,10.944327590245848
63183,0.08094468678972269
63189,0.000886987177826677
63194,17.10597293800759
63196,0.13441976881019574
63220,0.000703453606143908
63236,0.0011785799697418952
63237,0.005759381294755066
63238,0.0007005117412722087
63246,0.0004224441026802608
63256,0.0006742909551624113
63260,0.000553325183123851
63264,0.016924850853130086
63265,0.0005576429349672471
63272,0.0006805748541211977
63274,0.00362969803318065
63277,0.0007273902799264144
63280,0.0012915441534148801
63288,0.0005760168213705774
63292,0.0003883549064152297
63297,0.0004365417393500836
63303,0.01735320845168132
63307,0.0010139623812518788
63310,0.0009163914676633522
63321,0.013076367877037998
63322,0.008240888027578486
63327,0.0007982789804794971
63328,0.008451777041787645
63329,0.00046697212105401085
63332,0.005848698316538982
63334,0.0005625941284344856
63340,1.6206301631642694
63343,0.0007272148090152755
63350,1.2493721793819978
63356,0.0009332818233901991
63360,0.06123155031496073
63364,0.004701464111323234
63367,0.004708623466471953
63374,0.0007077749597635376
63375,0.0006919566183955074
63376,0.013478522855622982
63382,0.00043060105264513865
63385,0.0006143901456909756
63393,0.0009163914676633522
63401,0.017704073264320597
63402,0.001051975497007637
63404,0.0004261853744299628
63406,18.1198604021862
63407,3.3961676480254264
63411,0.0008087842086124412
63418,0.0012600085831311583
63422,8.516535886038621
63437,0.0068779263232222635
63444,0.0006774180815823942
63446,12.634515735253503
63455,17.946669450379282
63463,0.004610681592301408
63470,5.507705662693768
63476,0.926166067822097
63478,0.2525275149798435
63483,0.0004526182757120789
63484,0.0008001514977649787
63487,0.0008047422488665091
63498,0.06409121951172676
63500,0.0005625941284344856
63501,0.13954455837246782
63509,0.0008081331937261627
63523,1.4909333136854919
63532,17.331625996714713
63538,0.03199883144984597
63543,5.539562681675302
63544,0.000434424875677902
63547,0.0005947340539813791
63552,12.970671466023822
63554,7.305317176752842
63562,0.0009163914676633522
63565,17.325310569430737
63569,0.0006786148809967907
63571,0.0007125822592194358
63580,0.0004648132718804218
63584,0.0006017618997709065
63585,0.0008862081737825052
63588,0.0006293490935366413
63592,0.000745019004209559
63594,0.0006091466554137635
63603,0.0005911897902390887
63607,0.0006869941349599997
63609,0.00043072767741167433
63611,0.0007466171171208056
63617,0.0004261853744299628
63622,19.54852578735275
63623,0.00043435077185723846
63628,11.649114001913206
63629,0.011505926635671338
63643,14.088883689353958
63663,0.0011867120618265664
63667,0.0007036092326139558
63670,0.7179514962591602
63674,0.0003998123637323871
63684,0.0015723117030923162
63688,0.0008568332948607046
63691,7.11182321673923
63696,0.001559945768115556
63700,0.0007773169267858537
63704,0.0005740219557413461
63722,0.0006199767663466421
63724,0.0006236565186264706
63728,0.0011511370238899636
63740,0.005798579982946044
63742,0.0006410336594783398
63752,0.000886987177826677
63756,0.000974836560492957
63759,0.027037288666577248
63761,0.025970129047854874
63764,0.0009590468760048067
63776,0.0017706632158077315
63781,0.0006689796930203327
63786,12.87494535139518
63788,1.2841613647125594
63792,0.0006180203664339848
63795,0.0004648132718804218
63798,0.014955946801919464
63802,3.425507168321045
63804,0.2336277988878869
63807,0.0005933572458565772
63809,0.000596635223198137
63815,13.72897986122534
63823,1.1051162208322023
63832,0.00037661635980267916
63835,0.0006223838983318041
63844,0.01058855426424541
63849,0.0009933772416684586
63853,0.004862225591168558
63854,0.0005184744257162417
63858,0.363079664127066
63861,0.0006813048419341916
63872,0.2240477918775048
63874,0.0006504773413723406
63878,17.997296059058037
63882,0.00042337053954412727
63883,17.160990443866915
63893,10.364410331567537
63896,4.940284616124881
63900,0.0009332818233901991
63910,0.0004222761832879114
63916,0.0008138347403933991
63920,0.0005118660950903863
63934,0.042248583847429806
63936,0.0007396851787824354
63942,0.0006860924832485036
63943,0.007864415214720605
63944,0.3517421205351833
63947,17.113698992858325
63950,0.0008507746200875377
63955,16.658224364316226
63958,19.71939971970695
63960,0.0007736897673811396
63963,0.0021065922674843203
63967,14.477704200019442
63968,0.0105677725781541
63971,17.79547660526267
63979,0.0008254329098684816
63988,0.6356050208382471
63989,0.0007841500010022264
64022,18.939258324505555
64024,15.33055360939846
64026,1.686692532756807
64030,14.538354045806553
64031,0.000670266471243739
64032,0.039392971838470105
64034,0.0005699799444407963
64035,3.6084971977713813
64036,0.010028866234776616
64040,0.0010830323605717665
64042,0.00047342853806847435
64046,0.000638430069508045
64048,17.357317425737087
64055,0.01974178554834226
64057,0.0024938201978604085
64058,16.47049361366292
64065,0.0005527426323558006
64067,0.0004861824180351449
64080,0.0009670990330052844
64083,7.8087685417411254
64089,0.000595879371865831
64094,0.0039010819661806618
64095,0.15900095819299195
64101,0.04300194238482803
64102,0.0004953886971930744
64104,0.000596635223198137
64113,5.871903380437346
64120,19.92664385359362
64122,0.001058059657643392
64123,0.000788783184164613
64124,0.07547371215065798
64126,0.0008193242724423823
64132,0.0009767384971309588
64133,0.009916825331595564
64134,0.07527649200407742
64141,0.0005922905031653452
64146,0.0004149536976769284
64152,0.0005184155325983588
64153,0.0004526182757120789
64154,0.0012024686112789246
64157,0.000846794217409945
64159,0.004743980694699339
64162,0.0009902040354532395
64165,0.0011545262306356223
64181,0.0013433713914280383
64182,0.000499778711983605
64190,0.010574533151207295
64192,0.0007166195443158849
64194,0.00052280836383909
64207,0.0020911810135036003
64209,0.0056124398201058716
64210,0.000698618027790626
64212,14.344024906751361
64216,0.0007165194434407814
64219,16.637161042561043
64222,0.0003428650024065817
64224,0.0016206717509406952
64227,0.0007466171171208056
64230,1.6427258127967552
64231,0.044174152879118085
64238,0.0661371652363767
64240,16.76097584340463
64241,0.0009656907616853472
64251,0.23176867338041335
64253,0.002899866220979371
64254,17.34164944161998
64268,0.0010955064966229335
64270,0.01159409475416889
64281,17.35229257955881
64289,0.0005971343517041688
64295,0.0006278054968521228
64312,0.3110597953400532
64313,0.0009182797880023791
64322,0.0006145433030280306
64328,0.03499056183334921
64337,0.000684999251066079
64351,0.0006860924832485036
64356,0.0005946815593004971
64358,0.010471495692082718
64365,0.008001494865707389
64373,15.457862323333988
64375,0.0015750884897416772
64376,0.0004222761832879114
64379,0.0005265424246566586
64385,0.0009153851120524597
64405,0.0007195469694758693
64407,0.011071530628379447
64409,0.00044268558564019314
64410,17.90316777154991
64423,16.98025371719427
64427,0.01195492601799113
64428,0.0005451728702757909
64434,0.0024509182176559664
64435,0.0007401880384891925
64444,0.0007851219642899769
64446,0.0005708054054419331
64449,0.001050060714580389
64452,18.79409833000289
64461,0.01522140085826357
64472,0.0012531282108394768
64482,0.04232340820555849
64489,0.0004222761832879114
64492,17.93918672099449
64495,0.0005245442307561921
64497,0.0013486810848086766
64501,0.0007466171171208056
64502,12.497085423898724
64507,0.04591708856914725
64509,0.01040266734961371
64512,0.0008021538944150731
64513,6.2184786212555565
64527,0.0010102456957168996
64536,1.1971362398826737
64541,0.0008193242724423823
64542,0.0005438454288210362
64549,0.0007690988502333203
64553,0.0006151526847986228
64559,0.0007060633349499048
64563,0.0008001514977649787
64573,0.0006325628511467099
64574,0.0004763002552332656
64577,0.003221126765271698
64579,3.4888288439300097
64587,17.590223710540553
64589,0.0005625941284344856
64592,0.00047463363387404415
64610,0.05436661540907378
64611,0.013282525905225903
64618,0.0009134794987333805
64620,0.0007023954799513128
64621,17.256853104823968
64622,0.004278054080186605
64636,0.0009029184313994814
64637,0.0005687549315129429
64639,0.0007403368074371273
64643,2.222990204100366
64655,0.0007069277993279634
64659,0.0006915123107511269
64664,0.0006212457133735419
64669,0.0008312820335364781
64680,17.04154775157529
64685,0.00048771367019888854
64693,17.437263714935085
64695,0.0006885615916627475
64698,0.0059001351452113385
64700,1.4656761180099143
64703,8.698133796329682
64705,0.0007458020312687026
64707,0.0003897429586126281
64716,0.0008489128480999988
64717,0.0004585811700264888
64728,0.000524940578819126
64730,0.00542105263353297
64731,0.5142580478952554
64734,0.0008180092061355318
64738,0.009345650334291323
64740,0.0006851307882413046
64750,0.0019109489786728645
64753,0.0004724501262685419
64757,0.0009704321648033474
64771,0.025528615668235267
64772,0.008460620389767559
64773,0.0007200386574577815
64775,0.0010622219485073264
64778,0.0006611954885762212
64780,0.0004173528115888513
64783,0.0008663034770023334
64785,0.0019901393792888253
64787,16.802485916504214
64788,18.448678776619047
64796,0.03677966445822433
64802,0.00039292413362737225
64812,0.0005971343517041688
64817,0.0006503300014695072
64818,0.0005645296417044609
64819,0.000452896775860751
64838,7.271907745520568
64839,0.00040458049922304835
64846,0.0005608002314854805
64848,0.006100002501408588
64852,0.017547958426014105
64865,0.006213669880674752
64885,0.0018343693706472208
64890,0.0011331182924078972
64891,0.08212395790271698
64896,0.0004249186063948013
64902,0.0009218268228857667
64909,1.6992238570119906
64915,0.0004435301737651557
64920,0.001482061521249544
64933,0.007202244584104621
64935,0.0009504667074971614
64937,0.003959586902323295
64947,0.0004890611461423185
64957,0.31271895641745373
64958,0.0006048655989900894
64961,0.011309453506649466
64962,0.0009163914676633522
64966,0.0052416711933298285
64981,0.000711875096233135
64982,0.10345883970451637
64987,0.0006638360977825367
64989,0.024149278364579096
64992,17.549585131168328
65014,0.002800762605210108
65021,0.0010139623812518788
65027,0.0007411040692045927
65028,0.1501700959159548
65036,14.009789481346
65048,0.0007867712037611836
65051,17.099579604430637
65066,16.96989525801097
65067,0.0006860924832485036
65070,0.0006581445241105402
65076,0.000923499887515242
65086,0.09127464746182645
65090,0.000729151379814437
65091,0.0009429680879945786
65094,0.000652919363205954
65097,0.0010183692584440204
65098,0.001284330627508988
65101,0.002058006127595837
65103,0.0008408735607020242
65104,4.931482780950641
65106,0.0004421328730804208
65117,0.0006921939523786859
65124,0.0008462764762376892
65132,0.0005758542919077476
65138,0.0006005222872711123
65139,0.0004769739034377389
65160,0.0059967089577044426
65172,0.0006860924832485036
65178,0.0004788456595396775
65180,0.017819992491216387
65185,4.6676495477234905
65202,0.0004259088581759549
65203,0.000746284902541055
65204,0.009281683936913847
65209,0.0011236146938482497
65213,0.05040407291906316
65214,0.0007007791584197436
65216,0.0012024686112789246
65217,0.0009720395798637517
65221,0.0004521237461355674
65225,0.0007612262882594033
65229,18.99524658819017
65230,0.004257615105871285
65234,0.0006752579222029596
65235,1.6458453700528548
65237,0.0006180060910155749
65240,0.0006099380967089836
65241,0.000669153366980839
65257,0.0007538458309192576
65259,0.0006519411472638729
65269,0.0008001514977649787
65273,0.8021985324288586
65277,0.0004533111452604233
65278,0.007488992386617608
65279,0.0005900690420480583
65287,0.10037319006443786
65299,0.010743529966464188
65303,0.0004335550875667812
65306,0.0005875892028011843
65313,0.0005971343517041688
65329,0.0005395137934571016
65331,0.0015175419145770763
65336,0.0004353448062861579
65346,10.38431386221723
65351,0.0006260867826089404
65353,0.019063800774226893
65359,0.0008647435701516703
65360,0.006688981687344173
65363,0.0004763002552332656
65377,0.0009753250785456606
65381,0.0004217869929862013
65385,0.0013334817111199555
65388,0.7048181621968218
65389,0.000623159946624643
65391,0.0005440879634111759
65396,0.004995399318199546
65397,0.006100002501408588
65400,0.0010502715655279155
65401,0.0007064313288352206
65404,0.0004250880343537009
65408,0.0008167772482803974
65416,0.0006180060910155749
65436,0.0016800420816696024
65438,0.0021862105198524164
65439,0.0006073722596703919
65440,0.0005763240784266862
65443,0.05676037532103147
65444,15.326163911355147
65445,0.0004435301737651557
65456,0.19400388479820552
65463,0.0012563454600832196
65464,0.0005918520227657138
65465,17.52054972747873
65473,1.9982408854156422
65474,0.0007889866874237577
65477,0.0004243684320962774
65478,0.001716771670393308
65485,0.04344260997848597
65490,0.0009577969046432888
65493,0.001043907674723647
65515,0.0005704995044757275
65516,11.611594595924306
65518,18.925131191047615
65524,0.0012494895673875015
65529,0.001077213584800478
65532,0.00044886270724681543
65535,0.0005930990486842471
65539,0.0007626375409656527
65540,0.01460376290047086
65541,17.582579871360036
65542,0.00047865789080494495
65545,0.0007126589788797909
65549,0.0011073848734409239
65556,0.0005213892475053729
65557,0.0009108179270821498
65567,17.431889319897614
65574,0.0004427150344385775
65577,0.0010471512862030912
65580,0.4832096721029805
65581,0.0006801348784376425
65588,17.294974659694194
65596,0.00041545314893456936
65599,0.0007211829447365339
65604,0.0005413786125601195
65613,0.0008216166257527727
65614,0.0004377842009862274
65616,0.0028149322758093996
65620,0.0005557334841927107
65622,0.008136356022857134
65623,0.0012354577737539462
65634,0.0004951020103359606
65635,12.96885175352154
65638,0.024805875279088962
65639,0.00756189608493337
65646,0.0017624565920464374
65650,0.00045701395059905003
65658,0.0005310083482168262
65661,0.0015124579095405616
65662,0.0008233792055752219
65664,0.010120285581511793
65666,0.0004521237461355674
65667,0.0005653700863027509
65669,0.0008740233686827036
65672,0.0006150679522638377
65674,0.0003958568421256862
65683,0.0004267949815684476
65687,0.012101014833664794
65707,0.00036715672379722636
65710,0.0006194816747602308
65711,0.0008253337180683471
65712,0.0009381487844547544
65720,13.925839391145761
65721,0.0009446324532716365
65735,3.078244289059382
65737,0.0004599263964610779
65743,0.001601610062066295
65766,0.000832835571058909
65771,0.019287362262291004
65772,0.21551678467010632
65773,0.0008089341361213103
65776,0.056488237838183755
65789,0.000652919363205954
65790,0.0009163914676633522
65791,0.0037442754097998326
65793,0.19200061441255972
65796,0.028711688862914985
65798,0.0006720757014355541
65800,4.505944661618779
65806,0.0007673959483908667
65810,0.000745019004209559
65820,0.0012491969156083866
65821,16.8450916369622
65822,0.0004261853744299628
65829,0.0389080924887396
65839,0.0006658788157750705
65840,0.0007401880384891925
65845,0.0008887779708112983
65846,0.0007100066737822842
65851,0.0007713173786969621
65857,0.0009438628088604007
65858,15.547790805921206
65867,0.001349259167761899
65871,0.0005167631373580736
65877,0.0006226207250190077
65879,0.0067438225132967445
65887,0.0006282955707571814
65889,17.003185342259005
65890,14.250291770109751
65897,0.0007138637141036179
65920,0.0008284176780758974
65922,0.0023222207774706667
65931,0.0005503331628886204
65933,0.0004526182757120789
65939,0.0007229982083843847
65941,9.158198997040788
65951,6.008215544122373
65954,0.0008070872465405669
65957,0.0007055119418327965
65960,0.0006892011681627984
65962,0.022315364265713893
65967,1.7568797245048309
65971,0.0006704507125048308
65981,0.0005954276142886559
66004,5.964938416866299
66008,0.22630861083460121
66023,0.0006258810748616337
66029,17.222338957134276
66043,0.006489043254981871
66046,0.0006845983332734349
66048,0.0006924800573970731
66061,0.0026288121426189326
66062,0.0009797587328773786
66066,0.24585225554711032
66068,0.0076088375583492265
66072,0.0006481158558685806
66075,0.0005918520227657138
66082,0.00043466643223457723
66091,0.34442885993872996
66092,0.0004900052589914885
66095,0.0011452800990067176
66111,0.001006743446393182
66114,0.001057504875498411
66122,0.0004929323351920395
66135,0.0073129931418697515
66136,0.0010394580157495423
66138,0.009693064842703217
66163,0.0006691206198815329
66164,0.0006236565186264706
66169,0.0006912756346261398
66175,18.23466898419361
66178,3.5622870558462525
66189,0.00825242494524852
66191,0.0015461940292770828
66194,0.7991359207123532
66195,0.0009006414295987888
66199,7.795588246465419
66205,0.0005362518666690045
66206,0.0007456015996912962
66218,6.979981493208785
66235,0.0006107065563246795
66240,0.0010215396207513116
66243,0.07929618829045501
66244,0.0007627614932174869
66252,0.0008812717125222432
66255,0.0006761227062564787
66257,0.00046585698184176247
66258,0.0004217869929862013
66260,0.00041903612086024165
66263,0.0013414585282729068
66265,0.0006199767663466421
66272,0.0005078648822811209
66274,0.27250905679772097
66282,0.00047702269394742455
66293,0.0013473757099704358
66296,17.83675103665324
66298,0.0005156956447042073
66303,0.000646374977171053
66307,12.938417914995293
66316,0.000832835571058909
66317,0.0004272483863557479
66323,0.0009197465781840199
66327,0.3537699707620718
66330,0.00043060105264513865
66331,0.0011605575909342813
66348,0.0008409641458747364
66352,9.195554371461608
66354,0.0006761227062564787
66361,0.010084770520732525
66362,0.04230966466457647
66371,0.0007612262882594033
66373,0.0005188744530965261
66374,0.0005029843108128755
66376,17.128091525114293
66378,0.0006682680099395217
66379,0.0004166001305857669
66383,0.00037285694276432973
66387,0.00558563674814249
66389,0.010262093899864249
66400,18.656947481574758
66404,0.0008426724782048315
66405,0.011352076906875458
66408,0.0010676103464461093
66410,7.636392491080159
66416,0.0005971343517041688
66417,0.0012160864456162179
66418,0.5989185713409308
66429,0.0004789692490150874
66433,0.0007745821565458432
66436,0.0006337929625424975
66438,0.0008001514977649787
66441,9.883186271657143
66444,0.003261006915069084
66447,0.001191295851202228
66457,0.09792414833439676
66472,0.0005767957754707488
66474,0.0006369738818018673
66479,0.0009862936099796211
66484,0.3713225626788115
66497,0.0004815679354456301
66501,0.0005760168213705774
66523,0.017492749590377693
66528,0.18927154548282396
66529,0.0009084755495668963
66532,0.2780097992679388
66534,0.0004815679354456301
66538,0.0007393999157268913
66541,0.00046354941805199266
66544,0.42816356649692927
66545,0.001905927138489313
66546,0.0007042833880177899
66547,0.0008001514977649787
66548,0.0004000835923944297
66549,0.0008929830656875795
66552,0.0007578145630923453
66554,0.0006083888031660322
66565,0.0015461940292770828
66567,17.239636128702287
66569,0.0006788531666020841
66572,0.0006339466051378535
66574,17.516208429263415
66576,0.001643277513829778
66577,12.806831463729077
66587,0.0006861043905969018
66588,0.0004377842009862274
66589,0.0007068826987197269
66599,0.010885024114212685
66605,0.002734233151939235
66608,0.0384240614026975
66613,0.0011006754784084194
66616,0.000480140224892852
66621,0.00044325015798371515
66634,16.162633582515173
66635,0.0007372427231196763
66637,0.0007481285244465786
66645,18.27640779388114
66646,0.0006984886511433188
66647,0.0008733289493367885
66652,0.0007680056401598602
66658,0.0005711398471452505
66660,0.04288091236282051
66664,0.0010914195576173492
66668,11.207434984315631
66671,0.14184764922561857
66677,17.19368285302705
66680,0.0014285238384859349
66681,0.0037988454298809975
66695,0.03149292915666406
66699,0.0008100487596766518
66709,0.004550200918686886
66710,0.0005315107575344267
66722,0.0008167772482803974
66723,0.0005948607328754201
66725,0.0004508486774785602
66727,0.0006488600692996144
66728,0.005759867044317265
66730,0.0015002859112352447
66732,12.929172948868526
66735,0.000596635223198137
66736,0.0010573907743498625
66753,0.0010646831534626817
66762,11.42664091925237
66766,0.0005308199363094745
66768,0.0006808042953640259
66769,0.09271980334208682
66772,0.0013498010291123229
66773,0.0008193242724423823
66778,18.234994324387195
66780,0.0004688250433755809
66785,0.0008398104810229528
66786,0.013747881972464984
66788,0.8891421171475345
66789,0.0011043638524571818
66793,0.08779598174692016
66794,0.0007523758129201314
66809,0.007694755522753993
66815,0.001019978022690632
66831,0.0008254329098684816
66832,0.0005503074283597759
66833,0.000927785753481741
66845,17.240744995039865
66864,16.441999871077257
66865,0.0007658035117630133
66869,0.0038338219027215055
66872,0.0005985186819553292
66882,1.0536246321596396
66901,0.00228158813752146
66904,15.614180136314681
66907,0.9217248087279198
66908,0.0006098370256112484
66919,0.0008353893729197079
66924,0.0006946792832580754
66929,8.404201478930428
66930,16.81178509919452
66937,0.00629304888054921
66940,0.0006034196983812412
66947,0.030430672654800834
66949,0.0543657451945053
66959,0.0005625941284344856
66963,0.0006114319326010799
66964,0.0006718158648050908
66968,0.0004898457192159809
66973,9.475538711443729
66974,0.0017095402313453156
66978,0.0008286116807688796
66980,0.0007736731657030055
66995,0.6228430644025555
66997,0.046890848608813006
66998,0.01919699163125951
67003,7.107478756769981
67007,0.38348356335350375
67010,0.000745019004209559
67021,0.0011629479421575801
67022,0.0012616940845804766
67026,0.002972311009092756
67029,0.6956820694998032
67033,0.005874255638513842
67034,0.0008582028338551933
67036,0.0027773092366926736
67047,0.005454163723923824
67055,0.0011882752592797187
67065,10.468819407477
67066,0.0004944265510114029
67069,0.0004776162080404359
67073,0.029846796311314344
67075,0.000761918622041452
67077,0.00059820132755056
67083,0.0005366359741841821
67086,16.932197428343883
67087,0.0018641386131728818
67093,0.0004688250433755809
67098,0.0005167543390541824
67100,0.8216397050403568
67103,0.0016322825926639206
67112,7.2293541125471235
67134,0.0008286116807688796
67138,0.001432862872237443
67145,0.0009313515937195134
67150,0.000524940578819126
67151,0.0006076101406703471
67152,0.00832554064826194
67160,0.0016033131586491057
67161,0.009887294123704348
67162,0.001449666995497317
67164,0.0006544808074973027
67166,0.0007968449966432847
67181,0.0006860924832485036
67188,0.001400958240733432
67192,0.0007330254712312086
67194,0.0006773802078145025
67201,0.0007427990159449706
67223,0.0005155049839506319
67227,0.03583921721932668
67234,0.32044079710893014
67238,0.0004062090787523187
67239,0.0005887387212954906
67240,0.0008938485803894798
67242,0.8057761695005452
67251,0.011431372134969241
67254,0.000524940578819126
67255,17.601269496882026
67257,0.001030720665219999
67262,0.05526311648290636
67265,0.0005895894321132907
67267,0.0004435301737651557
67270,0.0006416033990173329
67276,0.01231634150298562
67277,0.0005735220693178577
67279,0.0006194798234050179
67282,0.21874314500956427
67288,17.54371380016031
67308,0.0007805027905126285
67320,0.0010883418750883922
67321,0.000623378072159524
67329,17.692731138695343
67333,0.0007331312649693244
67335,0.0006057380702718824
67337,14.333622340914218
67358,0.13558238493028893
67375,0.000480140224892852
67386,0.0008021053900692588
67394,14.197899020754628
67395,0.5769809126838743
67396,0.0007612262882594033
67414,0.000886987177826677
67419,0.0009869024577125883
67420,0.0009657160485152116
67427,0.0007517666551523601
67428,0.0006891732309168585
67431,0.0006044407355352546
67433,0.0008092067267661911
67435,0.0005900690420480583
67437,0.0005911897902390887
67440,0.0004521237461355674
67444,0.0008758071392463802
67447,0.00948285375963369
67449,0.0006410336594783398
67450,0.0005605926690005538
67458,0.000787261984623688
67460,0.005752095650807838
67472,0.07345536871652425
67484,0.09196941821543103
67488,0.03441258015199676
67501,0.0006095831288673119
67502,0.008617794195060396
67517,18.32273512098611
67519,18.04178382729838
67526,0.0006003263840828442
67529,0.001125724148059044
67533,0.0007129569063269364
67534,0.0016466920174693477
67539,0.0004526182757120789
67540,0.0005996367598319465
67553,0.001333465214946513
67556,0.26848131264766323
67560,19.330134395880613
67564,0.0009508631043173074
67566,22.0109934975026
67570,15.23099869691102
67572,0.0005251725817926493
67576,0.0010520103699172708
67589,0.19733060151780704
67596,0.3026767149838228
67603,0.0010704164577370191
67613,0.0006080746525659474
67617,0.000960464823983522
67622,0.0005823288495969844
67625,0.0039474393520534225
67633,0.0007612262882594033
67647,0.017703987368644588
67649,0.00033159465205970896
67657,0.0008274328443698941
67658,0.0005872927211102947
67662,0.01783835698627391
67673,0.002701728827733887
67678,0.0009163914676633522
67696,0.04032955284072509
67699,0.001032484184861213
67702,0.00035361830910090973
67715,0.0005044763830924809
67717,0.0005994821329895187
67721,0.001479781229073052
67725,0.0004763002552332656
67728,17.07162310165854
67729,0.0005895894321132907
67737,0.0006963603638455494
67738,0.007919001586430973
67742,0.07581245278697929
67744,0.010707748649734736
67746,0.0065365849066764915
67748,0.000618723253268522
67755,0.0005971343517041688
67762,0.20394194152211234
67763,1.75423923930791
67765,9.340073249410091
67770,0.00080706609717843
67779,0.0005273717405895301
67780,0.12464130772832353
67786,0.0004085167749429388
67787,0.0004435301737651557
67788,0.00390827262672797
67793,0.010298439916432891
67801,0.0005662856662695401
67803,16.602417413583503
67804,13.79839197925771
67807,0.000589934843950355
67810,0.0006101622835790008
67814,0.0006161396959140892
67819,0.0008595553613086789
67820,0.0004427150344385775
67825,0.0007644986801145057
67836,0.0004173528115888513
67841,0.5157467073600017
67843,0.0006099485137982728
67851,0.005713188871831509
67852,0.0007401880384891925
67855,0.00047534416265712
67858,0.0004217869929862013
67860,0.00044325015798371515
67861,16.939592340413864
67863,1.5543174332128127
67864,0.03583921721932668
67869,0.0006854624686500927
67881,0.36156852887708013
67893,0.0006236652410909139
67895,0.0009336095913680242
67898,0.0004377842009862274
67902,6.391885936831607
67907,0.00042374655719140924
67908,17.72215811461824
67909,0.0006749346066976305
67915,18.474156495296622
67917,0.0007021188935524711
67921,0.0009737443415812489
67924,0.0007110098535599984
67941,0.002371719264037351
67947,0.011109083690456899
67963,0.09021925098977572
67966,0.00039563921020088343
67971,0.07678363463854969
67973,0.0005875302291398892
67975,0.0008292624676948442
67986,0.0007055119418327965
67987,0.0006901674661777331
67990,0.02796788091373157
67999,0.0006850448081221079
68000,0.004913506283669189
68004,0.0007013842985748455
68012,0.5121585650983933
68014,0.0006000631268620176
68015,0.000524940578819126
68016,0.0005899280629222854
68024,0.000511253828483779
68034,0.005753102638805697
68042,0.0006544808074973027
68044,0.0021054032510080542
68049,0.0017343912786803937
68060,0.0007067619059326801
68061,0.00044766013258341664
68063,0.0016021904164988097
68065,0.0006800275156489802
68071,5.34229179539274
68073,0.0005903561243947247
68075,0.0005774754655695843
68076,0.7657072286613669
68086,0.0022524198845631617
68088,8.580003954469236
68091,4.611627042683994
68093,0.002469669370191781
68094,1.6323583935020671
68103,0.03694737435848069
68107,0.2966492718331471
68109,0.04432133153617923
68120,0.0013144722955481915
68123,17.770825423943364
68130,20.395157071927564
68133,0.19764000896833447
68138,0.0035037884783053453
68141,1.6969950363586228
68143,2.9835504554627774
68146,0.0005058194886398764
68148,0.032146303861217515
68155,0.0007323762855925722
68166,0.0006433669110075641
68168,0.00047865789080494495
68170,0.0005388163902807427
68174,0.0004117622109624885
68178,0.0007118387274073712
68181,0.0008590490630085481
68185,0.007711178804672039
68195,0.13501244723990724
68215,0.0006003263840828442
68219,0.000796020981456234
68221,0.0007435546000743373
68229,0.0005705389740296915
68236,0.00986737735680648
68241,0.007138174365060315
68246,0.007202244584104621
68247,0.000638430069508045
68250,0.000467021335269788
68254,0.0004993159206381074
68255,0.0008453659315018532
68259,0.0005548724716469894
68264,0.4172033266887574
68270,0.0008418233266651988
68271,0.0004540195579481665
68276,0.0004521237461355674
68277,0.02342855807244564
68280,0.000631772708832825
68288,0.0006106439300039444
68296,0.20551760960608667
68299,1.1961087045006162
68305,0.00040790235487970177
68312,0.009786370184113604
68313,0.0024785665479945995
68314,0.0005971343517041688
68325,0.0005896063776507485
68327,0.003993839509273685
68329,0.0006895725495095933
68334,0.0005149159451149552
68345,0.0008124215724453256
68352,0.4385722972005259
68357,0.0006394507617093422
68363,0.03438163238033767
68376,0.0009090919756681946
68378,0.0019327936365349386
68381,0.037781924593322413
68389,0.03934624127929678
68390,0.0008001514977649787
68392,0.0007060633349499048
68394,0.0010040696824455747
68397,0.0005972935878146847
68401,0.024826916609590223
68403,0.6278428611610305
68404,0.0022296465918596724
68410,0.0005485482548938447
68411,17.181232672471168
68426,0.0005782178964478969
68431,0.0007052295535951111
68435,0.0006860924832485036
68439,0.0007558093720077711
68440,0.04151024044259946
68445,0.0008022349515127414
68449,0.010486832561677093
68452,7.142441780162048
68454,0.0006048467005208347
68459,0.0008153887227247416
68472,0.000560614236781785
68480,11.853786664518394
68499,0.9334960260224877
68500,0.000670563709346209
68504,0.007091069594921351
68505,0.0010126801375468287
68508,0.0010381122037378474
68509,0.07050456332920804
68512,0.0012600085831311583
68513,0.00040293941479942327
68518,0.008271848935730571
68522,0.0006394718404011684
68523,0.39902257307006755
68526,0.0030099754207364754
68530,0.000638430069508045
68547,0.0005493056249777411
68558,0.0008353893729197079
68562,0.005449186102847416
68565,1.113866296170507
68568,0.000596635223198137
68571,0.0006891732309168585
68573,0.0004981876089471166
68583,17.10597293800759
68599,0.000884402924357779
68605,19.435354129413124
68612,0.000828042192573183
68613,0.0007448149840536638
68614,0.005303799131646898
68627,0.0007323762855925722
68628,17.23107230764346
68630,0.0005789286759221847
68640,0.22784421874566144
68643,0.0007547642126659291
68653,0.0004427150344385775
68659,0.0006813048419341916
68662,0.0006318931679391691
68667,0.41278829246085963
68668,0.0008001514977649787
68671,0.0005032936910955772
68673,0.0004377842009862274
68674,0.0019801029413529236
68681,0.0005646285550491611
68686,0.002850791273733242
68688,0.000480575946199791
68706,0.0008154000237263427
68707,17.52072253613173
68717,0.0008591903725963948
68726,0.0006918283715663937
68728,0.0015402266421359729
68735,0.0006348468568780552
68752,16.93050560181988
68753,0.0005562594270047251
68755,0.006509528957257596
68758,0.0006901674661777331
68763,0.869501926291697
68765,16.610739623527714
68769,0.0005792325136680703
68770,0.3291470565540398
68783,0.13188358328841998
68784,0.0005472258537148349
68786,0.0006801143177779282
68787,0.0008254329098684816
68788,0.0007612262882594033
68789,0.0006860924832485036
68792,0.00043488431099206974
68795,0.0014481781151906964
68797,0.0008959082767249157
68799,0.0004763002552332656
68806,0.000827920022094989
68811,0.0009658857410569761
68813,0.0006063599133999604
68820,0.0004216534723902177
68825,0.0004173528115888513
68831,0.0006860924832485036
68835,0.0005399821045955955
68866,3.328226452360732
68875,0.0007612262882594033
68882,0.019487137809583523
68886,0.0012280211660829292
68891,0.00607034078101129
68893,0.0005302075199174774
68905,0.0004526182757120789
68920,11.083398802246252
68924,0.0272518211358402
68925,3.8775777606970956
68931,0.00044846816011851425
68935,17.782270316784945
68950,0.0076011573249588375
68951,0.00080841451699286
68955,0.00042851569265220927
68956,0.0009928648213161143
68957,0.0033011349143942832
68963,0.0004435301737651557
68969,0.0004173528115888513
68970,0.0008478110382390835
68978,0.0009797587328773786
68980,0.0008118546959828152
68983,0.00045291316209220705
68984,2.886886488091728
68985,0.0005251725817926493
68986,0.02519984579110495
68998,13.875540000424191
69000,0.0016021904164988097
69007,13.012808644850585
69008,0.0006113340317289176
69009,0.000819086253101635
69010,0.0010579001027063149
69011,0.000793879094757274
69019,0.0008070872465405669
69025,0.004591443739245024
69028,0.06765949252890038
69029,0.0007078504706959048
69033,0.006157330803179669
69039,0.0004528872067610373
69041,0.0006236565186264706
69050,0.009402556992730769
69057,0.0016331414981492261
69062,0.0009221511861543543
69069,0.0004769739034377389
69074,0.0009928648213161143
69075,0.0025496303217544575
69076,0.04428904935733287
69084,0.0010707699830954476
69091,0.0005521601977825645
69093,0.010504475275514537
69098,17.00048875176659
69099,0.004539562423865581
69103,0.014305312919446807
69106,0.0033598720864344888
69109,0.002008722097491415
69114,0.006991655555120433
69124,0.0006925666852746656
69133,0.0016740585307197073
69141,0.00046626588671034414
69146,0.000850995847040041
69148,0.0006860924832485036
69150,0.004073463102068222
69151,0.0009185094011844525
69154,0.02415058060175177
69158,0.0004618114110045038
69161,0.00045701395059905003
69163,17.881727051791177
69167,0.0006315955728645626
69168,0.000623378072159524
69170,0.0005885651911332383
69171,16.1738037776422
69177,0.003878301008096037
69186,0.0006366135332937164
69195,0.10185983146435229
69210,0.0008254329098684816
69212,0.00934192199508152
69219,0.0004815679354456301
69224,0.01693422006293805
69231,0.0006894630313034691
69239,0.0004688250433755809
69240,0.002013700334113898
69242,0.003069849436395642
69247,0.06302420936203709
69258,0.0006805748541211977
69273,17.995658562325644
69276,0.0010374006155692706
69279,0.0006854624686500927
69280,0.005487939631475569
69284,0.0005895894321132907
69286,0.006731630707165248
69287,0.000717300099558614
69289,1.9902124110742014
69294,0.002051285873971206
69298,0.0004460104692812662
69299,0.018443965670737715
69306,19.247795160521406
69310,0.0007931286971941435
69338,0.0004427150344385775
69344,0.012310077186237143
69353,0.0010351226447746515
69360,7.330477082969864
69365,0.00043435077185723846
69370,17.491595039233456
69373,10.136611221555164
69380,0.013851496388225346
69383,0.008829803023574641
69389,0.00044409907622131983
69394,0.0006114319326010799
69396,0.0024407316556789398
69399,0.0007336021478788295
69404,0.007898522329520794
69409,0.0008527294890914588
69417,0.0006765437374173569
69420,0.5299316921046431
69421,0.8647440534088267
69422,0.002524512831446298
69424,0.00042337053954412727
69427,0.0010929452508916184
69440,0.0005081940093953445
69441,0.00045701395059905003
69446,9.40099405322257
69455,0.0006315955728645626
69461,0.004976267511177869
69463,0.0006846887897747196
69467,0.0009153626783444495
69469,17.385585550346164
69474,0.0006437066089951076
69487,0.0013353887195804123
69493,0.0005429491532051743
69494,0.0015270386017901662
69496,0.0006104500887199698
69500,0.2600722597657601
69513,16.657768939147864
69515,0.0004283159680084655
69529,0.0007700279284799414
69532,0.0006130171785902049
69534,0.00042404830231328975
69539,11.920762792946372
69547,0.0015348334861887316
69555,0.051678853619734434
69557,0.0007356076905085816
69564,0.0006858617102392056
69567,0.00039499036438422116
69569,0.05914814538634887
69580,0.0004173528115888513
69588,8.111702013513877
69595,0.0004102759454596991
69596,12.826508293016039
69597,0.002011937925190023
69602,0.0007399244773341162
69605,0.0006230664514203451
69607,0.0008574145117902551
69610,0.0005762062044845423
69611,0.0008254329098684816
69614,0.0004521237461355674
69616,0.20692469275281944
69617,0.0004526182757120789
69621,0.0035075139939589974
69629,0.0009608925166412795
69638,0.0008193242724423823
69642,0.000645657796592309
69649,7.252893424989432
69664,0.22489992938265413
69665,0.0005918520227657138
69674,0.0012678931779704467
69679,0.0039473116263692735
69681,0.00045331832546885556
69684,0.0009274557419919973
69692,0.0007227276915660661
69693,0.0006278190458063305
69694,0.019245142912822567
69701,0.0004637870784903731
69704,0.0005296768209477711
69709,0.0006443343523707618
69711,17.25759315940388
69719,0.0009837476191339157
69720,0.0005625941284344856
69722,0.0007568632201590848
69723,0.0004272483863557479
69731,0.0006821323064909029
69740,0.0008795331809397496
69755,0.0005257431628959139
69767,0.017760299827824292
69769,0.0006102033432521686
69776,8.622522655290101
69778,0.0009332818233901991
69779,13.10846114555282
69787,0.008214994922381168
69789,0.001906612782003177
69796,0.000745019004209559
69797,0.0006474916315971347
69799,17.57365353233807
69816,0.0004250880343537009
69821,0.006020299295074949
69827,0.0019125120574212187
69833,0.1434901821191757
69836,0.00048074525043146526
69841,15.722588074774984
69842,0.00039161377399018663
69843,0.0010883668148626707
69852,15.980420731908097
69854,0.0014547627154676223
69859,0.0010308803982121335
69870,0.0004508486774785602
69879,0.0006330580413029016
69881,18.214877277291002
69882,0.0005272200280472337
69888,0.0012417911806330323
69890,0.004591443739245024
69891,18.902098928942785
69897,0.0004217869929862013
69904,0.002013700334113898
69905,0.0008001514977649787
69911,6.759237262202729
69933,0.0008889007490185409
69934,0.0015461940292770828
69942,0.05240956697391343
69949,0.0014342236672352745
69950,0.0009434988742927813
69951,0.0004166001305857669
69973,0.0010177236869782108
69978,0.0004831208423912374
69979,0.0022285030768471503
69982,0.000631249982094494
69996,0.0008167772482803974
70000,0.21298600624814293
70004,0.0010118430092340848
70012,0.0005030538149296251
70013,0.006178351691227573
70016,18.612805364322814
70017,0.0008242211398652437
70020,8.887994019390609
70022,0.0007561293235120049
70023,0.000557027888431113
70024,0.0007126290163998777
70029,0.0009835151980412177
70032,0.0009182797880023791
70040,0.011837733113319066
70048,0.0007242490137099405
70054,0.011077777981187168
70055,4.6905753903928495
70063,0.5437278714463206
70064,0.011766312441233209
70069,0.0005056369868876339
70075,0.0004435301737651557
70076,0.008678116252965834
70088,0.0007093856592644288
70092,0.0007673018107336678
70114,3.7710291806299265
70115,0.0008797629579664253
70118,0.0010784775676128838
70127,0.0005036480372296603
70130,0.0009797587328773786
70134,0.11126483002460386
70135,0.00247376824997561
70138,0.00998047996026767
70156,0.19308682241115588
70159,10.353867299631236
70163,0.0009574528437773592
70172,0.000793879094757274
70174,0.00044325015798371515
70181,0.25858005306767323
70185,0.009192460551638698
70187,0.0390340739614435
70195,0.0005768951798574863
70196,17.746764271570242
70200,0.0009059910402838253
70201,0.0006647780211092378
70205,0.0003920231354829384
70207,0.01743397794014979
70208,0.0009837476191339157
70211,0.00045675343594037143
70212,0.0005118660950903863
70218,0.011515479626540506
70222,17.01094846246643
70225,17.292502944446234
70229,1.2172539328474676
70236,0.0004585495215751823
70242,0.0004435301737651557
70250,11.973349296717469
70251,0.000793380504631017
70254,0.006392688515445243
70261,0.0006874831926480935
70277,17.518136902408237
70281,0.0005036480372296603
70285,0.0009145185168577796
70291,0.0004141847884289025
70292,17.311861199791633
70293,0.060761646780846855
70296,0.022881206909861746
70297,0.0006411588515281431
70300,0.0007612262882594033
70304,0.0015461940292770828
70307,0.00046715742525077166
70309,0.0012360212425764077
70310,0.0005822806061078018
70311,5.352365371921906
70312,0.03103693231476068
70320,0.0009835504529811304
70321,0.002509679732436601
70327,0.0004153546072047351
70330,0.0006349588005141779
70337,0.03583921721932668
70342,0.08779598174692016
70344,0.0009160142508818579
70347,0.0008167772482803974
70349,0.0007007791584197436
70355,0.004135365421857053
70356,0.0009528115410217554
70364,0.0006812909124654218
70373,0.000635497624484984
70383,0.005560454359826847
70389,0.0004648132718804218
70390,0.0006289311647487913
70399,0.0007240932515411085
70402,0.0004504307735499728
70406,0.0012208880731916913
70410,3.0432031408719
70414,0.00037282328799808696
70424,0.0005957827630681709
70426,0.0006825126376013615
70442,0.0007327746044182214
70445,0.0012547607032518545
70449,0.0006113340317289176
70457,0.0007349880742702334
70458,11.816010275729656
70459,13.873988537321983
70462,0.0007390113791441148
70464,0.0005900690420480583
70468,0.0007331312649693244
70470,17.252513950186703
70472,0.21776941438262853
70475,17.037624466533984
70481,2.7319529616161846
70482,17.971201965968145
70486,0.0011017025409101188
70491,0.0007107667845950656
70505,0.0009153626783444495
70508,0.0009809857351355208
70509,0.0004565634376012574
70514,0.0007399824341029448
70517,0.0006513360916925363
70535,0.0007690988502333203
70536,0.000613493359869363
70552,0.0015804426604605446
70564,0.1653437589422156
70574,0.50053373830851
70575,0.051532842971872536
70581,0.003249978500474196
70589,17.143198460827485
70593,12.708599763070476
70602,17.46335846580202
70606,0.0008001514977649787
70611,0.12031389727344899
70616,0.0005216121047154768
70625,4.587342886958672
70639,0.3098332727915126
70641,0.020906169832587515
70647,0.00043660679316635386
70653,0.0007057597531731497
70657,0.0007944191574592687
70660,0.0007032190861398118
70661,17.817209567017112
70667,0.0008775714323615687
70671,0.0004173528115888513
70672,0.008240888027578486
70680,0.0008286116807688796
70682,0.0004648156350213151
70690,0.2697550327767928
70697,0.0015003955489824303
70702,0.0005673104462720955
70704,0.0003958568421256862
70707,0.0006837757450924358
70714,0.0006311991692617275
70716,0.5212123683954928
70722,0.0006886947332519848
70729,0.0004565634376012574
70735,0.0008391386657440938
70748,17.8144670392705
70749,0.0006486762746306989
70750,0.0005102041752110844
70754,0.0004272483863557479
70756,0.0028016493526568324
70761,0.0007063477331281739
70762,0.000789390164014452
70776,0.006160810996153115
70778,0.0006715457841169517
70787,0.6637307856955348
70788,0.000573502506649184
70789,0.8709070631052247
70801,0.01301253182546025
70807,0.0014616132775187162
70813,0.0005600328339859218
70825,0.006032728453597263
70826,0.0035866245980509443
70829,0.0006924800573970731
70832,0.0005875302291398892
70834,0.32879085281448817
70844,0.0006406941405551297
70846,0.0032328072585242175
70853,16.486461700238515
70867,0.0005036480372296603
70876,0.0004833679792884088
70879,0.0004250880343537009
70890,12.887296420880904
70895,0.0007475355320272121
70910,15.521172114050495
70912,0.00044370102649849655
70915,0.000619257076511119
70927,0.052345916858139316
70944,0.0007074384919563387
70945,0.0006034572963502128
70948,0.14078172520218998
70953,0.0016715672910182174
70955,0.394452801700609
70959,0.0008031370233705443
70962,0.0020514552258477712
70968,0.12409232600618966
70975,14.625369799388858
70979,14.48457486522651
70985,17.1930224696779
70986,1.024398369581698
70994,0.0007982789804794971
70998,17.8053333074406
71003,17.41825988605398
71006,0.0007700279284799414
71013,0.0005823288495969844
71019,0.0006765437374173569
71030,5.477216867069403
71031,0.0012413449246734844
71045,0.000596635223198137
71051,0.0005947340539813791
71071,7.084878465183545
71072,10.846154190756717
71076,16.34124608206856
71082,0.0016217346461436018
71083,0.021381448178721108
71086,0.0007510426207920434
71103,0.00047624559428149856
71105,0.21967782624419155
71106,0.0009148252021373652
71107,0.00040524492289170774
71110,0.008030837738275235
71118,0.0007190411909863411
71141,0.00039548736335732923
71145,0.0005250248879049961
71146,17.159042482624397
71150,0.0006339466051378535
71153,0.06486160148226737
71167,0.0006820816680631345
71168,0.0008915005697471565
71182,0.0004868694700490589
71187,0.0011401316719801395
71190,0.0012936439071224457
71196,17.494296037225297
71197,0.0008167772482803974
71205,17.171939361522956
71208,0.0009737443415812489
71209,0.03403705058550575
71214,0.0015461940292770828
71215,1.891961432455648
71229,0.0006201027230610405
71232,0.0008524985167787404
71235,0.0008484450903789283
71239,3.0562606123804623
71245,0.0005586040983493558
71249,0.00039563921020088343
71252,16.216806945404464
71266,0.0009182797880023791
71271,0.0015312393146742155
71284,0.0004763002552332656
71292,18.50782962125359
71295,0.0005931360350847792
71298,0.0006544486106638668
71301,0.1840317826839388
71316,0.0004427150344385775
71323,0.0009653246176134327
71325,0.0004191403117596537
71327,0.0005542788083465742
71332,0.0007657672528235868
71336,0.08810262598952825
71343,0.00053396701985909
71353,0.0008593318453020754
71355,0.0010407136527871307
71362,0.0008247450757136399
71367,0.004050576656064096
71370,0.0006113340317289176
71378,0.0007867749040810594
71398,0.2528628685991434
71409,0.00042176122824604515
71410,0.0005625941284344856
71414,9.191671931420746
71418,0.0015461940292770828
71419,0.004868061124432819
71424,0.0004198887671419163
71427,0.0004435301737651557
71428,0.006620725468555367
71429,0.003842090393562402
71430,0.00226801806696784
71433,15.491993302353638
71438,0.00043060105264513865
71443,0.020665391131745342
71444,0.6041598954130102
71451,0.004483336108484294
71452,0.0006589707676076743
71475,0.005317786730580426
71479,0.20637895738244846
71483,0.02212077530781712
71492,0.0012191976517361813
71507,0.0007545073900008356
71514,0.0005519713618845433
71517,0.000923499887515242
71518,0.3167149178199159
71520,0.9788100802968757
71523,0.0005366359741841821
71524,0.21967782624419155
71525,0.08030034256808302
71533,0.0005948607328754201
71537,0.0007403133987714118
71545,0.0006702017501969596
71547,0.0009168847232525763
71554,0.0005717910082612019
71556,17.475411303372233
71569,0.0009623049010338133
71574,0.0009809857351355208
71589,0.00047912312198046607
71596,0.0009633707925397953
71603,0.001331913928915206
71604,0.0014618900419921279
71612,0.7418410551575477
71618,0.01950937287230155
71620,0.00039563921020088343
71630,0.0004173528115888513
71636,0.0015445132087845111
71644,0.0004272483863557479
71651,0.017784325842657593
71665,16.18162168159354
71676,0.0007730347527896229
71677,0.0009163914676633522
71680,0.00041686228358073045
71681,16.21914400295061
71684,17.254099293082657
71691,0.0005875892028011843
71693,7.638817660068594
71694,0.0007106465743796544
71697,0.0009758453912687077
71698,0.09643969155531007
71700,0.0007466171171208056
71702,17.9840768858421
71710,0.0007690988502333203
71713,0.0004688250433755809
71715,0.0008707197177279431
71717,0.0007823934757557264
71722,0.001449666995497317
71728,0.0005484427048997992
71729,0.0006515154710719425
71732,0.14931546922832734
71741,0.0009243028269871388
71744,0.000692101228764669
71752,0.0015231458290974774
71753,0.0006891732309168585
71756,0.0010139623812518788
71757,15.799872486388896
71762,0.0008286116807688796
71763,17.425704269476018
71769,1.6678973529604957
71770,0.006191172072967227
71777,0.000480140224892852
71786,7.028082385601223
71795,0.0025496303217544575
71796,0.0008396034484390344
71801,0.0005901146421706902
71805,3.723295316921245
71810,3.3571279601411987
71811,2.2384274068704433
71813,0.0004687403543458224
71820,0.00044946343763250233
71827,0.0009809857351355208
71832,0.001085646805306008
71833,0.0006891732309168585
71835,0.007980275544671827
71848,0.000692101228764669
71852,0.027171971665495447
71855,0.0022702730735704507
71857,0.013077787374353556
71860,0.000577896060588528
71861,0.003934387342660005
71868,0.0006005478179973962
71875,0.000580611747329105
71885,0.27415145595331164
71888,0.004544713292769519
71891,0.040604394549451896
71904,0.7716454994452147
71919,0.0004606449372047629
71922,0.0008494741314248461
71923,17.343437137014384
71924,0.0009332818233901991
71926,0.04909157801211492
71928,0.0007632545081229023
71931,0.1384725280000047
71938,12.78734377668098
71942,0.0004599325053365001
71949,0.0009318571088117306
71954,0.0004526182757120789
71955,0.11690700699611982
71956,0.0018189144720574938
71960,0.0007724634414365576
71975,0.0004222761832879114
71982,17.326046395847378
71988,0.0005099474504566484
72002,13.03479659812765
72005,0.000703453606143908
72006,3.9101005670622184
72007,0.0011785799697418952
72016,5.181553935631897
72018,7.906112527069146
72020,17.452002362659197
72022,0.0005535459436454529
72023,0.0031439823968118937
72025,0.0004261853744299628
72028,0.0005978384317512485
72030,0.0005802686050232682
72032,0.0008098777054506888
72039,1.4799494211512205
72041,0.00044325015798371515
72042,16.830497397353408
72048,9.773496351306633
72049,0.4195466463755301
72055,0.006100002501408588
72063,0.0006389583887734769
72070,0.0006860924832485036
72074,0.0007203400843113851
72078,0.0005911897902390887
72083,0.07411550915484291
72085,0.0008647435701516703
72091,0.0006394718404011684
72095,0.0017588666522091259
72104,0.000767698691389947
72107,5.156720632932369
72120,8.908428798581186
72121,0.0005022951275801736
72122,0.0005527426323558006
72123,0.0005044763830924809
72127,0.0007690988502333203
72134,0.003632598123118616
72136,0.0018621786322723336
72153,0.0006337929625424975
72159,0.0004052747738728786
72160,11.39959008979312
72161,19.202107713473342
72162,0.0008231474433923012
72165,0.018759454059708528
72168,0.0005906287952469071
72171,0.0006848690409906174
72172,0.0008047422488665091
72173,0.000607700161928359
72175,0.03583921721932668
72182,0.0004217869929862013
72184,0.001780066057780989
72189,0.0028624347077176493
72190,0.000524940578819126
72193,0.0011556093219058383
72196,0.004874148938284265
72200,0.25310599984956106
72206,0.0008194472764992021
72210,0.000640158864365694
72222,0.0011001164555987434
72223,0.0012793115089078484
72226,0.022807776103767715
72228,3.594171540617998
72233,0.010385989619524355
72241,0.0019726002101211992
72244,0.0009330110707153653
72247,0.0007346511229139275
72252,0.0005669676806015997
72255,0.0005862956628983741
72257,0.0004688250433755809
72262,0.0008485473644682157
72301,0.0011091465214555568
72306,0.000610762542954249
72307,0.000991806380689519
72308,0.0008778242148074338
72309,0.00032453106769488884
72316,0.03806785777469905
72317,0.12180434564370765
72323,0.0009574297520161251
72338,0.058158521764259355
72351,17.787349361725504
72352,7.067817074046026
72378,17.070285892873994
72379,0.0007007812464923872
72381,0.0016021904164988097
72382,5.046775767184024
72392,0.014482474073674789
72394,0.0005766313534623226
72408,0.0028102006892280584
72409,0.0008048555819440339
72419,16.80648901964954
72421,1.549064747792596
72424,0.0007004910187926376
72430,0.0004344208800534957
72431,0.00083828002707338
72438,0.0008875791399376758
72451,0.00047865789080494495
72456,0.0037179396620772554
72465,0.0005115205376474525
72468,0.09897081296139557
72476,17.79251740572043
72502,0.0004412064841095593
72503,0.008955452266765097
72507,16.794906756202582
72524,0.0006309425372896858
72525,0.03924951772145606
72526,0.00042177212281175865
72530,0.004748095977663081
72545,0.012611911180617438
72553,0.0005682388722553701
72560,17.539081225270206
72565,0.24157543901605277
72574,0.021314055871387554
72575,0.014814824878696587
72583,0.000366803725823183
72590,3.368427573758768
72598,17.978888973125827
72600,0.0012600085831311583
72602,0.0004264116558637981
72605,16.993498202017026
72606,0.0004205879616131812
72613,0.00044920912247622686
72614,0.6279849718284332
72618,0.0004521237461355674
72619,12.638163608977928
72623,0.001433804623476706
72624,0.007255816676978263
72629,0.000595162496586122
72634,0.0004068555397431426
72641,0.0005418744312300753
72642,0.0006822024098201455
72653,0.0010707699830954476
72655,0.0023982189353934156
72667,0.0006495670935047784
72679,0.0013588715724495682
72682,0.0008392467095933203
72686,0.000745019004209559
72687,0.0008214496790528092
72688,0.8705751315592757
72696,0.0013092159689798608
72700,0.0006330580413029016
72702,0.00044409907622131983
72705,8.602559754440602
72717,0.20695611834363264
72721,6.776174184055543
72726,0.0008040336969758005
72729,17.74223337412676
72733,0.04708453318442367
72738,10.315917992201758
72739,0.0014043040144027935
72754,1.7934114681857647
72755,0.0010740294568074675
72757,11.560812089390497
72759,0.0004521237461355674
72761,0.0010434566598322482
72768,0.007149829638847406
72770,17.248611775410943
72780,0.00521267507956879
72781,0.0004040054852062545
72784,0.0011578483217167547
72785,0.0006532304525913551
72788,0.001122389924347262
72794,0.00043060105264513865
72806,0.010524050966304186
72809,17.084841748686966
72811,9.736275738235983
72817,0.000598659063384289
72818,0.0004188178713347439
72821,0.06774295696068834
72822,0.0005452806543849327
72824,0.0017327115402426044
72826,10.178079840221738
72831,0.002230372133067799
72833,0.0004376192614473708
72836,0.0009643466195520787
72839,1.8043793775647796
72845,17.52523079787823
72846,17.016206926001413
72848,0.0004106779827774595
72853,17.872704952776946
72854,0.0007466171171208056
72857,0.0006704507125048308
72861,0.0006141959458374078
72863,0.00042780435438635034
72865,16.87404043272326
72867,0.0032829233171954354
72874,0.00037092318079346765
72875,0.0005911897902390887
72878,8.47940953804115
72889,0.0005827631285396533
72892,0.0008154000237263427
72893,14.724633368446552
72907,0.0171109205146251
72911,17.725688358000387
72914,0.0007128339217473441
72926,0.002005349073259063
72929,0.0011130376511377838
72932,1.8408760892589853
72942,0.0005527426323558006
72950,0.001332539867371294
72958,0.0007323762855925722
72959,0.0005741507523880458
72966,0.0007298563077468221
72976,18.385019409838197
72977,0.0009662205324798664
72979,20.174297781970175
72980,0.000480140224892852
72985,0.02631583934175353
72995,0.0003621154132098408
72999,0.0007568611667740246
73005,0.0006650142695405236
73011,8.706026975511273
73013,0.0005907653843917923
73018,0.0006502748148272314
73019,0.0794410631435453
73029,0.0006867201289043333
73032,0.0008469429837654457
73033,0.0007726218796382763
73036,0.0004217869929862013
73041,0.0005613576548940629
73043,0.0010308803982121335
73048,0.001369748879085043
73051,7.632593570760382
73056,0.0007626375409656527
73060,0.38513444117946216
73062,0.2578566015750277
73065,0.0007506795178172742
73073,0.0006027544647785679
73075,0.00057135100758689
73078,0.0006780476947107867
73086,0.0006046766438168164
73089,10.551863162762562
73091,9.726531440566317
73101,0.0005950730824718345
73107,0.0006615077340763476
73111,0.15942115415889027
73119,17.51251682627675
73122,17.693703980540587
73126,0.0007353036097296937
73129,0.005118672220240948
73137,0.0008366113374373138
73139,0.0008471613704142631
73140,16.61746365266942
73147,0.10342959275498295
73149,0.0010448612569582273
73151,16.97579187370678
73161,17.151267967656544
73167,0.07657547651253564
73168,0.0007028169230705907
73173,0.0008254329098684816
73177,17.317393848021982
73183,17.88993333314162
73184,0.013788387446597486
73186,0.0008849350007738557
73187,17.67025496336751
73192,0.0007466171171208056
73194,7.156539924078305
73195,0.0008140371408193455
73218,0.0012162909330494028
73238,0.20670000575829645
73242,0.0005097605267693479
73243,0.00048802977253657124
73251,0.0005036480372296603
73255,0.012751679012229778
73264,9.584635222761735
73265,0.11074504351577567
73275,16.715998713338294
73281,0.000836876207009712
73283,0.04570154519334248
73291,0.0008748297279260044
73303,1.7142667571310948
73307,0.0005625941284344856
73317,18.324525881910652
73318,0.006395529511024074
73325,0.0008480763175562573
73328,13.235873265075085
73336,0.00040019985043937426
73340,0.046426922903066624
73341,0.03778684883013075
73345,0.0008655705992462853
73350,0.0004272483863557479
73357,0.0009196681628639326
73359,0.0008001514977649787
73361,0.0005183847911635895
73362,0.0006357908074633602
73369,0.0006230382694870772
73377,0.09474052462589216
73380,0.0011278940679287461
73393,0.0007466171171208056
73397,0.0008329743435398574
73405,0.002060933855230598
73409,0.0007070014645034063
73413,0.0008242211398652437
73430,0.0005128432875861684
73441,0.0008001514977649787
73442,0.000614215306777914
73447,0.0005785043275108896
73456,10.229723571669489
73461,0.0014446296391853748
73462,0.5038187206827114
73465,0.0004824985706559012
73466,0.0008286116807688796
73476,2.6779123994430223
73480,0.0005414171811994882
73490,0.000779694990738566
73492,0.0009995638253049743
73497,0.0004232526182828164
73504,0.0005625941284344856
73505,0.0006027544647785679
73510,0.0005625941284344856
73517,11.723613129624258
73519,0.0004763002552332656
73520,0.0008057496225862354
73521,0.0006412709383294787
73529,0.0006162481907965179
73535,0.0017463484096684107
73539,0.002849944626180662
73543,0.0006894630313034691
73545,0.0007105551777530403
73563,0.0004575470986128281
73568,0.0007490947713559613
73576,0.0007305398091810574
73578,0.0006982164064259291
73579,0.011371814232215251
73580,0.00044955504404631805
73589,0.5299316921046431
73590,0.00045298739118274556
73594,0.29571136164822115
73601,0.0009670990330052844
73602,0.0007649544977642189
73603,0.00043072767741167433
73606,13.84274723600052
73612,0.0017713967063889137
73616,0.0006194798234050179
73631,0.017760299827824292
73637,0.05023958302318202
73642,0.0010401558555868718
73644,0.019846974844887254
73646,0.4846311257063845
73650,0.010955127928663549
73651,17.53379305545983
73653,0.0004249186063948013
73657,0.0008079959849317631
73661,0.0004526182757120789
73672,0.0004179245602600807
73689,0.030941202127137614
73691,16.73953429673349
73693,0.0004173528115888513
73694,0.0005971343517041688
73701,0.0007700279284799414
73704,0.00041903612086024165
73705,0.0008632237936391828
73709,0.0004643751158997651
73712,6.226416244139157
73723,18.579602306979147
73734,0.0006093284719959494
73735,0.014316049050665063
73736,17.382847363145462
73737,0.061316243993512896
73738,0.0006184318567891749
73741,0.00043435077185723846
73742,0.0009615094259088906
73743,0.0009012195181093927
73748,0.0007401880384891925
73754,0.0004421328730804208
73755,17.469550994009783
73757,0.08779598174692016
73773,0.013796274522179708
73776,0.0005290281718688674
73778,0.0004386898625751088
73779,0.03724712595305757
73781,0.08744311667980337
73784,0.0015404123102797378
73791,0.007953555905455186
73794,0.0006516826898863188
73815,0.00047935197159496544
73820,0.0005293629160446506
73824,0.0009737443415812489
73826,0.0006400550515315102
73828,0.0008343411034543861
73831,0.0008151372335158831
73841,0.0009928648213161143
73846,0.007305624377030922
73851,0.0005334841126861646
73855,0.04975011781082887
73856,19.43272924517301
73859,0.0005880948722359635
73867,17.862765130741458
73873,5.29290981129787
73881,0.0016021904164988097
73887,0.1191000315404765
73888,0.004135701450886747
73901,0.0008286116807688796
73912,0.0007591988050850331
73922,0.19085881356925138
73929,0.0008193242724423823
73934,0.02519984579110495
73953,20.015862244285383
73954,0.0005965031808920718
73958,0.0004322348971774817
73973,0.0009588310456842697
73979,0.0008539917021086914
73982,0.0006709401986029204
73991,0.0008379436249035269
73994,0.0008691834514426454
74001,11.751434912954188
74007,0.0006813409938621176
74025,0.017841660593390846
74030,0.001215641300014228
74033,17.28037146142308
74034,0.052852130891386365
74035,14.15927015374601
74038,0.029486522041646746
74048,17.73605912384257
74049,0.00042337053954412727
74050,0.0006831205270900742
74058,0.0007523442260882983
74068,0.0006812909124654218
74081,0.8873749227731498
74084,1.5871520557442385
74086,0.0006060709207236072
74096,0.003010452374100481
74099,0.002562657598290375
74102,0.0004521237461355674
74103,0.000480575946199791
74112,0.0008438892778254896
74114,0.0007332021871761336
74115,0.0008001514977649787
74124,0.010049116324982049
74125,0.0006924800573970731
74128,0.0025707110974924354
74133,0.001282586907807138
74135,0.001284330627508988
74136,0.0007032259991184747
74145,0.00043060105264513865
74151,0.0013902843200356992
74154,18.084494630590378
74158,0.0007827153810005512
74160,0.0038327907395922884
74167,0.002278369719958354
74170,0.0015002206525516503
74172,0.002322598810298465
74178,0.0011190887087762058
74185,11.986723873859665
74188,3.609572976857444
74191,14.192386705937247
74197,0.0007538458309192576
74198,0.010084215446836024
74199,0.0007845166711708599
74201,0.0016821218225399354
74202,0.0006544808074973027
74215,17.72491639717203
74217,0.0015940988935694267
74220,0.0004482869887601571
74221,0.012109709988574854
74224,16.75616344025419
74229,0.00040348244189501205
74231,0.0008076953320232474
74232,0.44268428506264074
74234,12.84804475101663
74235,0.0007907087837092597
74245,0.0004393927381510298
74248,0.0008246624004068313
74254,0.0007129569063269364
74258,17.36184748886665
74260,8.76568498245927
74262,0.0007424987633362856
74264,17.076761867270385
74266,0.010922674499502547
74267,15.172488756732644
74271,0.0007447179875193431
74284,17.07220138628428
74287,0.30560443665817444
74288,0.0005204333323766141
74294,2.9230922705472313
74295,0.0007126589788797909
74296,17.13408190533336
74299,0.001326770917164776
74312,0.0010133847562086118
74316,0.0020290319774212903
74323,7.629324771671724
74325,17.57863097775308
74327,0.0007403133987714118
74334,0.0004524049459821742
74336,17.415503667295017
74345,0.00043484866368418703
74357,0.0031755739611634636
74361,0.0007399244773341162
74362,0.02179832779260007
74366,0.0006172612982224485
74368,0.2949591991771203
74369,0.0008254329098684816
74370,13.702497646891098
74377,18.307696529082786
74378,0.1544067172273334
74386,0.0004688250433755809
74390,0.08769764458368604
74395,0.019910176851043487
74396,14.595348214617875
74403,0.0009809857351355208
74410,0.0014465692968498862
74411,0.3072745185910777
74414,0.0022475505300843064
74430,0.0006093245260115128
74434,0.0006535853615099039
74435,0.0005413786125601195
74437,0.0006662796583408237
74440,0.0007054114471297347
74450,0.0004490893923821456
74457,12.815038728770158
74460,18.58942787131769
74466,19.040241552030928
74472,0.00044325015798371515
74481,0.0007033215457904152
74482,0.09074057609785023
74483,0.5006135234285117
74484,0.0007902989993686507
74488,0.0006223415445634628
74490,0.0026551596121624395
74491,0.0006389583887734769
74506,0.0007220214169318029
74507,0.001005923561235343
74508,0.000674678846240891
74510,0.0005381448528327734
74524,18.871920023332905
74531,0.0015270386017901662
74532,0.00042080580100054406
74534,17.166044219553758
74539,0.0007026116069987899
74542,10.85202309578499
74543,0.0006578029546191518
74544,0.000576632871523752
74550,0.0007399985539269002
74554,0.0006650142695405236
74560,0.08852806208645396
74567,0.9406080599449689
74586,0.0008640169335151395
74587,0.0004206042983541843
74588,0.0008353893729197079
74596,0.0004259088581759549
74601,0.0005905440234973808
74604,0.0008193242724423823
74612,0.0712163970826061
74615,0.22445255630440258
74624,0.0009196681628639326
74625,0.0003200874177862607
74637,1.729381235895337
74641,0.01242114444155908
74646,0.0006544808074973027
74652,0.009039757063678423
74659,0.00045709426683277957
74662,16.951187504504464
74670,1.4453950854165585
74674,0.0009667903181194533
74681,0.2333856852894844
74688,0.0009098824183725856
74697,0.0005625941284344856
74709,0.0009352764667555696
74711,0.0007690988502333203
74713,0.0007093856592644288
74714,0.0007143660673196118
74716,0.0005980033790507379
74722,0.010707748649734736
74739,10.25441150260264
74741,0.0007161825031862417
74744,0.08214708938691537
74745,0.0003670086612664435
74748,0.0427968806415982
74751,0.01513714014821838
74753,0.16585996687212406
74755,14.14725178771035
74757,0.0008856028592210054
74769,0.006284959263656566
74787,0.0007982789804794971
74795,0.000943127486628214
74797,0.0006344383762394402
74803,0.0006433669110075641
74804,0.0008118546959828152
74811,0.0007240516913007075
74813,1.8023876453053145
74817,0.0007054198686684725
74822,3.080939215871029
74826,0.0004730792827828706
74835,0.0005493868113839994
74857,0.05053354711092713
74866,0.43696630902968725
74871,0.014304993735073015
74875,0.0009991118448544564
74876,0.0006356331427726762
74881,14.432719534619427
74893,0.00037811556497338643
74895,0.0009072905535296499
74903,0.0004724501262685419
74908,0.00046501432200321606
74922,5.836625248755238
74929,0.0005080951181584537
74935,2.171876798112719
74945,0.0005948607328754201
74946,17.754182974743724
74949,0.0005467714029048876
74953,0.0006634800148616325
74960,0.0007436669007561806
74968,0.0005895894321132907
74979,0.015795963898681032
74985,12.281916445278808
74987,0.0006532804693199439
74989,0.0006322537577404753
74990,0.0007726218796382763
74991,0.0008320075560704488
74999,0.0005661710624272505
75002,0.0006860924832485036
75006,2.3465997618144585
75014,16.29516234316312
75019,0.6290196765441983
75020,0.0014523200202485155
75027,0.011324568669934624
75033,0.000524940578819126
75036,0.004906974065735891
75040,0.0006662796583408237
75042,0.0004533111452604233
75043,9.463505870044562
75045,0.0004217869929862013
75047,0.0005114710494624842
75048,16.469615201085652
75056,0.0006860924832485036
75058,18.35528214749815
75060,12.210245325821145
75064,0.0004166001305857669
75069,0.00058987885210118
75079,0.011547975116456527
75087,0.0006705765460357049
75092,0.006620217198595642
75098,17.67772106242723
75105,0.037781924593322413
75116,0.014106819937013248
75119,0.0008076192601235739
75121,0.0006323569868050176
75139,0.0011499778454391468
75142,0.0008766397294084803
75144,0.0004981876089471166
75148,0.0008370737406047473
75164,9.04677660908067
75168,0.0008761697105545755
75176,3.5375523044227988
75177,0.0012035292272378306
75181,0.00043060105264513865
75201,0.0009797587328773786
75207,0.0005785043275108896
75220,0.0009502070956097727
75221,0.17694123645457666
75222,0.0050875975488515555
75223,1.0440656456481334
75224,0.000745019004209559
75232,0.0014239780753173411
75233,20.441522911175376
75239,0.000663203364466039
75246,15.921462280604874
75255,0.0004427150344385775
75257,7.354196701128534
75259,0.0013662424853245893
75267,0.0007510426207920434
75268,0.0007490947713559613
75269,17.230187387525362
75270,0.0008889007490185409
75271,0.0006598636590335976
75286,0.004205362727240378
75301,0.9117144264831465
75308,0.030209039764764616
75318,0.0005987794631255028
75319,0.24240239121685475
75323,0.0007612262882594033
75326,0.0004106517637348763
75346,0.0016371689860291527
75350,0.0006825126376013615
75358,0.31457030370860345
75361,17.67226076391416
75363,0.00041998716815883275
75368,0.0005841112579168335
75372,0.0010008903372706998
75382,0.006273226949728939
75383,17.56428768297096
75384,0.0005385640702092021
75391,0.0007828055435852268
75394,0.001701225140363755
75395,0.0006150549240187323
75397,2.1191214913077845
75404,0.004028070341509753
75410,0.0007572003096228176
75415,0.000786162160480976
75424,0.06498665290887808
75435,0.015075888076073008
75452,0.0006236652410909139
75454,0.0006529313242522917
75475,0.028390591231024165
75477,2.0438337616527384
75483,0.0007726218796382763
75500,0.000524940578819126
75504,0.0007013842985748455
75509,0.0008254329098684816
75513,0.0007329044252498629
75516,0.0004521237461355674
75520,0.6348058564465228
75545,0.0011985244348497192
75547,0.0007223363368957499
75549,0.0010588941638136973
75553,0.5059040232515133
75561,0.0024774573658857173
75563,0.0009453501512993281
75569,0.0006275442165805748
75570,0.0008240383155043811
75587,0.0006404058956502019
75590,0.0017992577583983102
75594,0.0007105143711049935
75608,0.7103095527908423
75610,0.01901216248011629
75623,0.0005894122519470046
75634,16.897971590778713
75637,0.000923499887515242
75645,17.3228329697045
75652,6.972356300636138
75660,0.001881331993959945
75663,0.0009112371901822828
75667,0.0057612876843355
75677,0.0004526182757120789
75685,0.0023797502184707024
75691,0.0005947340539813791
75701,0.010561656134710556
75708,0.026605593220101607
75714,0.0005121724875853104
75727,0.000786162160480976
75730,0.0007323762855925722
75733,0.006100002501408588
75734,0.00240949299681359
75735,17.76296517498853
75747,0.001043715048090038
75748,0.0013671709208983415
75752,0.0021449106137937006
75758,17.757173898056976
75763,0.0010749072942659046
75771,0.0004931001569821253
75773,0.3594433485425951
75774,0.0004980212651655381
75780,0.0006892011681627984
75784,0.2728346203373877
75786,15.084307754077866
75787,0.24890067487762074
75789,0.015392626211875015
75792,0.0006114319326010799
75801,0.0005911897902390887
75811,0.06381625758505968
75825,0.001158105721239578
75826,0.0006145433030280306
75839,0.0005287950446174385
75848,0.015709700979822612
75849,0.0005605926690005538
75850,0.0006202891514144038
75852,0.0012012826135212329
75865,0.0006162604713438275
75873,17.17895708253297
75874,0.0004166001305857669
75877,0.0062867833745119586
75878,0.001713528658314872
75886,0.011621948402143105
75892,0.0008965581483905291
75893,0.0005904383164518758
75896,0.0007086603428673119
75906,0.0009135638766642827
75907,0.006908188037773644
75909,0.0008340000694730508
75913,0.0009865986023666795
75920,0.0004951020103359606
75921,0.00046805306555930377
75926,0.0010595539461488565
75931,0.006656222413682645
75936,0.017340299525423233
75941,17.837478573012255
75948,0.0022470100575812087
75959,0.0006194798234050179
75969,11.38591823451253
75972,0.0027773092366926736
75973,0.0004427150344385775
75976,0.0007365081805552236
75977,0.00044683609547936626
75978,0.0012066509148435057
75982,0.0016511933689641821
75996,0.0006259253936914046
75998,0.0004377842009862274
76004,11.853914834903978
76005,0.0005253438448945367
76011,0.0020342380641838066
76013,1.2029919430188667
76021,0.015709700979822612
76031,0.002269817086405019
76037,0.0009527134076407259
76040,0.010497501328068938
76044,0.040555320779027765
76062,0.02822152927109179
76067,0.0007356322207208505
76072,0.0009362146964841953
76075,0.0017798341388680188
76084,0.0008353893729197079
76087,0.0009025336699945875
76093,0.0011092221844744533
76097,0.0006860924832485036
76098,0.0006564317016938513
76104,0.0007466171171208056
76109,0.000793380504631017
76112,0.03992123879364943
76113,0.000589156897898091
76128,0.001689713543463629
76129,0.0005115205376474525
76132,19.401713892070266
76135,0.004877341230323113
76137,0.0004435301737651557
76142,0.00450297170708759
76150,0.06498665290887808
76158,0.0005960225852643484
76163,0.0006860924832485036
76171,0.0007498064178230654
76172,0.004743980694699339
76187,0.0007329044252498629
76189,0.0007107009596657717
76193,0.0005946412445452423
76200,0.0018389131138608743
76202,0.029776144127886383
76205,0.0007126589788797909
76216,0.34070469940368386
76231,0.006100002501408588
76237,0.06477690889563019
76239,0.04883058553388213
76244,0.2231655932837894
76256,0.0005442204107041582
76259,0.07894626146391165
76266,0.004050084224404374
76267,0.0006702017501969596
76285,0.0006106439300039444
76287,0.0009809857351355208
76290,0.0005625941284344856
76309,0.29001085694420536
76310,0.00042176122824604515
76315,0.0007533418641697991
76316,0.0026505458287086636
76321,0.0009900464452868702
76322,0.00042780435438635034
76323,0.0006181558489757607
76329,10.87322421409316
76331,0.0012600085831311583
76337,8.299504740053042
76339,0.0006199767663466421
76341,0.0006005478179973962
76343,0.4779424392032781
76348,17.258953093038464
76360,0.013779214621294767
76366,8.145353857024201
76367,0.04863934565619098
76370,0.001448502883464714
76383,1.6433360961005499
76388,0.0005895894321132907
76391,6.763942606928017
76392,0.0007466171171208056
76408,0.000480575946199791
76418,0.21390211299206102
76421,0.0007673959483908667
76425,0.010719346052706713
76430,0.0010199626015372882
76434,0.0003980456958603716
76440,0.0007971899594041602
76444,0.005016632355238711
76445,0.0008114934223796102
76450,0.0004688250433755809
76456,0.0004815679354456301
76466,0.0004085100780052084
76473,3.3113155983028735
76491,0.00039499036438422116
76495,0.001336428628457805
76496,0.0007623399472150877
76498,0.006113522380197605
76508,0.0008264188104847648
76515,0.000638430069508045
76534,0.001097344676298993
76536,0.0007547517497972256
76537,0.0007401880384891925
76549,0.0008558680573090619
76550,0.004041984870940316
76569,0.0010784775676128838
76570,0.0030339379787358623
76577,3.666875860293956
76580,0.0004788456595396775
76598,0.0008376220236466601
76599,0.0006717397448743241
76605,0.008202956591186333
76613,17.411502022842164
76624,0.0003721423835806758
76629,0.0010770505470482222
76630,0.0018840932340189037
76639,0.02877376215317906
76655,0.00038104050454206234
76656,0.0008001514977649787
76662,0.0006282127030152462
76671,0.0008821694771600254
76676,0.01207182454718808
76681,0.00311000038777924
76698,0.0013689006596502998
76701,0.0008949213630284671
76707,0.0008528576123157334
76708,0.0018890408514419133
76711,0.00040135892569732764
76712,0.017547958426014105
76716,17.201191430642822
76717,0.0008286116807688796
76723,0.04912246339691112
76727,0.0008775714323615687
76746,0.0005394257340322073
76749,0.0005387042499478817
76754,0.0015152570964697307
76756,0.0012635827272032996
76757,0.033559112897517986
76762,0.0006311991692617275
76765,0.0008353893729197079
76771,0.00913762142743207
76772,17.120398285825157
76781,0.0006095853351376268
76782,0.10585977876477375
76788,0.3215578903063775
76789,0.0004250880343537009
76801,0.00044717940845763167
76803,0.000422043443470075
76806,19.166408364986246
76807,0.0004759269100593705
76816,0.0030910606485605547
76819,0.0006894630313034691
76823,0.0006003263840828442
76824,0.11297777856221083
76833,16.999560560807147
76836,2.1120596561112217
76840,17.966537603243058
76860,17.33374023046393
76866,0.0005402203833327266
76879,0.006489043254981871
76882,0.0008286116807688796
76889,0.0005009672667296038
76902,0.059524737718018396
76910,18.263493492358595
76912,0.0010326708386320404
76916,0.000596635223198137
76920,0.001979674577388771
76926,1.5769670130630162
76933,0.0006139764155964356
76936,0.0006655484778004264
76937,17.570259892495994
76939,0.04683186226845289
76940,0.0009276680153433315
76942,0.0006878571648266789
76945,0.0008376159320991483
76947,1.0460053659329538
76948,0.0005265817417727285
76959,0.001284330627508988
76965,0.0007625160870619762
76974,0.0005907653843917923
76975,8.073546433808676
76980,0.0004526182757120789
76982,0.0004861824180351449
76984,0.0008048555819440339
76985,1.8256381265893804
76987,0.000794007540612841
76990,0.0007538458309192576
76996,0.0006919964701477633
76997,0.0005823032011292138
76998,0.0009445445336262173
77000,0.0006301639896171994
77007,0.0005346511868405014
77008,10.4691190303792
77013,0.001384405875441146
77021,0.0005922905031653452
77024,0.0004526182757120789
77027,0.0019025298359703117
77033,0.0424216171298076
77034,0.001950891818965254
77035,0.00045670820760597533
77036,13.21145305918796
77037,0.0006421102953902774
77051,0.001811099874005346
77054,0.0011524001323200434
77058,0.03766860470009438
77064,0.000784300512448134
77069,1.629598232642839
77075,0.0004797756499158347
77080,0.002039930854648597
77085,0.000441952843402579
77087,0.001092666757659727
77096,0.0004245036609031616
77098,15.792910573265994
77102,0.0007140209295570598
77110,0.0011848728097913716
77112,18.753105465484733
77122,0.07219454099939793
77124,0.000670050270910635
77126,6.659780559653858
77134,2.248294819411135
77138,0.000639573946203172
77139,0.0012488210877345351
77160,0.0008431860048644446
77162,0.0007514592484910691
77171,0.0006199767663466421
77172,0.0009534902966084554
77176,19.163128160597513
77178,0.00037282328799808696
77179,0.0005272200280472337
77181,0.008366307325884132
77183,0.09619111155017102
77186,0.0008385277441197885
77188,0.08238913072596275
77190,0.00042337053954412727
77199,0.0008254329098684816
77203,0.0008517458981871396
77212,0.00998047996026767
77219,0.004982459178231068
77221,0.0036467241745190954
77225,0.286052940748763
77230,0.001111547283621044
77231,0.06020223755873931
77243,0.0008194472764992021
77244,0.1316984661120258
77245,0.05271317573881745
77247,0.0005426418811260694
77249,18.49689249730684
77252,12.051577613597436
77256,0.0014828099780490633
77262,0.0004935120966464522
77267,0.0005705389740296915
77268,1.6973593062761794
77269,0.00042337053954412727
77270,0.001975211428911105
77274,0.0008212519033412606
77290,0.0008418233266651988
77304,0.0009694972533357361
77310,0.002101403211937852
77315,0.0007464092702174791
77320,0.017144345540731836
77322,0.003547609428990646
77324,0.15098717149642313
77330,0.00044672054793401517
77334,0.002578753663219037
77336,5.749397392544268
77339,17.236235581997928
77349,0.0007005780972056934
77356,0.902128355659911
77370,0.0006919964701477633
77372,12.440356590751687
77376,0.0007821703796448193
77379,0.0006467678434391195
77382,0.0005288338082463609
77385,0.0007506277189168203
77389,0.011086030235551712
77392,0.0005121724875853104
77398,0.015703819991744045
77399,0.008094835831481021
77400,0.00045701395059905003
77407,0.0010105394009817495
77409,0.07220362449856668
77411,0.005000550452038151
77427,0.0015026387614604578
77447,0.07162591097007669
77451,0.000653397857450758
77462,17.633877914666026
77472,0.0032068954057127784
77481,1.0004311023457704
77490,5.414602512488158
77493,0.0009127264116713396
77503,0.000480140224892852
77513,1.3061545848496905
77517,0.14439314108110826
77534,0.0006037882644987585
77540,0.008012320575685603
77542,5.334733544625581
77549,0.000581015596497621
77551,0.00270927800349351
77555,0.0012699056800883422
77562,0.000524940578819126
77570,0.0007129569063269364
77571,1.3555838235199538
77581,0.00041545314893456936
77592,17.549415679278507
77594,0.05678265747121183
77597,0.0005144436867709661
77604,0.0004540195579481665
77605,0.07754132347015188
77614,0.0009556853399702435
77618,0.000937343454424518
77622,0.000963963152300684
77623,0.0011156508702447438
77636,0.6644179971031611
77642,0.0008655353015888184
77649,18.723983068888682
77653,0.0007367512653199293
77668,1.4461436116631057
77673,0.0005971343517041688
77688,0.0009274557419919973
77689,0.0036732007523300656
77698,0.0009332818233901991
77702,0.6212934165104737
77707,0.2360703780750273
77714,0.0008591903725963948
77717,0.0005379910908608969
77736,0.003591481619326201
77754,0.0005641547562696844
77758,0.010590730565407455
77762,0.00840465045377312
77763,0.001182559179526426
77766,0.019738682474853088
77776,0.0005911897902390887
77777,0.0006439456029542635
77782,0.0016054184487035571
77786,0.0019485917860130146
77796,0.006301204103779416
77799,0.0004993159206381074
77808,0.0006236702062578116
77809,0.004405429880896659
77815,0.00047314053541689185
77824,0.005270135946797291
77825,0.00048792175632541933
77832,0.0005740219557413461
77834,0.0004377842009862274
77841,0.0005947340539813791
77847,0.12701069309269553
77850,0.17005381980992845
77852,0.0006059066986644854
77854,0.0017166592711087274
77862,10.408011683614045
77863,19.51126016514777
77867,0.30078498356652716
77868,0.009562441224630647
77871,0.0006607154140772045
77873,0.019196801308149915
77876,14.651812448266005
77877,17.346093955788128
77878,0.000745019004209559
77879,0.0005911897902390887
77880,0.0006514239383721111
77881,0.0005230249972932971
77882,0.000785964634777987
77883,0.0010372680241438593
77888,0.0005036480372296603
77901,0.1684699993299654
77906,0.0015524715699803998
77911,0.0006990178089082596
77924,0.12908058430667987
77926,0.0008070872465405669
77928,0.0015461940292770828
77940,0.0024125194780701916
77942,15.469866796936307
77944,17.31644959058235
77945,0.001181827975515017
77952,0.0006568088095168157
77959,0.0005625941284344856
77961,0.0007466171171208056
77967,11.828656958279984
77975,0.4723005641733737
77980,0.00048771367019888854
77984,0.000936309837615466
77988,0.025211937254921945
78001,0.002919138544389397
78003,0.0009543039641869467
78012,5.800303140968596
78014,0.16323031475920752
78015,0.0007792706307503189
78018,0.0017398590428227526
78024,0.000915466235142081
78028,0.22744187202294866
78031,0.0008587103880553142
78034,0.000480140224892852
78037,0.0008609508213464456
78043,0.0003659038047622978
78061,0.0007475855614678098
78064,0.0005668702888735561
78068,3.606793243036036
78071,0.0004688250433755809
78085,0.0004200767536113849
78092,0.08960492526330874
78100,0.0004632745670637713
78106,0.0005429224271959902
78111,0.0006011761203215681
78115,0.0010139623812518788
78121,0.04454161747211965
78123,12.650687733225734
78128,0.0007202505602697956
78134,6.130819714966393
78153,0.000657058802423044
78159,1.2050074258215269
78169,0.0007977396622103859
78180,0.021159947168677275
78181,17.396033752253793
78183,0.0004763002552332656
78184,0.43943742006905745
78192,0.000644268778412912
78193,0.005791354161553912
78204,0.0332928420626734
78212,13.055280593226048
78213,0.0005290281718688674
78214,0.0029264530988292407
78215,16.995209769103234
78216,2.721834380654547
78226,0.0021048104256256297
78233,0.003903733952001322
78236,0.0007349880742702334
78238,0.0013350027721783409
78242,0.0033672694904626197
78257,0.0007881466063649909
78266,0.10345869711965813
78267,2.2314973195801198
78270,0.022833864300646885
78272,0.0005977966190205729
78277,0.0005340810083149173
78278,0.0008699319852014685
78281,0.0017813090283379962
78282,0.0004421328730804208
78284,0.0007796373277700116
78286,17.51214331686405
78287,2.81676068698343
78288,0.001438495070515974
78299,0.0006528806903262088
78306,0.0007074384919563387
78313,11.046118319945055
78322,0.0023018459746979364
78323,0.0003573682531197161
78325,0.962598892074132
78349,0.0005657758887562495
78368,0.0009163914676633522
78373,0.00076817976143852
78377,0.000596635223198137
78379,0.0007022324901224197
78382,0.000922744963679688
78384,18.421908887090712
78386,0.0008159570441250104
78387,0.0005541603863483429
78388,0.0006860924832485036
78390,5.370208624603779
78392,8.05678043361586
78394,0.0009049090130748789
78405,0.0009487505496454487
78408,8.39768853327933
78410,0.0006470355199277471
78411,17.49221348469346
78413,0.0004261853744299628
78415,19.050221567293264
78416,9.407184803119872
78421,0.006100002501408588
78429,0.009676133838305782
78435,0.0008001514977649787
78443,0.006489043254981871
78446,0.0006474922930346483
78453,0.007941414730861636
78454,0.028967424072387154
78469,0.28894822874377196
78491,18.01955013074726
78504,0.006100002501408588
78505,0.000816366577340788
78507,0.0008254329098684816
78509,0.0008131259924891703
78512,0.0010955064966229335
78513,0.0007742511307780294
78515,0.0010401558555868718
78516,0.0005468818237570631
78519,2.4327847729996295
78521,0.0012354595202597358
78526,17.386311205773097
78532,0.00043083486699586296
78539,17.60278676883238
78540,16.707550508744383
78557,16.526741440634236
78565,0.23334145666491582
78575,0.0275619515783966
78578,0.0012600085831311583
78579,21.86090322087595
78589,0.01964208501268929
78596,16.446274073548146
78597,0.032538496467643424
78602,0.050842709984513366
78606,0.6483854877029163
78619,17.908040964764556
78622,0.008639169730218157
78623,0.0007498939761809654
78625,0.0036431132745439166
78632,0.021042800092671978
78639,0.00044773304837026403
78640,18.923859863551343
78647,0.0008020701143867191
78655,0.11581292567012509
78656,0.015078489835130143
78664,0.0005625941284344856
78672,0.0005268119084310397
78674,0.0076496027013087135
78678,0.0004640007861827397
78686,0.04301873833423034
78687,0.0012160073497259807
78690,0.0004058988304951086
78694,0.0006048467005208347
78727,11.069102656875689
78728,16.770339410722233
78732,0.0006096581478527346
78735,0.0007023187953169579
78741,5.864775522321046
78747,0.0003786810820190646
78761,1.439924057666381
78762,16.72669074988148
78767,7.185640308550559
78776,0.0006821323064909029
78777,0.04334709433163415
78784,0.019921122572995324
78785,0.0007329887019752507
78787,0.0009107823918741516
78791,0.43461160955914047
78795,0.029301321682453575
78807,0.002738704522859366
78811,0.00037285694276432973
78813,12.583895659663185
78818,0.000849098368252306
78821,9.799162253307117
78824,0.0004565634376012574
78826,2.4581432918693182
78828,0.00045599337568084437
78834,0.0004540195579481665
78841,0.0005960742830318902
78842,0.0015315786540550252
78847,0.021329305157414418
78858,0.0012600085831311583
78863,0.0007299406420336727
78864,0.0004565634376012574
78873,0.022066527024112305
78884,0.0007557384153092263
78888,3.688997768135292
78892,0.010707748649734736
78898,0.0010051013381015689
78911,0.0018369095063179536
78924,0.12857030075751139
78925,0.0006705765460357049
78928,0.0007066789307490159
78935,0.04458704560529225
78951,0.0011867120618265664
78952,0.0007050539198563018
78955,0.33285131511202287
78962,13.519867891050122
78967,0.001955589019245821
78978,0.007804279363390378
78979,0.000534811833084809
78985,0.0013166376548299752
78986,0.0007074384919563387
78988,9.312703783746532
78994,0.003827539176898556
79000,0.001370995784580186
79004,0.0015404123102797378
79020,0.008564318975429433
79025,0.04975011781082887
79028,0.0007629758611558536
79035,0.1674473220363222
79040,0.0008167772482803974
79041,0.0008524985167787404
79051,17.46677243826047
79054,0.0003893630851252788
79062,0.0024342651359295724
79065,18.988199843587786
79072,0.0010335748616280313
79073,0.00042177212281175865
79077,0.001161141898577437
79078,8.558616341436402
79079,0.0006906753328405522
79080,0.0007658326878327017
79081,0.002953807873525116
79105,0.0008372942215781355
79107,0.0009446103889084864
79110,0.000690201426651033
79112,0.001449666995497317
79116,0.0006650142695405236
79118,0.0006271775060687322
79133,0.0007037899967162623
79135,7.55685699805488
79140,12.724483517858856
79143,0.0004173153049527043
79144,0.003914317400362987
79148,5.166089533270298
79153,0.0007173593632369129
79155,0.16011783322147086
79160,0.0010707267411770274
79170,0.0004222761832879114
79186,0.0004250880343537009
79188,0.002556831131339153
79189,0.0007107600722664508
79192,0.4023908748065823
79199,0.001003551108252455
79205,0.034418789418316345
79206,0.0012142949009630068
79219,0.005751177891780297
79224,0.568864759929735
79225,1.3949484658964557
79235,0.6310691784068896
79237,0.0010708306097764518
79239,0.007980275544671827
79250,0.001164013870012468
79253,0.8629971927911905
79256,17.679961227803954
79264,0.5023124950313402
79265,0.0004540195579481665
79272,0.0009484681751390694
79273,11.999603005065346
79279,0.0004890611461423185
79287,0.0004782610056495521
79292,0.0015461940292770828
79298,0.0009332818233901991
79307,0.00043288248450642087
79315,17.321106361615378
79316,0.031090156076941156
79317,0.5736455289665141
79330,0.001384405875441146
79332,0.0008814725235239774
79339,0.0008591903725963948
79341,0.0006115503265156695
79342,0.1064664117814222
79343,13.1479639091238
79347,0.000765199296837389
79361,0.17550067694126611
79362,0.0006259487732953987
79363,0.0007954579276349084
79364,0.0009207386922227527
79368,19.061136114053163
79369,0.0006512815490888775
79372,0.02318993259335318
79376,0.00035808463962681294
79377,0.0004947418645690123
79378,0.1511052452618022
79380,0.0007939487687190592
79382,0.0005605926690005538
79387,0.0009274557419919973
79391,0.0006369046791852219
79398,0.0011310689919565488
79402,0.0004790921594904892
79404,0.0015766597966470025
79407,0.2994336624129281
79409,0.0005947340539813791
79414,0.0004815679354456301
79421,1.1360281998990194
79425,0.00043072767741167433
79427,5.177842800044807
79428,0.0008563157599765713
79431,0.0005245232766521175
79432,0.008015822483397413
79435,0.006100002501408588
79443,0.0005168912306627698
79447,1.7437778448422936
79449,0.002042109807510669
79451,0.0007466171171208056
79454,0.0017583968731274442
79463,0.0006572973037153668
79472,0.0007994838377651332
79487,0.0005668702888735561
79488,0.10092108692636426
79496,0.0019231976740791076
79498,0.0004730792827828706
79505,0.000870778079894207
79512,0.0005918520227657138
79513,0.0004211076802927661
79517,0.0006088820826551403
79520,0.000870778079894207
79525,0.0007792275409495053
79531,0.16561236597172532
79546,0.0006693012602311235
79554,0.0006003263840828442
79556,0.02685501162831776
79560,2.79051616165631
79563,4.209706598937315
79567,0.000534626257669654
79579,0.0004585811700264888
79586,0.0007358430959392872
79591,0.0005036480372296603
79597,0.002245895738439837
79605,0.0007585254828112736
79606,0.1988990330046047
79611,0.000584117835685599
79616,19.16568633703956
79617,0.0008315707393391502
79626,17.107205011594154
79628,0.0006958755288159215
79630,4.854671633718706
79638,0.0004435301737651557
79648,17.38397300906983
79653,0.0013601887740133857
79655,11.123430857187435
79671,0.0018928282152943323
79679,16.77660346107789
79680,0.01572753259704545
79682,0.0007069277993279634
79683,0.12417006602408728
79687,0.0004688250433755809
79691,0.10806836794465231
79693,0.0004165775161301534
79694,0.0007982789804794971
79699,17.197356435753616
79703,10.43294694394016
79709,0.0008909577069331879
79710,0.4473825393363409
79718,0.0006356366239883425
79726,19.09535334290953
79730,0.49039082201964346
79731,7.48396443903615
79732,0.0008521482565040112
79734,0.0010051013381015689
79737,10.754837089769063
79752,0.0006462495917467592
79753,0.0006612296324040118
79756,0.0007361785958344094
79760,0.0004022733428305432
79763,0.0008016724986856972
79778,0.00080935343441096
79779,0.0005911000340166595
79791,0.0006257093404924862
79796,0.0007107009596657717
79802,17.513680245097714
79806,17.49870422404045
79813,0.0006325195448042383
79816,0.0007319635189040432
79819,0.0007669682550165513
79825,0.5769809126838743
79831,0.0008167772482803974
79833,0.0007907087837092597
79835,0.11968412535662731
79836,0.0005625941284344856
79841,0.036801446977985396
79848,0.0006860924832485036
79850,0.000784123650640937
79856,8.271774035481863
79860,0.0004236293126471404
79862,0.1728534902106919
79867,0.024539465767944395
79872,0.2032811128241092
79873,0.00046389229438340414
79876,0.0031439823968118937
79879,0.0006650142695405236
79885,17.28751717935591
79886,0.0005895894321132907
79891,0.0007783308729982782
79897,0.0015159209486162104
79911,0.0015956162653445397
79912,10.260883582900625
79927,0.11263471687709152
79955,0.0006980385839752832
79960,18.427302151780943
79965,0.00046731573667504095
79971,0.0004824985706559012
79979,0.031895346962187834
79998,0.0006329277713106185
79999,0.9095897558151107
80001,0.28680882011853454
80006,0.010574533151207295
80009,0.0004377842009862274
80014,0.0008286116807688796
80017,0.6051019663546833
80021,0.044540270941799104
80024,0.000609038594876722
80027,0.0009084755495668963
80028,0.00041696956331438814
80031,0.0012600085831311583
80034,0.0034724972509919553
80035,0.000594530091687439
80038,0.008240888027578486
80042,0.7676423551490271
80053,0.0010624369962988199
80054,0.22796412989321285
80055,17.941036953693818
80056,0.6052452605496097
80060,16.652103394569476
80065,0.005444942827538695
80071,0.0013021252935263602
80073,0.02220341286977326
80076,0.0005156966025352052
80081,0.0005109379853761451
80095,0.02877376215317906
80099,0.010311978356693119
80101,0.0008286116807688796
80106,0.0006917198906602727
80109,0.0008863547393878251
80110,16.936257325555125
80112,0.012934579498465593
80117,0.0009487211035894106
80122,0.0007237598131377185
80123,0.00544325189248975
80124,0.0005760168213705774
80130,17.46956473260915
80140,0.0005646272583898526
80143,0.0008300221551983576
80144,0.0024953911329462005
80145,17.291137431283907
80146,0.0008286116807688796
80156,0.0007371216522686914
80159,2.8141054511595596
80161,1.5711643328075997
80167,0.0074276820034669035
80172,0.0003737940811425914
80173,0.0006681232514345857
80198,0.012799816240203956
80205,0.005317870638302807
80212,0.007926620974969222
80221,0.0009167845686758865
80235,0.0028514426437811807
80241,0.00450105154713207
80245,0.3210106858880484
80262,0.0005268119084310397
80270,0.0005944636169131956
80272,0.10134329990683341
80273,12.623955467175268
80287,0.0005165505268778889
80291,0.00061968292445725
80294,0.0008764669691701487
80295,0.0007612262882594033
80297,0.0008001514977649787
80300,0.000652919363205954
80301,0.000572512044823302
80302,9.721146404865973
80304,0.0035330367667262947
80305,0.0008724354578720086
80307,0.17246388479445043
80311,0.0007843825290841614
80320,11.090455170975696
80324,3.5815911899660136
80331,0.0010710251332868956
80332,0.0006706199072541757
80334,0.0006813048419341916
80335,0.0008181256605938197
80336,0.001380384625056965
80338,0.0007428191079601989
80340,0.005741973693919433
80343,0.000623378072159524
80350,0.0007801302068743188
80353,13.973255775000572
80360,0.18528089291097377
80365,0.04196318043329937
80368,0.00048771367019888854
80369,0.0008385277441197885
80372,0.008242675773353908
80375,0.0018016250825126235
80376,0.0012600085831311583
80381,0.0006315955728645626
80382,0.0006228788367055847
80392,0.0902168375005353
80393,18.41094804706649
80398,0.008699178308493458
80409,0.0005494367271736291
80413,0.0016021904164988097
80432,2.248216559112654
80438,0.0006052297883406197
80449,0.00042216377713136737
80454,0.0008520610634872392
80479,0.08632880142264547
80481,17.47177500899685
80482,0.0009557787949470183
80486,0.018730900413169917
80487,0.0007612262882594033
80498,0.044564749383854185
80499,13.079309767403837
80503,0.006100002501408588
80518,0.00040004482512871954
80526,0.0012634138496446542
80531,0.0006150355133612723
80532,0.0006458127683937747
80538,0.5049447198304151
80539,0.0005450036256383494
80542,0.07009111294823513
80550,0.6477597328042719
80561,0.018571186564799388
80569,0.0009588310456842697
80576,0.0006891732309168585
80578,0.00047314053541689185
80583,0.1498668948753616
80591,0.08513910063704512
80607,0.0005935420378288468
80614,0.0015549099358337045
80617,0.0006077317225019304
80619,0.0007403389115001799
80624,0.004163179013391512
80632,0.0011408557964394787
80639,0.0006383246663789411
80643,0.00049259313648183
80644,0.0008109054134752966
80645,0.0020249123831953186
80646,0.0007612262882594033
80648,0.0006697101990345764
80652,0.010763168071119095
80657,0.1994313259821234
80658,16.446655402239934
80665,0.002436103833082712
80669,0.0008298800990652104
80678,0.0009797587328773786
80679,0.0005918520227657138
80686,7.902776644234341
80694,17.13157478047612
80702,0.0007429583658567278
80703,17.514069630315028
80707,0.003589875426730533
80710,0.00042176122824604515
80712,0.00045701395059905003
80718,0.021199407905389538
80722,0.0006860924832485036
80736,0.0006583634516546884
80737,16.011417914576082
80740,0.0005513366807931169
80741,0.0005268119084310397
80753,0.0017557895516769483
80755,0.0007138637141036179
80757,0.0007977490491074201
80763,0.009772914174102369
80764,0.00889411636920247
80765,0.0004414895794701078
80769,0.12210083940417663
80770,0.010673098286239054
80773,0.0007220214169318029
80774,0.0005975170507551321
80775,0.0013105347273322352
80777,0.003118366830508653
80796,0.00043618408115493666
80797,0.0008838136336279853
80798,0.010280462361158696
80812,11.64162792865543
80813,0.03601629647653253
80820,0.011048854746523527
80822,0.0022166002717885344
80827,0.0006860924832485036
80838,0.00047314053541689185
80839,0.0006611827122908806
80843,0.0007741212002159887
80850,0.0023797502184707024
80858,0.07072210626394933
80865,0.001161396601770864
80867,0.0007657225107207581
80871,0.0004947521643446984
80876,10.625733089175974
80886,17.570957958954754
80891,0.0007443458403379071
80894,0.0009643466195520787
80895,18.204884513713207
80904,16.777979096046412
80920,0.0004197379456186407
80937,0.3561532304874287
80945,0.00282010082448517
80947,0.00048771367019888854
80948,0.0010646831534626817
80959,0.008012320575685603
80973,0.000905153117681377
80974,16.687315602717398
80978,0.2634949561890193
80987,0.00040990323359911107
80995,0.1601570142064364
81007,0.009043562564446724
81016,0.0008022349515127414
81018,0.0010040696824455747
81037,5.919643833636819
81051,0.0010139623812518788
81053,0.015384743040142724
81056,0.0007638632130603176
81057,0.012688118556501916
81058,0.0014085312948880569
81063,0.0012781601153516156
81068,0.07250647395965437
81074,0.0004222761832879114
81076,0.016402418101882053
81084,14.541836483553874
81090,0.008315155316846203
81091,0.000811632930193887
81094,0.00045701395059905003
81109,0.0004436895209829524
81110,0.0008839834966951094
81115,0.5149323004715928
81117,0.0009015788523212944
81141,0.0009084755495668963
81143,0.0007129569063269364
81152,0.00040524492289170774
81157,0.1436571255799606
81169,0.00038818376424471694
81170,0.000857243209141745
81172,0.003159701866451806
81176,0.004539562423865581
81179,0.0009182797880023791
81191,0.0010431593104123138
81193,0.04442061314810648
81194,0.0014259606499848452
81200,0.0006611505747618271
81201,0.0005625941284344856
81204,0.0008784896321046198
81213,0.008728335601622169
81216,17.402450502003884
81220,0.0017513272601726638
81223,0.0005988926955119275
81229,0.0007571470954125229
81233,8.991871396533838
81247,0.000923499887515242
81250,0.0005268119084310397
81264,0.0005743051374485916
81267,5.05653302956178
81268,11.658705100668397
81272,0.00039854749061044253
81273,0.0004222761832879114
81277,0.0006618229899826735
81278,0.0004108798592825856
81279,0.0006035376022735556
81281,0.0007429583658567278
81283,0.0005089860607870048
81285,0.0004735501284976141
81293,0.001855287673211644
81297,0.0007664882281522485
81306,0.0037204379085453965
81307,0.0017723515770022712
81308,16.53716074019271
81311,4.95318291682447
81312,0.0003958568421256862
81319,7.643724735813626
81323,0.0018742603131705927
81324,0.0006203839992170248
81327,0.12783428337076577
81334,0.0010192149860227952
81336,0.0033467556680372304
81345,0.00046856064849480747
81361,0.0007343497188658224
81369,0.043305135324590814
81372,0.0004640007861827397
81377,0.0007086862420825013
81384,0.0006925820478081438
81392,0.04905699437788168
81408,0.006147566301429534
81412,1.5817623659359892
81413,0.0007544592183376832
81421,0.000658045144361619
81423,0.0004166001305857669
81425,12.83610428915326
81427,0.10537334416503492
81433,0.0012384470692456619
81438,0.004906974065735891
81440,5.809548056084395
81446,0.0015500477883455346
81449,0.0004815679354456301
81451,0.0005773250244272972
81453,0.007917279369362434
81467,0.0005737438553439641
81471,0.0009218730779441107
81476,0.0005413006347827656
81492,0.0005398290996078272
81496,0.0004526182757120789
81503,0.0015082916321309064
81504,0.0007522310499766315
81507,0.0007972097148054604
81514,16.737100997786158
81515,0.0008939769975080381
81517,0.0043352236213311844
81520,13.047581386229272
81526,0.035170031829715245
81527,0.0009151193110706923
81528,0.016336207002669523
81531,0.0036551274540353425
81541,0.0005459650071328259
81542,0.00045291316209220705
81543,0.0005514222370409624
81550,0.08078533239134034
81551,0.05634049962110264
81552,17.028275453270894
81554,0.006378118741208648
81558,0.0010518856867458167
81562,0.0004701430622806241
81563,0.05339131832175905
81566,0.008315738975078696
81567,0.0014790197488074555
81571,0.00598883452013539
81578,0.0009130432810852974
81580,0.0009885696506451319
81582,0.35723171427158307
81584,0.0006860924832485036
81585,0.0005829692628397237
81588,0.0005637568365394346
81592,0.0012354595202597358
81594,0.0008001514977649787
81609,17.36170329441414
81614,0.0005774754655695843
81619,17.474557061894025
81621,1.7045626584240126
81625,0.0004278576942437043
81627,0.007452690617041388
81630,1.7630103733203986
81631,8.782360374288162
81632,11.535708483086175
81633,3.348394740231729
81636,0.011420844604790639
81637,0.000653080354270488
81638,0.001043242255139262
81639,0.06377557887875245
81648,0.000960464823983522
81651,0.005923795215098103
81657,0.0016286047963133953
81662,18.944498378036815
81674,0.002074687602701498
81675,0.7037872673573489
81676,0.008262750480574076
81678,17.066963492796425
81686,0.0006788531666020841
81691,0.0012035292272378306
81697,0.0012884147647435238
81703,0.0006519411472638729
81722,0.0007337744050800565
81727,0.012515166319616295
81728,0.0020848587691040003
81733,0.0004280421460335724
81734,0.0003958568421256862
81735,10.806303289904593
81737,0.0007584311678119118
81740,16.931113866834362
81751,0.0008917111260515941
81755,0.016731901183006645
81757,0.00045404797568639025
81758,0.00043062881771391227
81762,0.0005672444970298252
81763,0.0580610564657999
81765,16.6193588560129
81776,16.192756272461043
81779,0.062186412704661256
81786,0.0010396267012410846
81787,0.5305538392285525
81789,0.000793380504631017
81794,0.0707111929004918
81797,16.924639593761178
81806,0.0006240611483875605
81811,0.0007036003355769386
81814,0.0005827692759927884
81827,17.27342163734223
81830,16.48652149005236
81833,0.15192855084248372
81840,0.0007538458309192576
81842,0.0008001514977649787
81844,0.0005625941284344856
81845,0.000620812200684766
81847,0.0008577339397742023
81849,0.00044766013258341664
81857,0.0015159209486162104
81859,0.0010345404394640698
81862,0.0006524414821424447
81887,0.0006102033432521686
81897,8.525712643792257
81906,13.904283334089609
81913,0.02415058060175177
81922,0.0008922156442292732
81925,0.28895732138627483
81927,0.0007657225107207581
81929,16.408672557877455
81930,0.0022049402089244262
81933,0.0009737443415812489
81936,16.760333076990037
81937,0.00045353134094865946
81941,0.0007143660673196118
81943,15.824993751077892
81945,0.0011055971045003418
81947,0.0004377842009862274
81951,0.0004521237461355674
81952,0.0011371312264345196
81957,0.000524940578819126
81959,0.0007063218078553522
81974,0.0008048555819440339
81975,0.023224364225734085
81976,0.0006817329131873454
81988,0.004405429880896659
81990,13.212797883478839
81995,0.053179865489448384
81997,0.0006466239543556781
82011,0.0004858584510517406
82017,0.000677174091324377
82018,0.00033729635763018816
82026,0.0008167772482803974
82027,0.0006891732309168585
82029,10.437970260269719
82037,0.004300470877507846
82041,0.6146572088672101
82054,0.12580398716725896
82055,0.011130691672126046
82056,0.0008021538944150731
82057,0.0006715457841169517
82058,0.000545674790519119
82065,18.062153075711414
82066,0.00043060105264513865
82069,0.000424612492634926
82074,0.0004940250581375336
82078,0.0005296103702136952
82083,2.8809856117740327
82095,0.010276764155754113
82096,0.0004861824180351449
82102,0.0004521237461355674
82106,0.006105247003278377
82109,0.0008001514977649787
82118,0.734551362608743
82128,17.556577984114842
82133,0.028036501339372993
82137,0.0004970608669118636
82143,0.0017487934700474376
82150,0.010794053911200936
82153,13.114811576283913
82158,0.0008443926854759612
82177,0.0008167772482803974
82179,0.0009662205324798664
82187,9.034092984710785
82190,0.003934863043894714
82200,17.56433003481745
82237,0.0008601916501408012
82253,0.03438762671575536
82272,0.0004526182757120789
82281,0.0007982789804794971
82287,0.0005758542919077476
82305,0.0009031166106877837
82313,0.0007612262882594033
82322,0.0016021904164988097
82328,18.83946675804257
82339,0.0007126589788797909
82341,0.00035856416246880443
82349,0.0004433677478649568
82350,0.005355576486643242
82351,0.0018263497668403218
82352,0.001449666995497317
82359,0.001384405875441146
82363,0.003086624375817336
82364,0.03336423077256281
82365,0.00044098382006348136
82366,0.0005420578270955925
82370,0.5898616096461694
82375,13.104448600115273
82377,0.0007374690803622601
82381,0.0006040499799529327
82385,0.0016300117755688594
82398,0.002269913306410592
82399,17.238991843123348
82401,12.466321079837922
82422,0.0005155049839506319
82428,0.0005517068385151028
82429,0.0013486545845963625
82443,0.0005310853039241917
82447,16.100614750151248
82455,0.0008521579518345152
82460,17.68515563489903
82462,0.0006919964701477633
82469,0.10556374739533132
82470,0.006502007137874926
82471,0.000480140224892852
82475,17.07880838407619
82483,16.7711591168454
82487,16.524821566862034
82489,0.0006597280980745836
82493,0.0065365849066764915
82494,0.0014349102755204745
82502,8.907984462267967
82503,0.0008016393994337411
82504,0.00039537004156641397
82509,0.0009782636925409131
82511,0.0006354771550449223
82513,0.02685501162831776
82518,17.684065547374797
82521,0.1748785033726958
82525,13.46269654741871
82533,0.0012085525993067955
82534,18.114645713740654
82536,16.057183885950877
82544,0.06734820826292927
82545,0.0007063218078553522
82549,1.8247302462190784
82550,0.0005705389740296915
82552,0.0005031595259380861
82554,0.0037692223679424513
82556,0.0005342622354488144
82559,0.001836532207956837
82560,8.26351467649109
82564,0.16330468003687548
82567,12.555361761809221
82579,0.0004688250433755809
82580,0.0010076344864823322
82581,0.0018266122975927064
82590,0.00044101921869349096
82594,0.010854521245855855
82598,0.010486832561677093
82610,4.147783436822985
82618,0.0038060920941724572
82623,0.1918490219763048
82624,8.588160621341512
82628,0.0005273717405895301
82629,0.00043285609579431775
82630,0.05678265747121183
82637,0.00044748547268172185
82642,0.45313990914052554
82645,0.0006077082486836944
82650,0.001043907674723647
82665,0.0009552506384221551
82671,0.0007392127575951972
82675,0.010712325822046169
82678,0.00045298739118274556
82692,18.84469953004408
82696,0.0012904739708479765
82698,0.0009276654829597945
82702,0.018723807405184555
82704,0.0007431986865633134
82706,0.0008286116807688796
82708,0.000772184081621142
82716,0.0010165542012119523
82717,0.0010770505470482222
82721,0.0006005478179973962
82727,0.16290554402099838
82733,0.0004179245602600807
82736,0.001701225140363755
82738,0.0005766070609037122
82740,0.0008001514977649787
82741,0.00041545314893456936
82755,19.03347789992272
82769,0.0006668215284110929
82773,0.0006544808074973027
82781,0.010585097161972376
82784,17.34529048082087
82787,0.0011935005700433124
82796,0.3696897706310935
82798,0.0016021904164988097
82799,16.26668425786588
82803,0.0007612262882594033
82804,0.0007456523862166483
82809,0.0007256877008988862
82810,0.0004058988304951086
82817,0.0007657225107207581
82821,0.001047874732587045
82836,0.0007670512980632219
82838,0.0008480153684994598
82845,0.0037779825164064246
82846,1.4192739357249866
82847,17.763251521457917
82851,5.670519760752059
82854,0.0007496830033293124
82858,0.000995671413861165
82863,0.23196063820624105
82864,0.018706637951492206
82871,17.614807515553494
82874,0.00046715742525077166
82879,0.0014219688049653919
82881,0.001131048794438734
82890,16.17295963332095
82897,0.0010809243094680768
82907,0.0005721494271723508
82912,0.0008551152701544637
82923,0.0007078504706959048
82925,0.0005663543139498127
82931,0.0546707487032545
82944,0.00045701395059905003
82955,1.0714282654815093
82958,0.002556831131339153
82966,0.1158699818008343
82968,0.0005528857453601383
82975,0.0012075332516869256
82980,0.0004419575448019153
82986,5.421543108877736
82989,0.0009332818233901991
82991,3.7466900969473627
82993,19.605467267264324
82994,0.00046392265181986904
83004,0.0018746508099824674
83006,0.12146836566359132
83021,0.0006843596772057418
83022,0.022481221358922977
83030,16.748495484201054
83031,0.0007723349076764127
83033,0.0007982470771504387
83034,0.03583921721932668
83036,0.00044268558564019314
83039,16.60971864368692
83049,0.006025557379952767
83066,15.332149666852237
83068,17.69808493295928
83071,0.0020733944923004115
83072,0.000786162160480976
83078,0.0006264093954173179
83080,0.0006694377900640114
83084,0.0005169164398915315
83089,0.0006472648137895456
83093,0.00041696956331438814
83100,0.0009566572295078866
83101,0.0015270386017901662
83108,0.0712821065089705
83124,0.0004278576942437043
83127,0.0007643325930642064
83132,0.001755241190069552
83136,0.021145859675612968
83137,0.0007399985539269002
83138,0.0007821057411192872
83140,0.004939389659109583
83148,0.09356298335827226
83158,2.6118469456566498
83161,0.0005646285550491611
83165,0.0004606288680233532
83166,0.04987613582868496
83167,0.0005268119084310397
83171,0.001516410424630539
83178,0.5357163575561732
83181,8.034895709011646
83183,0.0004435301737651557
83190,0.0008605957490705003
83208,11.399028067262128
83209,0.0060818798101444456
83211,16.455652499732572
83212,0.00517520276502509
83215,18.17820542938848
83219,0.0006233911689455178
83221,0.00043060105264513865
83223,0.020138255902150938
83228,0.0011401145969969352
83230,0.0012600085831311583
83243,0.0008591903725963948
83253,0.0007323762855925722
83255,0.015297103810755063
83262,0.0008661178506974551
83267,0.0303883462949964
83268,0.0010822021064954652
83273,10.319880566492571
83274,17.105678319909963
83282,0.0005412515398698354
83288,0.003580389234871939
83292,6.660186493538324
83296,0.0006446619262292687
83298,0.0013313520084078608
83307,0.001542703551066235
83308,0.011916300728105836
83311,0.04826877377403454
83322,8.264037219576476
83326,6.737948708580883
83329,0.0008001514977649787
83333,0.0007627614932174869
83334,0.0006323569868050176
83339,1.253941380767857
83341,0.0007467721191718151
83342,12.807131203256247
83347,0.0009360282884179549
83350,0.0006148939068623684
83357,0.0005683720716482263
83360,0.00668537450424436
83365,0.1904818045274109
83376,2.4620202791173065
83382,0.00045291316209220705
83388,0.001043907674723647
83390,0.0285853429422248
83392,0.3712088251739091
83395,0.0006277382507008083
83403,5.736056850861717
83406,2.0790293145104712
83409,0.0006007996263892316
83412,0.0013922613506408554
83416,17.391374277226713
83418,0.06628762719396078
83421,0.021302899834075444
83422,0.002176016121755336
83434,1.2490147768256599
83443,0.0005728270111099099
83456,0.0048781507408710385
83457,0.006489043254981871
83462,0.0006095853351376268
83471,0.0004300239401081094
83478,19.841409145986805
83481,17.921045170515065
83495,0.003056706438650058
83510,0.0008944207531228655
83519,0.0007329044252498629
83531,0.0007086603428673119
83534,0.0007199968082497691
83536,0.0016250124879105543
83538,17.000788072390186
83539,0.0047991610496819544
83548,0.08386120647604363
83555,0.012154666635605983
83567,0.001065668192467842
83569,4.866206700276074
83570,0.0005373311719397634
83582,0.0003958568421256862
83584,0.003984164136303317
83586,8.653626395590354
83591,0.0008240497979897959
83592,0.002050207215439745
83598,0.002539294157957233
83608,0.00041678135869581965
83612,0.03995210705337764
83618,0.0003880108237350601
83619,0.0062252748892176885
83620,0.0015625385877552009
83623,0.000795368485502476
83627,0.0005494367271736291
83629,1.9384401924792816
83632,0.0006985278091335254
83644,0.008243902790037897
83646,0.0011100240674522528
83648,10.648234968950602
83650,11.754325096776432
83656,0.013279760419658438
83659,0.0007835070087869886
83660,17.366987703797516
83663,0.0018189144720574938
83670,1.7138140018799088
83673,0.0008721111698386219
83680,0.023120909018508076
83682,0.022792702427787914
83686,0.00047519917006764783
83712,0.000692626488265682
83713,0.0005625941284344856
83715,20.302994274051418
83717,2.987679388479843
83720,0.0006891732309168585
83721,0.0012600085831311583
83723,0.003976181800458456
83727,0.000994227673401025
83730,0.0005768276539807411
83748,0.0006387373092593539
83751,0.06304658303619734
83756,0.411832469857263
83759,16.955288487541043
83779,0.0008577339397742023
83782,0.0007362544736960293
83787,0.0006109382539013276
83788,0.0004688250433755809
83793,0.0005704899954344038
83795,0.0005530619114830307
83797,0.0006307584156431624
83812,0.0004670811922760724
83813,0.0005135300570173316
83817,0.0004421328730804208
83838,0.5736455289665141
83849,0.000938732222108502
83852,0.0005993358201346535
83864,0.0004087204287950981
83871,0.0006742909551624113
83873,0.015405375307966183
83878,0.0004752236302374956
83888,16.917331260274004
83898,0.009069670654746977
83903,8.792199596883076
83924,0.0006334273854459072
83929,0.00043435077185723846
83933,0.06313945319239955
83934,0.0004565634376012574
83935,0.0005028198121732712
83942,0.03553619449915018
83950,0.0007066789307490159
83955,0.0007330804215244841
83958,0.024885986443275755
83961,0.0012304237172354878
83965,0.0006519711863154523
83966,0.000699573094733239
83968,18.793310794026727
83971,0.0008110815929258768
83974,0.007682378526318726
83976,0.0007267517686922627
83978,0.013751506758166668
83981,0.0008879111511150039
83990,8.062989405285034
83991,18.630296185125392
83992,0.0010881915501261207
84001,0.0006729752302624948
84006,0.0007287747647611971
84009,0.009850613802929592
84010,0.000763817036247518
84013,4.715813604271783
84016,0.006100002501408588
84017,0.0004152757983208498
84020,0.0007458020312687026
84024,0.003280028307717986
84025,0.0010651351496310199
84026,0.0004410370552116051
84029,17.426916857884883
84037,0.0004648132718804218
84048,0.0006329277713106185
84050,0.0005496757302922808
84062,12.792288513097867
84071,0.0005448792181770369
84072,0.0008154000237263427
84080,0.0008662508190254306
84087,17.119725147596807
84088,0.000524940578819126
84091,0.0003874710483591951
84093,0.0006672970509550365
84095,0.0006736036723273112
84102,0.0015642907015873688
84107,16.988049420810437
84108,0.029952224297940262
84121,15.126253191371418
84122,0.000480140224892852
84123,0.0010260356977782026
84124,0.0008988590024842317
84127,0.0007982789804794971
84130,0.007553360911881582
84131,0.00043060105264513865
84133,0.0005879490078140679
84142,0.003455993525938338
84144,0.001590140028753555
84159,0.0005057475954986784
84161,0.013478522855622982
84164,3.9136949377933172
84170,0.0005963344498821669
84171,0.0004133032112312664
84172,0.0004688250433755809
84180,0.0005769377112131018
84181,0.0006086817214323132
84188,0.0007024832256857337
84189,0.057094986997024186
84192,0.0005209228528998665
84193,0.004936313288040805
84199,0.0015866781038189719
84200,0.000480575946199791
84223,0.007222525088980182
84226,0.000480575946199791
84233,0.0009066443059514674
84235,0.00047609737747720296
84253,0.0004701430622806241
84261,18.52143899093965
84263,12.556842947992845
84267,0.06258218182914037
84280,0.0007649953858264006
84281,0.0016299435894516073
84283,0.0021727894540820797
84287,0.0004435301737651557
84290,16.050968128483124
84296,0.00041121664476237197
84298,11.851615576116027
84311,0.0006067636904833
84316,11.226276357263998
84320,17.696102309021963
84323,0.011898890519540874
84327,0.0006072755175168843
84338,0.0005667077815473627
84340,0.0011677665113838023
84347,0.0007419164723167085
84360,0.0006194798234050179
84361,7.402694252893862
84370,0.0008022559480853524
84377,0.0007524411841211714
84384,0.07001367335113765
84385,1.2720583697223877
84392,0.0006365658833534725
84393,0.012656498803425365
84394,0.8697034822075592
84397,0.000912649546825989
84400,0.0007126589788797909
84408,0.000610187910313748
84412,0.00044633154899834045
84424,0.0004482869887601571
84425,0.0031439823968118937
84430,0.006955182169547179
84431,0.09770170692283817
84432,0.0004222761832879114
84433,0.0008577339397742023
84434,0.0005236238586661416
84437,0.060622734803958155
84438,0.11451046304474768
84440,0.04889407013541349
84458,0.006100002501408588
84464,18.176241254212034
84473,13.052531418707744
84480,0.0006994211512445039
84484,0.001397633350983944
84485,3.6593786662439056
84494,0.0010877984967732274
84499,0.0004205879616131812
84507,0.0028040779883168948
84512,17.7250023403169
84514,0.0008729848884108198
84524,0.0010423714996859398
84529,1.0613563697991482
84531,0.0005272200280472337
84535,0.03442127316770872
84538,0.0008632237936391828
84540,0.00043561607212617477
84545,1.6702404358960503
84553,0.0007129569063269364
84556,0.0005036480372296603
84558,0.07915120177424347
84563,13.955977987923017
84565,0.8059617774837694
84574,0.0009666470405705167
84575,0.0013433713914280383
84582,1.6549562820016146
84595,0.0009971304334713267
84599,0.00066725002857719
84603,0.24800199689841032
84605,2.4154677454571534
84606,0.00042176122824604515
84607,7.138837597312891
84612,0.0005669676806015997
84621,0.2188307574059576
84624,0.023120909018508076
84630,0.0015461940292770828
84633,0.004708623466471953
84635,0.0006165618248593017
84636,4.173058525270667
84637,0.0017327200028826796
84645,17.490130821666494
84650,0.0038348909871864607
84652,0.0007612262882594033
84658,2.7635702093303665
84661,0.0009281361190279176
84664,0.0004508486774785602
84668,0.0008243039995368935
84671,0.03716982844331383
84673,0.0011546303111066197
84674,0.0004565634376012574
84680,0.524904835370805
84686,0.277155945320413
84697,0.0008215130403072637
84699,14.765836341261775
84701,0.007728802455384853
84703,0.0010646831534626817
84708,19.55180888611508
84712,0.00041385751802716886
84720,0.0011432440521005377
84729,0.012789417665724575
84731,0.009315593050685612
84735,0.0006834594186579884
84738,17.106373993550697
84743,0.0004815679354456301
84754,8.486527763431093
84760,0.0005878011752936502
84767,18.359430615283042
84769,0.0006885592370237831
84770,0.3243037144861079
84779,0.0006339466051378535
84784,12.311980940081796
84785,0.0015104173330489842
84802,0.0006340656609367852
84804,0.0015513449578354235
84814,0.0005250248879049961
84817,0.0006891732309168585
84819,7.971167625467492
84830,1.9020820144820896
84841,19.88095125677969
84844,0.0007646877593214359
84849,0.0009288081076065426
84854,1.3340624809963741
84866,0.0007004910187926376
84872,0.000364100410970851
84873,0.024416284879313282
84877,0.0004526182757120789
84884,0.0009072626427050727
84886,0.0009928648213161143
84889,0.10407458669233383
84895,0.008689242617556332
84900,0.0007853766154805823
84905,0.0009129719985683531
84912,0.00041920043206938943
84917,0.0006339466051378535
84919,0.0009326601019836806
84938,0.002632199168485032
84952,0.007305624377030922
84954,0.0005809325024218289
84958,0.09871957631238429
84962,0.007619970026577251
84975,0.07681477549642737
85000,0.0004427150344385775
85001,16.56739165191049
85003,0.0007627614932174869
85014,16.248389182680334
85024,0.03486289010030116
85026,0.00456760604050102
85028,1.2326356823049653
85033,4.1529089268392285
85034,8.187614848377471
85036,0.009449909587817064
85044,0.43472318160677964
85052,0.0008037037678307248
85058,1.0838724275554477
85060,0.0007711450702626618
85065,0.0004861824180351449
85073,0.000528210950266282
85076,0.1187345272560469
85082,0.0007720871856731813
85083,0.004993251161318484
85084,0.004231307898336223
85088,0.0011785799697418952
85093,0.0019225434525111944
85099,5.076604441377906
85100,0.0005918520227657138
85101,0.0007244082754939592
85110,0.0010032581504733034
85116,17.644392120398315
85129,0.007898522329520794
85136,0.011165237132684292
85149,0.0006670649824048291
85150,0.08437183853497575
85152,0.0005156966025352052
85163,0.6769928480212032
85166,0.0007417398320071589
85168,0.0022409931054766614
85171,0.0015002859112352447
85180,0.005769564045695496
85194,0.0068110142667379345
85212,0.0010345170263838252
85216,0.8954708208320381
85225,0.000915466235142081
85240,16.342592579731882
85249,10.206024535213256
85250,0.00044973444420282727
85257,0.0007403133987714118
85259,0.000923499887515242
85266,0.002341555731383123
85268,0.0006854624686500927
85283,0.23655701870578572
85285,0.0015621901938051728
85289,0.0006860924832485036
85292,0.005118672220240948
85297,0.0012897910666570143
85306,0.0006057455582087899
85318,15.752520123096328
85320,0.0005268119084310397
85322,0.0008001514977649787
85334,0.0009545445610789161
85345,0.0006917316204764214
85348,0.0007673959483908667
85361,0.0007657225107207581
85363,0.0005918520227657138
85367,0.0008047681929139603
85372,0.088442507240911
85378,0.0008035844980291515
85383,0.0007408272911408719
85384,0.0005951585265785481
85389,0.09002390152794248
85392,0.0006436286342893177
85393,0.000424979706164939
85404,0.0007735720933900426
85413,0.0008391386657440938
85416,0.005613099918111592
85417,0.1268716197223861
85419,0.00039620981701215835
85430,0.00048557155679805847
85431,0.0013648896677676498
85439,0.0004285060724381341
85441,0.0004250880343537009
85442,17.43542007628836
85451,0.0012378533189342316
85470,0.0007781709964610154
85480,0.0019229091565255315
85483,16.836637214796568
85484,2.0597859416189612
85486,0.02162444113247804
85487,1.7071240493526723
85490,0.0005987413790066389
85493,7.070223052107839
85496,0.0009318571088117306
85505,0.0009737443415812489
85508,0.0005237363717592021
85509,0.0009176799636961497
85512,0.039843744153453195
85518,0.2892921423987914
85531,0.0009332818233901991
85536,10.018673788170094
85554,17.183708708453004
85556,0.0007295215637155893
85557,0.0006435405370083307
85561,0.0008154000237263427
85568,0.0006618449896098283
85572,0.0006647780211092378
85577,0.0019211997670768959
85583,7.675167147253589
85586,0.0005864918266540785
85588,0.0011345916568880367
85596,0.0006394507617093422
85602,0.0006003263840828442
85603,0.0005302075199174774
85615,9.52753705782483
85616,0.0010071076709964066
85635,0.0006339466051378535
85638,0.0004526182757120789
85644,11.224912364531887
85647,0.18794535995540979
85649,0.00044745668882188977
85651,0.0035118200667509565
85658,0.03306721869228945
85669,0.0005911897902390887
85676,0.0008001514977649787
85677,0.0008286116807688796
85679,0.0007107512350162648
85683,0.0007726218796382763
85687,0.0011216500960203894
85690,0.0008001514977649787
85693,0.0006817329131873454
85694,0.000535505056684346
85696,0.00043397307993152693
85699,17.577521008417307
85701,0.7916764955538358
85709,0.011993986010956952
85720,0.0005257431628959139
85722,0.0009059910402838253
85723,0.0008329743435398574
85728,0.0007140209295570598
85739,0.0006113340317289176
85741,0.0004222761832879114
85743,0.0006954213923785401
85747,0.0034950748234339434
85749,0.0012160864456162179
85754,0.0004508486774785602
85764,0.0004861824180351449
85766,17.427036637673343
85770,0.0006715457841169517
85782,0.0005279693367495512
85786,0.00041757297499473757
85787,0.0059304740187459595
85791,17.465442948027412
85792,0.0008290141580855498
85797,3.3824887175108467
85800,0.0006393634209166711
85805,0.01521265142910857
85806,11.11266751675575
85811,1.0599344505416406
85812,0.0006374816059959651
85820,0.0011122764459898667
85825,0.06006863930538496
85828,0.06079449266141327
85841,0.0013977078631377106
85843,0.0004076059152575809
85848,0.0005954276142886559
85857,0.0009006058049082246
85871,0.001051975497007637
85872,0.0008905908898999334
85873,0.0003903303251898422
85875,4.880823056403769
85885,0.0004763002552332656
85888,0.01392338647373391
85892,0.0008644432383278459
85898,0.002126000855305998
85903,8.99080432146418
85904,0.001034224843254971
85905,0.0006821323064909029
85907,0.0009090306178589084
85908,10.670444943386222
85913,0.0004769739034377389
85918,0.0012160864456162179
85920,0.00041903612086024165
85922,0.000947411345378996
85933,0.11301877985433204
85936,2.3929522338828364
85940,17.29446302694773
85943,7.469420827565363
85944,0.0011331179362875925
85947,13.18595891442095
85948,0.0007133352158716678
85958,0.0010644261478992441
85969,0.001221199741949554
85981,0.7666463737675526
85982,0.001208421260245611
85987,0.000793879094757274
85991,0.0019972938533979016
85993,0.001350969584160817
85994,0.000793879094757274
85997,0.0008899065510281406
85999,0.003460878009422669
86001,15.95316351633762
86019,0.014019881566579868
86020,0.0004200767536113849
86032,0.02604567172195757
86036,0.0006068209959920079
86042,0.00044666110040175917
86047,0.0006038126744777417
86051,0.0008192216708370245
86072,0.0012459442967494437
86076,9.417350714652942
86079,0.004868390316474793
86083,0.0010985195126148731
86085,0.0005528857453601383
86097,0.0005036434738297513
86107,0.014882537872816005
86113,0.0026398277342915277
86115,0.0016203500491552693
86122,0.0008001514977649787
86123,10.665253522496496
86124,12.456239037599692
86131,0.13992634557639708
86136,17.144576400472022
86138,0.002436207179377089
86139,0.06686874886643882
86142,0.007335992790026417
86152,0.0020060142070933004
86154,16.86201090290307
86155,0.0008021605475549287
86158,20.012406662851877
86161,0.0008431696984023005
86162,0.000480140224892852
86167,10.937934894909986
86170,1.4258433469726461
86175,0.006301204103779416
86176,0.005065875788653766
86178,7.661269759873157
86185,0.0007466171171208056
86189,0.0009513105736336299
86200,0.00045291316209220705
86211,14.510841571222056
86214,0.0008647435701516703
86215,0.0008329743435398574
86217,0.0009012195181093927
86218,0.000480575946199791
86223,0.0007107009596657717
86224,0.00045701395059905003
86230,0.7172966702050761
86240,0.0007052486567809443
86241,0.1570971097386211
86245,0.0008001514977649787
86252,17.49104493419859
86256,0.0006394718404011684
86259,0.0007329044252498629
86261,0.0005190598095245948
86262,0.010667937934970128
86273,0.028514692180719135
86277,0.001994519128941173
86279,0.0007466171171208056
86282,0.0007990844960905482
86288,0.0005272200280472337
86294,0.011891185686617692
86296,0.12557794815927592
86297,0.0007129569063269364
86306,0.0009337507764264787
86317,0.0007742923651467045
86322,5.83267163614323
86332,0.0007903732637535646
86333,0.03841385530434374
86337,0.0006084393068687014
86339,0.0006128274156536053
86341,0.0005704899954344038
86354,9.547956106334356
86363,0.0007399244773341162
86367,0.0008001514977649787
86370,0.0009712333671759995
86375,0.0007227366243790861
86382,0.0006115503265156695
86383,0.010528712218007222
86387,17.405734995119584
86392,0.03137672275871565
86403,0.00044886270724681543
86413,0.0007164891577137922
86414,0.0005885570815267356
86423,0.0008240383155043811
86424,5.4302854026567555
86426,0.00042992685166225365
86433,0.0007955043396602882
86435,0.17535768971025897
86441,0.0009112270343280314
86447,0.0007629758611558536
86449,0.33629087515325323
86468,0.00043466643223457723
86475,0.0011398401617333936
86478,0.047879329392590694
86489,0.0004427150344385775
86490,17.28845869464046
86498,0.0859555697614974
86501,0.004526002106314627
86506,0.0005102041752110844
86513,0.2528628685991434
86515,18.79629989234183
86516,0.015222312566361673
86519,0.0009401987100110844
86524,0.06272306676051675
86528,0.0005745667582154603
86530,0.0006059066986644854
86532,0.0013504407685155256
86534,0.0006720035736156019
86537,0.006006427666380345
86552,0.0008274260364699605
86558,0.15380129384759542
86564,17.334786018306698
86573,0.0009837476191339157
86575,0.0007323762855925722
86595,0.0009310339298518086
86598,0.0009401365787663669
86608,0.000591048891094406
86612,12.277018757279516
86620,0.015570204047549214
86634,0.0004058988304951086
86635,0.00044196437470184983
86636,0.33605775017331935
86642,0.006100002501408588
86644,0.020197166938490118
86649,0.003085008826493129
86653,0.03306083117894295
86658,0.0008761800838638572
86663,0.0009318563024859232
86665,12.041985271721089
86666,0.000936995758387347
86667,9.659429452626851
86672,0.0005207056614261309
86680,11.61635970038909
86681,17.666540169526563
86684,0.0004201835552735299
86686,0.0007498474306588959
86690,0.0006586622149518327
86693,10.95300628605254
86699,0.0006315955728645626
86700,0.0004392689030445774
86703,0.0007262365810005753
86704,0.0009149411642545548
86734,0.0016860207255477335
86751,17.58566285714137
86754,0.016594053595910062
86756,0.0006647780211092378
86759,0.001430867025978829
86760,17.402746284776946
86770,0.021765271072690304
86776,0.0008301365997188453
86778,0.0004528872067610373
86781,0.0005187931787299061
86782,0.008800424839324831
86783,0.0008071554213336787
86792,0.36754170694374827
86795,17.502616234874846
86797,16.85591075772941
86804,1.0365977259559505
86810,0.000511253828483779
86822,5.016206112220199
86824,0.001129916511854216
86827,0.0019198230997744617
86839,0.013814631516254935
86842,15.08232901598559
86847,0.0008329743435398574
86850,0.0004196383351508505
86853,0.0004688250433755809
86856,13.33643269058407
86862,14.39852091481895
86864,0.10608173198213817
86869,0.0007651003785133569
86875,0.0010883704654847783
86881,0.0006453675324227453
86897,0.010621819477532475
86911,8.124782909603402
86933,0.006657801556779278
86940,0.0022823704145816643
86941,0.0010871575272615684
86945,0.000584117835685599
86946,2.044483118006462
86949,0.03583921721932668
86952,0.000480140224892852
86954,0.028556643253746444
86964,0.06144752000218675
86967,0.0007672305236711035
86968,0.0003796208686531677
86977,0.0006275547553289799
86985,16.3995399985329
86986,0.0009332818233901991
87014,19.124483486720155
87017,4.274805154806612
87018,17.603642215603017
87022,17.27341349134945
87024,0.0007170753427351165
87029,0.0008167772482803974
87040,0.0004300065107007094
87041,13.588984843775652
87046,0.0005625941284344856
87049,0.0006704507125048308
87050,7.379415342139597
87054,16.81138114214634
87057,0.011061935127075416
87059,0.0008037083166478802
87062,0.00045701395059905003
87063,0.00042337053954412727
87079,0.001019269171771199
87080,0.0005954276142886559
87083,0.0006718158648050908
87097,0.006792366344086973
87105,0.0005780794117819007
87108,0.0005008428002187819
87110,0.0007403133987714118
87117,0.00043397307993152693
87120,0.0008001514977649787
87127,0.0004526182757120789
87131,0.04127476460466647
87132,0.0007881466063649909
87137,0.0007970905076693119
87152,17.525240743126215
87161,3.9797851150552703
87169,17.479969985199087
87174,0.000692626488265682
87180,0.0007329044252498629
87181,0.0006132514499116147
87186,17.57682624349024
87187,0.06167089019383284
87191,7.693631332250303
87198,0.0007388394617266113
87205,0.0004205303264085059
87210,12.064333196505245
87217,0.07022774171150699
87219,0.0016021904164988097
87220,0.0004648132718804218
87221,0.0006612213979946196
87223,0.0004222761832879114
87225,9.63127077265679
87226,0.006386598845725634
87241,0.000673105977875203
87246,0.0006446169118841336
87248,17.31313603005531
87256,0.8841347064715643
87257,0.0004222761832879114
87262,19.06418573640413
87264,1.7845542427406709
87268,0.0022832034669296483
87269,0.0011081200150029444
87270,0.0006608757146684457
87275,0.0006919173735394102
87276,0.0006105220725815188
87279,0.19776586973447283
87284,0.0013900029721269154
87292,0.0011697250262966738
87293,0.0009755159928012973
87302,0.0005538360805714042
87303,1.7906657756374844
87308,0.0008343411034543861
87311,0.20441191632552794
87312,0.014994184451544787
87315,0.0004435301737651557
87319,0.0008412912168216597
87325,11.39535463914887
87329,0.00048768872124922344
87335,0.7491388766716568
87336,0.0005856114643689994
87338,0.0008159983612570206
87342,9.488460215868365
87348,0.612531723325076
87352,16.597404095191543
87355,12.324922980925361
87356,0.00044370102649849655
87360,0.0004217869929862013
87371,0.0017724995252434341
87373,9.279537241729123
87381,11.292062481767505
87384,0.0007153106122595459
87385,0.0005625941284344856
87390,0.001572977317196254
87401,0.0004305970711416285
87405,20.38413800805276
87407,0.00043060105264513865
87408,0.0004508486774785602
87409,0.00045291316209220705
87420,0.0008479186129703746
87436,0.0005585505498127529
87443,0.0005272200280472337
87447,0.3026767149838228
87451,0.0012563454600832196
87454,0.0004419575448019153
87456,0.0013882207868994218
87457,0.0014209316291224424
87459,0.0007724634414365576
87468,0.252844596678882
87476,0.0012055408822551179
87480,17.281316232929296
87486,0.2476530953069153
87490,0.00045594028928287137
87492,16.348323994711926
87495,0.23694382685719564
87498,0.000715303316935607
87504,12.54221872439695
87506,0.0011371312264345196
87510,17.69335551764457
87511,0.0005911897902390887
87516,6.063467368355953
87517,0.026053602002698066
87519,0.02500000512099353
87522,0.5670438203929703
87525,0.00040747224535248895
87530,0.03765791852775226
87536,0.0004707658804738599
87541,16.528946613326315
87543,0.21096934680800955
87547,10.14241776278278
87548,0.0010470269964696342
87554,0.31271895641745373
87556,0.0007240516913007075
87557,0.00041661787655148665
87568,0.005560454359826847
87570,0.0006928955523026567
87571,17.278725829400685
87572,0.0008167772482803974
87573,0.0008278125545132213
87593,0.006729420601973605
87595,0.0009893773002160788
87596,0.025743845843882666
87598,0.32378601249776817
87599,0.0009988234247539623
87605,0.000705708271174601
87606,16.86992758360551
87612,0.001590140028753555
87613,0.0006436286342893177
87617,0.0006029996505130503
87621,13.237215093983838
87624,0.0008591903725963948
87628,0.0005315478127914324
87637,5.600623788129678
87640,0.037781924593322413
87644,0.0006395921039784177
87653,0.00043435077185723846
87656,0.007821600398668539
87663,0.0011867120618265664
87665,0.005112596019785566
87671,0.000596635223198137
87672,0.0006765437374173569
87680,0.0004165775161301534
87684,0.0004261853744299628
87685,0.0008206103342597037
87688,0.0005999020789293764
87694,0.0007700279284799414
87699,0.1587098632465676
87700,0.0006048655989900894
87724,0.00043060105264513865
87730,0.0006278190458063305
87742,0.0077039377224341204
87747,0.0009163914676633522
87754,17.852375800392657
87758,0.0007219321023196212
87761,0.0007868374484155691
87775,0.16712871292345527
87795,0.0621979420735644
87811,0.0025776318086787567
87817,0.0023574763918226354
87825,17.106373993550697
87828,0.37232910653347295
87839,0.0003938812955072542
87848,0.0007140209295570598
87853,0.0011156508702447438
87863,0.0007025706154109279
87868,0.0005156966025352052
87872,0.0015121482769538828
87874,0.0009163914676633522
87876,0.0007783308729982782
87878,0.0011111353745904538
87884,0.00042992685166225365
87892,0.0007055119418327965
87896,0.0010610570720156812
87904,0.00043060105264513865
87905,17.413373274570137
87909,0.0004173528115888513
87912,17.193871418673663
87914,1.656527623618819
87916,0.06256073329207809
87930,0.0008202663954788473
87932,0.000661585416267788
87934,0.0004521237461355674
87936,0.00041177493341267474
87938,0.06328479040786815
87941,0.0005524927687457948
87942,0.0009616243709131292
87951,0.01684909081337123
87958,0.0005895894321132907
87959,0.0012563454600832196
87963,0.006393268145170527
87966,0.00322117065848513
87973,17.59625513019691
87974,0.001254175048155645
87981,0.0008587103880553142
87983,0.0019246994894652255
87987,0.001429909065671617
87990,8.326466493381094
88012,15.991205762973971
88013,0.0014845554614422842
88021,0.13455738028104738
88022,0.001399653637549968
88037,11.122798428549522
88042,0.0006860924832485036
88044,0.005118672220240948
88052,0.0004222761832879114
88067,4.4512330426362725
88071,0.0006901674661777331
88090,0.09358672662588323
88102,0.0004508486774785602
88104,0.0003958568421256862
88111,0.0004589615488560281
88113,0.0008001514977649787
88114,0.033713370609613366
88116,0.0008591903725963948
88124,0.0008605957490705003
88128,0.0022090961304600046
88132,0.0007086603428673119
88149,0.0006831205270900742
88150,0.0006356174544813267
88161,0.0005207455287935081
88164,0.007437308515611252
88172,3.3764241262824997
88177,0.0006801348784376425
88182,0.0007408272911408719
88184,0.0016021904164988097
88185,0.0008254329098684816
88188,0.0012400083873633351
88204,0.0008567616166543673
88206,0.0015365896876404286
88217,0.0006197666767800006
88220,0.000925618220264552
88221,19.134771556078213
88230,0.3915460995391483
88232,0.0006005478179973962
88237,0.5893324675677873
88251,0.003733258164232487
88257,0.00044056183921670054
88273,0.0008067719053149149
88281,9.512501078312113
88285,0.0004526182757120789
88287,0.003138893517420107
88293,0.0003593052893262489
88303,11.230783972781094
88312,0.00044268558564019314
88317,0.0006481158558685806
88325,0.0007329044252498629
88329,0.0005496437324641246
88332,0.0005928872768600258
88334,0.0012915068809006987
88364,0.000896654065806431
88366,0.00044409907622131983
88371,0.00042134209709077135
88394,0.0043148357225044785
88401,13.172691680416097
88405,0.01080758321366385
88411,0.011656894117948232
88412,0.0005961305067759892
88419,0.0008895227810393822
88423,0.0006525659177061036
88426,0.0114048859215693
88427,6.945530925669099
88431,0.0015750884897416772
88434,0.006100002501408588
88444,0.24828954546740759
88446,0.022760883118548993
88447,17.125776983892642
88450,0.0006330580413029016
88453,0.0018315126473831232
88454,0.0006958755288159215
88456,18.0833880259679
88463,0.0005402203833327266
88464,0.0015461940292770828
88471,17.44485933148359
88480,0.0010651351496310199
88483,0.35723171427158307
88494,0.0007466171171208056
88512,0.008869728036242652
88515,0.0018263497668403218
88525,17.258308610220855
88536,0.0005171600899264382
88537,0.000936995758387347
88543,0.30992726520509156
88545,0.0007203400843113851
88548,0.0005524927687457948
88549,0.0007020450243640911
88556,0.001035906604949977
88561,0.011257619625596942
88570,0.003436168433534561
88571,0.030228601573344234
88573,0.0031439823968118937
88575,0.0005753515628145832
88578,0.00043825540097857394
88581,0.00044329528372023363
88583,0.0005854759748814048
88587,18.322086623119354
88600,0.0010818761053960377
88613,0.06370888158793195
88616,0.9529846602638639
88618,7.623686593067456
88620,0.0006321717100325581
88622,0.0003372287422808944
88628,0.00042337053954412727
88630,0.0011653930631378272
88644,0.470435274299842
88645,0.0003855614670436876
88647,0.0004608085584463689
88650,0.0009712333671759995
88652,16.70175497974463
88655,17.010398858239068
88656,15.812049442933812
88657,1.637701360532736
88667,0.0010253666329473879
88668,0.0006141959458374078
88678,0.000741748512516168
88679,0.0005803658439145985
88688,0.047410721194192665
88703,0.0007032589486453953
88718,6.313420455173099
88719,0.0008113047922347139
88724,0.00048822874604981785
88728,14.200327999799757
88730,0.0007612262882594033
88738,17.211618760013714
88750,0.0007025706154109279
88752,17.57638999560917
88761,0.03202037536387044
88763,0.0009187780160839059
88766,0.0004864069183993593
88768,0.000822278668783933
88769,0.0005051829379692514
88773,20.052213383920304
88782,0.0011055820397428118
88789,16.09860950364885
88791,0.058310573352137574
88795,0.0006714791129771391
88796,0.0022661623086519395
88808,0.0004521237461355674
88811,0.08770819060566586
88813,0.015709700979822612
88816,0.006100002501408588
88820,0.0006685753026067845
88826,0.00042610983081521354
88832,0.0006433669110075641
88841,0.0008284304226555981
88847,0.0006821323064909029
88851,0.31756091334947756
88857,10.117493229644996
88872,0.0009955988753938155
88875,0.004507084269475025
88876,9.345095949877077
88888,0.0009446324532716365
88889,0.0006897958338842396
88890,0.0009135638766642827
88892,13.082156599700681
88894,0.0008768957295294738
88897,0.0015005416644955848
88902,0.0006318544617114836
88903,0.014283616426913476
88912,0.0005191310057346245
88914,0.7882993071380431
88915,0.0008212537365007496
88918,0.0004763002552332656
88928,0.0003919515703318526
88933,11.589577251443886
88937,0.0038360473359852197
88940,0.0006720757014355541
88944,0.0005947340539813791
88947,0.020935942796151484
88973,0.0004508486774785602
88977,0.0007626375409656527
88979,0.0003958568421256862
88983,0.000620466312256031
88984,2.2423686660845887
88986,0.0006933158519424411
88987,0.44375419356576196
88995,0.0008794687323409921
88996,0.14945382582690492
88997,0.0010707267411770274
89000,17.370523337598136
89002,0.0007657593167566337
89006,0.0008243262816540926
89008,0.0007873567365018931
89012,0.0008689963391322227
89015,12.022246588807196
89016,0.08779598174692016
89039,9.7518006211575
89050,0.006626892462607677
89052,0.0006860924832485036
89058,0.0005524927687457948
89060,0.0004272483863557479
89068,5.809548056084395
89086,0.00043060105264513865
89089,0.00043411977099668263
89092,0.0005934399207373762
89093,0.0007214395512440594
89096,0.0014315102147031892
89098,0.0008605957490705003
89105,0.000652068523046639
89109,0.0012600085831311583
89110,0.0011888243345954104
89117,0.0014132344675359672
89120,0.000605026305475833
89121,0.0010616690102912465
89122,1.0734204199077246
89139,16.101674060980848
89142,0.0007458020312687026
89149,0.03763920672553199
89173,0.0005520579796108444
89182,0.000767698691389947
89187,0.007923442910661193
89188,0.0006044962584903884
89190,0.0008001514977649787
89191,0.0008154000237263427
89195,15.985749884055863
89198,0.0008668424550203887
89199,0.001314031123759231
89210,0.0006788531666020841
89216,0.004895646110741501
89218,0.0019684604318303536
89219,0.09465118259418728
89223,0.37631537795960257
89233,0.0007535975177850966
89239,0.39398307919136616
89245,0.0005407684079217247
89253,0.0007694591445092609
89266,0.0006443323983246544
89268,0.000524940578819126
89274,16.229598355650822
89283,0.0005524927687457948
89288,0.003863512711845236
89295,0.0009186657781509525
89297,20.696026895980587
89305,1.1256823918320893
89306,0.0005929496015144237
89307,0.013851496388225346
89309,11.388763217329222
89315,0.014928969808750168
89316,0.0006813048419341916
89319,16.9194327202967
89329,0.0007096054090904167
89336,0.0007107009596657717
89339,0.0008167772482803974
89343,0.0005911897902390887
89346,17.99742293711134
89352,0.0008176172099306425
89355,0.00902026525695181
89361,0.005065182469736076
89365,0.0011388408991719024
89367,0.0035831311172780434
89370,0.00046742101459686374
89376,0.0004306087108524036
89377,8.502235678713017
89378,0.0017151181793574534
89383,0.015709700979822612
89398,0.0488799013571167
89401,0.11089763439661697
89403,0.001782225932215464
89409,0.03992062461738129
89410,0.001009013013054909
89426,0.0008553412449136686
89428,0.0007318542445734056
89432,0.0007904896695702876
89437,0.0005823288495969844
89440,0.001095102350913018
89441,0.0377791130488956
89461,0.0007784868115059084
89464,0.5021491645449271
89465,0.011048854746523527
89474,0.0006990178089082596
89475,11.166677446146027
89482,0.0014814915793627196
89486,17.17923887255926
89490,0.0007935673666505528
89493,0.013251861473773704
89496,16.51055619689425
89497,0.0006387913815740321
89506,0.004224369993913461
89507,0.0027150383309906298
89508,0.41652027730949015
89510,0.0029560622526586017
89511,0.016391996895055615
89515,0.0008563157599765713
89518,0.0032392220077143443
89522,16.950344996042325
89533,14.022119909068374
89536,0.0005690249252950606
89545,0.001585785029538006
89552,0.0008001514977649787
89555,0.0004261853744299628
89558,0.011747057881192265
89559,0.0004173528115888513
89569,0.0010097642383515755
89574,0.0006339466051378535
89576,0.0005174868751320289
89581,0.0005317417757101593
89605,0.0005873804599806932
89606,0.0006581196512547733
89621,0.0006578768288355481
89632,0.0006612213979946196
89636,0.000665582884529577
89640,0.0109073640594823
89648,0.1581417340637446
89657,0.0004913702533135848
89658,0.2811168190254434
89662,16.842071545125386
89663,0.0006162481907965179
89668,0.0006109194645851317
89677,0.0013456147798806043
89681,0.00043060105264513865
89685,15.152563853892033
89695,0.10006398012918996
89698,0.001268878328521358
89702,0.0005155049839506319
89717,0.00059820132755056
89719,0.0007475855614678098
89725,17.18371197092536
89728,0.0008001514977649787
89729,1.8408760892589853
89732,8.297846717654012
89740,0.0006005478179973962
89742,0.0008070872465405669
89748,0.000680001789019843
89753,0.0005928872768600258
89757,0.0005947340539813791
89758,0.0013127080793180629
89763,0.002011937925190023
89765,0.036019458779585706
89771,0.00043060105264513865
89772,0.000795368485502476
89779,0.001121680217576473
89781,0.0007724634414365576
89782,0.0011776629897961139
89788,0.0006410336594783398
89789,13.058790306044074
89791,0.0007458020312687026
89798,5.352730017497592
89801,8.731345115495474
89804,0.0007370305174936299
89809,0.0007444217998794991
89819,0.007891451141041117
89826,0.050322662854391
89827,16.949324640147
89830,18.51864741813302
89834,0.0012338925599634511
89835,0.001449666995497317
89846,0.006605666208239343
89847,0.4790200395731328
89849,0.0005699737328713178
89851,0.0006211254414787766
89854,0.0007324201267011714
89856,8.99858627402351
89858,0.18918591389927356
89859,0.8232753620394018
89862,0.0004272483863557479
89865,8.97919522278785
89878,0.0005929496015144237
89882,0.0015270386017901662
89885,0.005118672220240948
89888,0.0008001514977649787
89889,7.239373466282002
89891,16.857963123638743
89894,0.0017772317847212509
89902,0.001151904158034837
89915,0.0007302782587728717
89916,0.00043435077185723846
89919,0.0005490665312665167
89936,0.0007078227959163255
89937,0.0007724634414365576
89942,17.21707007218512
89943,0.007982582342989715
89945,15.2935236890802
89962,0.6644617172552347
89963,12.515961773101093
89965,16.595516459910016
89971,0.0005187958903640273
89980,0.008422803240803755
89982,0.00041385751802716886
89995,17.32722825067447
90010,0.0007316482160432109
90011,0.006937091979978857
90015,0.0005867046620574802
90019,0.5060052472043022
90025,0.0008513769320625071
90029,0.0005503074283597759
90035,0.0007612262882594033
90038,0.0007308023461661082
90045,0.008626521931768001
90053,16.877913655907303
90080,0.00041661787655148665
90089,0.0007690988502333203
90100,15.634033964675277
90106,0.00046489908611777053
90110,0.0004166001305857669
90114,0.006930936760465374
90118,0.4771420904890228
90121,10.196370070898103
90124,0.0005625941284344856
90132,1.0869873044899836
90133,0.09012581777058833
90137,0.0009100449377102205
90148,0.0005265424246566586
90150,0.0005951891025719331
90152,0.000566152876677897
90160,0.004137147317168079
90164,13.242469097400255
90169,0.0004173528115888513
90172,0.0010123188503877861
90177,0.0003694507329027522
90181,12.829789853810729
90187,0.010080022786784406
90189,4.721813128828769
90195,16.880242687154738
90201,0.004523619877113969
90203,0.0007401880384891925
90214,0.0007177989936081289
90215,0.0016028213497485302
90217,0.18113568858051424
90218,0.0010097642383515755
90224,0.0005854061179079082
90228,0.1428472494911344
90231,0.000504975269766766
90233,0.000748830217274052
90235,0.0011585029610284288
90243,0.0006860924832485036
90246,13.498049265633991
90249,1.7240473745992706
90252,0.000652919363205954
90263,2.178931414975211
90264,16.48652149005236
90273,8.381058268789813
90276,0.0009691939394132368
90278,0.004582746051783286
90280,0.001133554237380438
90294,0.000602146062890518
90305,17.02085137631787
90312,0.0013561806637632924
90315,0.0008873582635351531
90318,9.914071737580096
90320,0.0006917993218292822
90330,0.0004261853744299628
90333,0.000785964634777987
90334,0.0007600004461641239
90335,13.11856844476409
90337,0.0007348160075169415
90339,4.626323069251802
90343,0.006687835937425562
90350,0.0005207056614261309
90351,0.0015644010718818776
90354,0.0009360282884179549
90355,0.9892927772844617
90359,9.551758501730815
90369,0.0008110815929258768
90370,0.020487877452327618
90380,3.4340818220473954
90381,0.0006076460972654926
90392,0.0009737443415812489
90397,0.00617747350958559
90400,0.0006444045718732307
90402,0.031760928877428964
90408,0.00046045178152161745
90419,0.002374913594755461
90421,0.0005461140847746709
90426,0.0013481979668550415
90428,0.0007544915301608323
90430,0.0004377842009862274
90434,0.015709700979822612
90436,0.11939928553423536
90453,16.963393324033728
90455,0.0004829178648868218
90456,0.0007538458309192576
90457,11.069466887310877
90459,0.0007458020312687026
90461,0.0012036208517575476
90464,0.0006860924832485036
90470,0.0007090704490592237
90476,0.000923499887515242
90477,0.4363897242197936
90479,0.000468961376081347
90481,0.002249794552578947
90488,18.138629073072096
90497,0.0004216534723902177
90498,0.0007047708837335248
90507,0.001384405875441146
90508,0.0016378822839646788
90509,0.007372652237426941
90511,0.0006662796583408237
90516,0.000576632871523752
90520,0.0037445107461448928
90523,0.000773205983342709
90525,0.0007290858604031643
90531,0.022881206909861746
90534,0.0006352247751782731
90537,0.004405429880896659
90554,9.490095943916902
90556,0.019727983458661016
90557,0.0006879018944411042
90561,0.000779694990738566
90562,18.157558952869074
90565,0.0010986172909744963
90581,0.0005971343517041688
90585,0.0014068368453657946
90593,0.0009084555561428299
90594,0.0008031113456525305
90595,0.0006745838893565185
90597,0.033003665752641013
90604,0.1253814792287689
90605,0.000638430069508045
90622,18.144820448456727
90625,10.972403643795094
90628,0.00077442217496006
90629,0.0006191670913152764
90635,0.005046491533472271
90652,17.768106023531107
90655,10.627851545586962
90656,7.310427044034273
90658,0.000848848793449318
90660,0.02287590559008417
90667,5.1074888483713465
90669,0.0005705414763182455
90671,17.51214331686405
90673,0.0005897616320654972
90675,11.203087509079122
90692,0.0013334589648719979
90693,0.000673114663223226
90698,0.0006924800573970731
90699,0.0008748386967176204
90713,0.000835423192714536
90720,0.5806039634478959
90721,0.0005835439941142765
90730,0.1525334220495171
90732,10.343008270959357
90738,0.0014394721652475778
90741,0.0007807738036458415
90747,13.939744665137159
90749,0.009395526646480974
90769,0.007158989658806028
90784,0.0005114036722250228
90787,0.0007330804215244841
90797,0.0005971343517041688
90798,0.0005452806543849327
90802,0.0008001514977649787
90811,0.000982303851371738
90819,0.00046697212105401085
90825,0.0008098777054506888
90833,0.000587851317837173
90842,5.9589416810825755
90845,0.0005251725817926493
90849,0.03991045570829271
90850,0.17415841417695582
90869,0.0007640557500309753
90870,0.03671830827499849
90879,17.592407984700664
90881,12.18177512031346
90882,0.03345909542602623
90883,0.0003460639254561157
90891,16.99034264022796
90895,0.000692101228764669
90897,0.0004868041192163502
90901,0.028242395408017196
90902,0.0013851329518806698
90905,0.8348994470550647
90908,0.009472110616586087
90919,0.0009288081076065426
90922,16.823125213184635
90925,18.38638583011181
90927,0.0006433669110075641
90931,18.1322335574079
90936,0.0006891732309168585
90941,0.0005718538012820004
90947,0.004677227658860264
90948,15.222827360586646
90951,0.8882142067649312
90956,0.0006811676060405243
90964,0.0006868845210463019
90969,0.0021727894540820797
90976,0.0012600085831311583
90990,0.0012971869658478929
90993,0.0009809857351355208
90999,0.0007067619059326801
91001,0.0005841707492711645
91005,0.0022875361689306374
91010,0.0007700279284799414
91011,17.903943799098194
91012,0.0006511113052640805
91017,0.0006931601560150175
91020,0.0006544519455327951
91021,0.0006199767663466421
91033,0.0008901457110267472
91039,0.0009383621182688332
91044,0.0006363512998326736
91052,0.0003434126706666797
91056,0.0005541899094547903
91080,0.000793380504631017
91081,0.010031065270780888
91085,8.988346146573978
91092,0.0005841112579168335
91101,0.0006003263840828442
91115,12.496375356922172
91117,0.0004839350249242048
91121,0.0035118200667509565
91124,0.039988556364875916
91131,2.5898859993541214
91132,0.0006860676683681363
91135,0.0004533111452604233
91136,0.0006026582528785555
91150,0.0010504248446570243
91154,0.006404534337461127
91162,0.0008167772482803974
91164,0.0005780369138874497
91171,0.0009059910402838253
91178,0.0005321251761482449
91194,0.39416936753176524
91199,0.0004421328730804208
91202,0.0004264116558637981
91204,0.013208429650569783
91207,0.0020290319774212903
91218,0.0006389583887734769
91227,0.0010420008462160976
91232,0.18671176086908864
91233,0.00040458049922304835
91236,0.0004769739034377389
91255,13.098828195967204
91257,0.012860782050110708
91258,0.0007067493531082085
91259,0.47392737054735046
91262,0.0009213553806606828
91270,0.0004217869929862013
91278,0.021642874655058198
91286,0.000906749062842786
91291,0.001273984826621093
91292,0.0004173528115888513
91296,0.012483327159232938
91302,0.0004435301737651557
91308,0.0021727894540820797
91310,0.0007548026958288294
91321,16.570708169504353
91323,0.0007074384919563387
91324,0.08339539343900301
91326,0.047281366465201466
91346,0.001950891818965254
91347,4.793370261983947
91348,0.0004526182757120789
91358,0.006236180660211531
91369,17.72328217618945
91371,0.023417925494625427
91374,0.004798818729315413
91376,0.0026416828679229902
91388,0.9354683322873936
91391,0.10019514154218231
91392,0.0006007277915817762
91396,0.0008001514977649787
91403,9.030911666604117
91405,0.000603135175685279
91413,0.0006365658833534725
91415,0.0008167772482803974
91425,0.2528628685991434
91428,0.0006576091651374699
91432,0.47645477435326145
91438,0.0008665106941097307
91451,0.0511250476172981
91475,0.033475674598529556
91482,0.0007821057411192872
91484,0.018279285764261348
91488,17.248506575999752
91491,0.0006166504296925766
91492,0.0018533619949521972
91495,0.36294741726795043
91496,0.01630157967938496
91500,0.0008353893729197079
91510,16.795211930084967
91522,0.0007332699135694073
91527,0.0009834023319817303
91529,0.0009446324532716365
91530,17.490876927771545
91540,0.00044325015798371515
91541,0.001449666995497317
91545,0.0005501606405461566
91547,0.0006881766585966436
91570,0.017931647383234845
91586,0.11515363801717851
91595,0.0008087842086124412
91604,8.209564331185875
91605,0.0010599505719981197
91607,0.0006516826898863188
91608,0.0006433669110075641
91615,0.00046045178152161745
91617,0.0004173528115888513
91622,0.023220616700963287
91628,0.00599553701440139
91631,0.0008021538944150731
91635,0.0009776695606974392
91636,17.417834565013766
91638,17.000760986482057
91644,16.825063208999048
91645,0.0006090960255066985
91648,0.0009163914676633522
91654,0.0008254329098684816
91658,0.0029986753203432534
91661,0.0014859923643382865
91662,0.0006961387865186406
91671,0.0009185094011844525
91678,11.191932151650292
91682,0.0009924523149663438
91684,0.001590140028753555
91690,0.0005924920306957035
91693,4.128275175023402
91700,0.11802611680702099
91702,9.991237077009563
91706,0.01946891939207945
91724,5.83627155479452
91729,1.377206347876704
91736,0.0008286116807688796
91739,0.0008633575853461224
91741,0.0008254329098684816
91745,0.000873045788629011
91751,0.0007829062453478233
91753,0.017647092405864043
91761,0.00039636137615182515
91763,0.0956205330420244
91765,0.0007821703796448193
91766,0.00517181411135791
91774,0.0004508486774785602
91782,0.0007715193928669163
91783,0.043142964609010084
91790,0.0008254329098684816
91793,0.0004272483863557479
91794,0.0007803374821452015
91797,0.31031738970443906
91798,0.0007700279284799414
91800,0.0007322612046898453
91801,0.05524754980651014
91804,0.041384436546679886
91805,10.798556300754363
91807,0.00038390720812757557
91815,17.585493045996724
91818,0.0018346027201541822
91828,0.0006550328785011807
91830,0.0016809241697175307
91837,0.0008174725702968023
91838,0.0009163914676633522
91841,0.0018668612905606116
91843,0.0004747406598395805
91856,0.0008056463195609302
91859,0.0006468427810573899
91861,0.0005711285180554767
91869,0.0006512561953986042
91873,0.0006715457841169517
91885,0.0007013842985748455
91891,0.00058987885210118
91896,0.1094936653804226
91914,0.20538609934487528
91915,4.548503905431045
91918,0.010707748649734736
91922,0.0006239391971279496
91925,16.732385489726504
91930,0.0018211620340148806
91941,0.0006474916315971347
91944,0.0005524927687457948
91949,0.04375989762340933
91951,0.0004133032112312664
91957,0.0012027550768986032
91961,0.00032785669992761127
91963,0.008699178308493458
91964,0.0008070872465405669
91965,12.534399976349249
91972,4.267141335170463
91977,5.2010427851812615
91979,0.0008585802220425787
91986,7.325649879591921
91987,0.0007872088677470052
92008,0.0008559532523782027
92009,0.015981645577238232
92015,0.5535986244265816
92018,0.0006350566364959994
92021,0.000547474494264773
92025,17.987238968442426
92026,0.0008254329098684816
92032,0.003778692421664566
92035,0.0007785401993441024
92036,0.0006354100304549988
92040,0.017506057428362247
92044,6.010372213419549
92056,10.35049061818751
92062,0.0005971343517041688
92063,0.0004222761832879114
92066,0.0004559073319260476
92069,0.002278369719958354
92079,0.0005036480372296603
92080,0.0004382450410394527
92082,0.0019328981595134122
92087,0.0006565149072466032
92098,0.0007716742675096591
92102,0.0004528872067610373
92103,0.0011831071125590145
92106,0.0155423860542292
92107,0.0006714065394547545
92115,3.7687752377178243
92119,0.008735849952019427
92125,0.0021004213844429726
92136,16.48703583779588
92161,0.22018886973636467
92167,0.19298295210566435
92179,0.0009577951911950629
92184,0.0007039985890839137
92185,17.287582085982258
92186,0.0004379749034341682
92197,1.0339130121983704
92198,5.09782627578292
92200,0.0183189791800303
92201,0.0007673959483908667
92204,0.0007626375409656527
92209,16.488544707368703
92211,0.0006647602959831223
92213,0.001363978805190153
92215,0.000986895025626324
92217,0.0006860924832485036
92229,18.35870805471461
92234,0.0004103000266840756
92238,0.0025504406176471185
92257,0.0008254329098684816
92272,3.651479433907908
92273,0.0007600505626535403
92277,17.328890828802034
92287,0.0009595544245983637
92297,10.93724498772674
92300,0.0010345170263838252
92302,19.267429554954063
92306,0.0008286116807688796
92307,0.000629155309643442
92313,0.0007162549720924001
92315,5.091763077489825
92316,3.1258130852866937
92318,9.763045318793711
92319,0.0006114410941121271
92333,0.017144345540731836
92342,0.14637011416526605
92348,0.0009662205324798664
92352,11.985412784070245
92354,17.37680345137516
92355,0.0006365783414464881
92359,0.07534583923566458
92365,0.0006201027230610405
92366,12.066545224045207
92381,0.0008193242724423823
92384,0.0071068724847301755
92387,0.08671964453852468
92390,0.0007458020312687026
92393,0.0009197465781840199
92399,0.0008909238871472284
92404,0.0008015624734183336
92406,0.0007476576322708988
92408,0.0020172264749060294
92409,0.0023156296060051276
92411,0.000452896775860751
92412,10.177463269165825
92419,0.0008602992748421837
92421,0.00048318992923775215
92427,0.0007557883578444793
92430,10.901413505231387
92434,0.0018947553046153847
92435,0.0006924800573970731
92437,12.894874740499901
92440,0.0005875302291398892
92441,0.0006093742934118345
92445,0.0015134421333776178
92448,0.0006860924832485036
92454,0.19481200207971722
92463,16.569899828969334
92464,8.288349594824549
92466,0.002074687602701498
92470,0.7923165340885963
92471,12.618773015875366
92473,19.429657321725095
92490,0.0008570389112955441
92492,17.50262352710732
92493,0.0005169164398915315
92494,0.00043223406901582076
92500,10.541243293200242
92505,0.0008042837031635068
92514,16.49900126250023
92524,0.0005535459436454529
92527,0.0004435301737651557
92539,0.0004222761832879114
92542,0.004405429880896659
92543,0.000976677068014044
92546,0.0005541899094547903
92553,0.6366610133903272
92557,0.004357297113765593
92559,0.0007189810916643851
92560,0.0018392688276414112
92562,0.0007390578512961618
92564,0.0006901674661777331
92569,0.0005339531386023969
92572,0.0007758812190573061
92576,0.00041686228358073045
92577,0.0006860924832485036
92581,13.813704665782009
92587,2.248216559112654
92589,0.00044325015798371515
92594,0.004008459319632304
92595,0.0008665106941097307
92602,0.0006528806903262088
92603,0.0034805676429596555
92608,0.29613182689464346
92616,0.0006892011681627984
92619,2.395578073408316
92624,0.001898485812061801
92637,0.0005797765298472816
92640,0.0006399877647908988
92642,0.006302352798404423
92655,17.315939376752844
92663,0.0008219766795161705
92666,0.0005272200280472337
92671,0.1782194970642259
92673,0.0007108602752634141
92684,0.0014043040144027935
92687,0.0009893773002160788
92692,0.0007702846823817637
92693,7.012361229935216
92694,2.3465997618144585
92698,15.97421526739031
92699,0.014815913480993897
92703,0.0005155049839506319
92704,0.0008001514977649787
92705,0.03879654898147286
92716,0.02090679488524499
92717,0.0071973144789054975
92720,0.0008241809869234399
92722,0.0005296103702136952
92727,0.33830136479058026
92732,17.446731661856198
92741,0.0005900690420480583
92745,19.076843716405364
92746,0.0013881244314487113
92750,0.0037329004781142413
92752,0.1258768204629681
92760,0.0006199767663466421
92763,0.004482136760004898
92769,5.137859583940759
92773,0.00093164173707516
92777,0.0006410336594783398
92783,0.004079932897309327
92785,7.315512789915433
92786,0.29905970836772233
92790,0.0004281667884038174
92793,0.0006931467654302091
92794,0.0015046792631515475
92797,0.0009834023319817303
92803,0.0010277432972845247
92806,0.0006275672861931836
92826,0.0012779824251882752
92828,17.495822833769147
92829,0.004217635163795154
92832,0.0004421328730804208
92837,0.5645742922096997
92838,0.0006663480675652394
92841,0.0004435301737651557
92847,0.011501109773001738
92849,0.006924342586758965
92852,0.0007982789804794971
92853,0.09463747713834625
92857,0.0007466171171208056
92865,0.0007656671388881421
92867,0.009761355748067356
92869,0.0006275442165805748
92875,0.02113426972914409
92877,0.10751008852613342
92887,0.030161428351175808
92891,0.014703078245089393
92892,0.0012600085831311583
92901,0.00043060105264513865
92902,0.004209501038647915
92903,0.0004243852552556552
92906,0.0006410336594783398
92911,0.15181905317239663
92912,0.0007329044252498629
92915,1.3580696471288465
92923,0.08171191466372973
92926,0.001024114380221303
92927,0.0007543923714493255
92931,17.540783426956484
92935,0.009258434371823512
92936,0.0006930166259471909
92939,3.7560822970516043
92944,0.0003588444144673624
92945,0.010135575970634126
92946,0.0006323569868050176
92950,0.0005087217108557164
92964,0.0005702455666532159
92969,0.16694758363753412
92973,0.0006891732309168585
92979,0.0005843214547963466
92982,0.0005281715632827402
92983,0.0004482869887601571
92997,0.0050073872184598104
92999,0.009987196729156139
93001,0.0005911897902390887
93005,0.0006951033338382246
93010,0.3724585388186664
93011,17.256255996717485
93017,7.965148983944266
93023,0.03007028030271671
93025,0.06940274334195952
93033,0.05069204176525303
93035,0.0006280998331585524
93044,0.0005846583649699053
93051,0.01165756834667853
93056,0.0006524414821424447
93057,0.036836104528347104
93060,0.002239953355690617
93061,0.007289688243308455
93066,0.2941520947642363
93069,0.8645826081959822
93072,0.0006109700288846141
93096,0.0006901674661777331
93097,17.483646517114437
93100,0.07846630753423231
93103,0.0008231474433923012
93110,0.004743980694699339
93116,0.07328098172671983
93128,0.0006891732309168585
93130,0.0011582251179544415
93131,0.0015002206525516503
93132,0.0004166001305857669
93135,0.0029252263662810168
93143,0.0011707844684466203
93151,0.006100002501408588
93154,0.0007657225107207581
93162,0.00037485735667316657
93166,0.006657801556779278
93167,0.0033581667648908695
93171,0.001901009947989761
93173,0.0003668859287888666
93180,0.00043072767741167433
93181,0.0008081422591400246
93183,0.14733548791928666
93185,0.0029988446104692113
93186,0.0006559382588328546
93191,0.0006625310808862733
93195,0.045843487596166244
93197,0.0004377842009862274
93201,0.0005265424246566586
93203,0.00041903612086024165
93204,0.0007619554985281042
93208,17.488023702523183
93211,18.426508335922748
93222,0.0017676396746473442
93226,0.0009151193110706923
93228,0.0007239384515057179
93238,0.0008193242724423823
93240,0.001380041456542038
93241,17.689999053319905
93246,0.00043285609579431775
93254,1.6240307671167007
93267,17.290365454226198
93273,0.0014677780445010381
93275,0.0005901146421706902
93294,0.0005657688944117435
93296,17.4415741129781
93312,0.0007673959483908667
93317,0.0035297234758569335
93318,17.730997605485634
93319,16.727261885339527
93320,0.0007031711370320038
93329,7.401510837267104
93330,0.8488674286083697
93334,11.13554718179754
93338,0.0007971899594041602
93341,0.04213297266026285
93347,0.09143278342222182
93350,0.0006901674661777331
93354,0.0005907651271303043
93364,0.0007343497188658224
93366,17.050788454568764
93369,0.0012722766551589632
93376,0.0008183255584084338
93378,0.0008001514977649787
93389,0.007980275544671827
93390,0.04995644223447465
93399,7.336534671703471
93403,0.004519785746923302
93415,0.18671176086908864
93416,0.0004435301737651557
93439,1.1608088858514423
93440,0.034723966899149486
93445,3.5358007093698847
93460,0.0008140154537395808
93464,16.473726426638954
93469,0.003914995866960397
93470,0.0005303509199776136
93478,0.006952808966773487
93479,0.0009332818233901991
93492,0.0007458020312687026
93497,12.702287056689515
93503,0.0004958206448773785
93506,0.0005780369138874497
93510,0.0006894630313034691
93514,0.0005161729440739239
93533,0.0005625941284344856
93540,0.0004419671249122184
93541,9.60117133310771
93542,0.0005766070609037122
93547,0.0007013842985748455
93551,0.23614623125745515
93553,0.0009246595823380553
93554,0.0005135300570173316
93557,0.0007094870876757837
93558,0.040393883452495914
93567,17.946315047181375
93577,0.0015258896493374329
93581,0.0004250880343537009
93589,0.00059820132755056
93590,0.1870878063652064
93599,0.001932204049640358
93600,17.568799237455863
93609,0.0046209082203229595
93626,0.022691566812415954
93630,0.0008485473644682157
93631,0.0007403133987714118
93640,0.4624389189035196
93642,0.0005928872768600258
93644,0.0020965335205439624
93645,0.0005870496220192677
93648,0.0005251725817926493
93649,0.0005584422466043714
93661,0.02755433217439618
93676,0.5575359998096485
93680,0.011935216651917602
93684,0.0007849637154173983
93688,0.012454231516289263
93696,0.0008254329098684816
93697,5.605076262710498
93699,17.68226707646535
93706,18.20636456700372
93714,0.00042337053954412727
93720,0.015146383933490317
93722,0.041001994258981836
93724,0.0006063599133999604
93744,6.295392948448514
93745,18.69497659012986
93746,0.0007612262882594033
93760,0.5562977877365132
93761,0.0008847485442384822
93764,0.0010525241568729708
93766,0.0004648132718804218
93768,0.0008710285049358061
93774,0.0006860924832485036
93776,0.001080814147489007
93783,0.026154312120769123
93791,0.0006860924832485036
93796,0.08054363852692811
93800,18.047305164313602
93819,0.0009566572295078866
93834,17.75010306326571
93840,18.509756777374637
93841,0.001284330627508988
93843,0.0009149411642545548
93847,0.00043435077185723846
93867,0.0008577339397742023
93869,0.08919862485534799
93871,17.1470855883254
93872,0.009643532308839497
93882,0.002049400676691095
93883,17.442380979373198
93890,16.890454803979658
93892,0.0013436310825623216
93900,0.0017062037777288402
93903,0.0007700325868574367
93916,0.0004250880343537009
93921,0.007980275544671827
93923,0.0010351217949950955
93926,0.00042073335208300003
93928,0.00043060105264513865
93935,18.220374779433122
93939,0.0007630157484942279
93940,0.000592151102702131
93946,0.0009099915761012402
93949,0.0005268119084310397
93958,0.0010345170263838252
93963,0.0003804294770909588
93971,0.02025224935233539
93972,0.0004688250433755809
93974,0.0006717463313683455
93983,0.0006007466368055759
93987,0.0003958568421256862
93989,17.585256979284814
94000,0.0007412567109197735
94003,0.7809767679666509
94004,17.186178685215374
94005,12.070085193623445
94009,0.24040551086150427
94016,0.0013403867235086471
94024,0.0010770505470482222
94025,0.00047865789080494495
94027,0.0004173528115888513
94030,0.0017005277572736612
94032,0.0004219919475443634
94033,0.001035925673939484
94054,0.0006141959458374078
94055,8.633451762631399
94056,17.54149095537261
94060,0.0005156966025352052
94078,0.0008356667644079866
94092,0.0007908567529016175
94093,1.1294337229024296
94101,0.21328340431793893
94102,0.0007098693920399808
94106,0.0008254329098684816
94109,17.61284148749214
94110,0.023638854144656128
94111,0.0006945588534244933
94114,0.0006410911661909098
94116,0.0007399985539269002
94117,2.547666973002598
94120,0.0012545674149791431
94124,0.0004272483863557479
94126,0.0031439823968118937
94131,0.0010276637774861738
94134,0.0008254329098684816
94136,3.9071520559721953
94140,0.000480140224892852
94144,0.0004655858256148033
94148,0.0007619554985281042
94155,0.0006182205004798963
94164,0.0007545073900008356
94166,0.045905344820280705
94169,10.127281720901259
94175,14.263368536165455
94179,0.0008579275971486317
94183,2.697851215504505
94197,0.0007170753427351165
94210,0.0009670990330052844
94212,0.0005446621333999672
94226,0.0005967542358141307
94232,0.0005971343517041688
94233,16.989403888080556
94248,0.0015515009772622355
94259,4.587342886958672
94262,0.013918731511431442
94267,0.005536632019616855
94281,0.0007198489058032303
94285,20.899918721923278
94295,5.005467778069519
94296,0.0010392627371210894
94313,0.016869468583505555
94320,17.191439737647194
94325,0.0005327870213645729
94337,0.00041545314893456936
94338,0.0008090109166903091
94345,7.737097559569722
94346,0.00331646997044486
94352,0.0006847086321884557
94363,0.03700163007103047
94373,0.00997536189471048
94376,0.0005036480372296603
94380,0.0009698038023154736
94386,0.013478522855622982
94391,0.0004222761832879114
94393,0.0005302075199174774
94396,0.0006654933793062755
94401,0.0005704995044757275
94403,0.0005911897902390887
94408,0.03583921721932668
94417,0.0004810578696237313
94433,0.000418553847785889
94437,0.0006102033432521686
94442,0.007980275544671827
94451,0.0030481000985712443
94453,4.160925243145918
94457,0.0014532216660437022
94458,0.00043435077185723846
94464,7.721819095917061
94465,0.042941969552470385
94472,0.0006224948836680844
94473,0.0009227488463537277
94476,0.031475337208350676
94478,16.58886807191869
94489,0.0064217107879430855
94490,0.0006456553144228442
94493,0.008240888027578486
94495,0.00039325658281554493
94499,0.0005352951569203455
94502,0.0006608535321250116
94506,0.0006399877647908988
94509,0.0015552973064312178
94515,0.0006860924832485036
94521,0.00047651373230598687
94522,0.0006799583079687492
94526,0.0016238524925023111
94534,0.0007715201552107285
94544,18.08676571516917
94549,2.2103433579732257
94551,0.0010802428284249373
94561,0.0006283733876892067
94570,0.20785880731765446
94571,0.0006369046791852219
94580,15.870031626569778
94581,0.07629123322060762
94584,0.0006650142695405236
94589,0.005381103730846728
94590,0.0008152538640552682
94594,0.0007084863605209911
94597,0.0007112289257827458
94600,0.0007314940766562129
94606,0.0008079808711679022
94610,0.125333533945111
94626,0.08719555322270253
94627,0.04078736247741977
94629,8.796706459984012
94633,0.0007506795178172742
94634,0.01909472089802291
94643,0.0019246179255605548
94655,0.0009197465781840199
94661,0.0008048314599053133
94662,0.0005884239575628946
94665,0.013478522855622982
94668,0.0008576102132825681
94671,17.246395528621363
94673,0.0006821323064909029
94676,0.0004688250433755809
94677,0.0006180060910155749
94679,0.0008167772482803974
94683,0.000732950692984563
94685,0.042733157110865415
94698,0.0003919515703318526
94700,0.00043285609579431775
94709,0.00041761700675199426
94710,0.0004526182757120789
94715,16.4488643900976
94716,0.0009332818233901991
94721,2.035794206332036
94732,0.0014487910373394198
94735,12.986552777101746
94737,0.000926064208286305
94740,0.006386598845725634
94743,0.00044947121707225666
94746,0.001282586907807138
94748,16.555725275325347
94752,0.006297819078657535
94756,0.001950891818965254
94757,0.0021727894540820797
94758,0.020342235802770524
94759,0.0007401880384891925
94767,0.0007067280380880455
94771,0.009794166741004728
94772,0.0004695892598738837
94786,0.0004815679354456301
94788,0.0029201166673462576
94793,17.156529458368357
94795,0.0004747406598395805
94798,0.0008660605646695968
94803,0.0007192482036354009
94810,0.1268716197223861
94812,18.208060189004094
94813,0.001021361516835396
94814,0.01612997369916758
94816,0.00042374655719140924
94819,0.0022242925902961623
94827,0.0007690988502333203
94829,0.0006811676060405243
94833,0.003923618262592766
94834,0.0009261903608140558
94841,0.0006101622835790008
94847,0.0008972230762075677
94851,0.017273909675121008
94854,0.0008553708327583651
94856,0.012208322755169676
94863,0.0006114410941121271
94869,13.293491644449684
94871,0.01252445372543436
94880,0.0004205303264085059
94881,0.0008069470515395567
94890,8.05625138506428
94893,0.0005823288495969844
94898,1.7225522216352416
94904,0.07891066177389815
94912,0.025681751133007573
94952,0.0008298800990652104
94955,0.0007086603428673119
94961,0.0006891732309168585
94965,0.0016021904164988097
94968,0.0015461940292770828
94970,2.3286779076835153
94971,0.0013144529068564628
94974,10.080320283904525
94981,0.00045012112403608516
94982,0.0004173528115888513
94987,16.524821566862034
94994,0.0007821057411192872
95001,3.5042722908569885
95012,0.09213334680352207
95014,17.58550864931501
95017,0.0005577145924681202
95019,15.108338263544201
95020,0.37959275748312377
95025,0.0003739208512838118
95026,0.0006048655989900894
95030,0.111938604835076
95031,0.0004521237461355674
95033,2.002573764158149
95042,12.46786830134502
95062,0.16209939261851541
95064,12.145796340354426
95072,0.0033019219647176254
95075,10.469325271353378
95081,0.000700930058485958
95088,2.331526377617086
95104,0.000480140224892852
95110,0.003924390593153941
95113,0.015697023115976365
95126,0.0015002206525516503
95129,0.0017310361195914138
95133,8.691616536417053
95135,0.0009182797880023791
95137,13.077588399109047
95143,0.0007972097148054604
95149,0.01743397794014979
95152,0.0009043702464796164
95153,0.0010306172095028666
95161,0.024659647186527557
95166,0.005491516619861957
95170,0.0008964365224158049
95171,0.00047519917006764783
95174,0.00044196437470184983
95183,0.0005743051374485916
95187,0.0007375183146920225
95188,0.0008193242724423823
95189,17.55148603642386
95190,0.0007119966886985675
95197,8.740395590080466
95198,0.0004249186063948013
95201,8.478565545519825
95202,0.0004376192614473708
95203,0.000628586449693484
95210,0.12278607569254255
95222,7.3031116129410005
95224,0.0006685753026067845
95226,0.015835845927810586
95238,0.00103201356290825
95240,18.734434702476477
95241,5.0387447815350885
95248,0.0008001514977649787
95254,0.0016012359019924945
95256,0.0006452885148065712
95262,0.0006988556971476446
95267,0.0007657225107207581
95277,9.328622384722136
95279,0.0004533111452604233
95281,0.022104592330604116
95282,0.026694260090275035
95288,0.0004166001305857669
95294,0.0005402146687792808
95296,0.03483134320716434
95300,0.0007572003096228176
95308,0.0009781950833318257
95310,0.0008194472764992021
95318,0.0005775756103875466
95320,0.0013281772242601697
95322,0.005337303361679675
95327,0.003524127328011017
95328,16.839952331717825
95332,17.511112444629948
95343,0.004461438862556415
95345,0.001955589019245821
95346,0.006100002501408588
95349,0.0006954213923785401
95351,0.001122285429416294
95355,0.0008216843868117952
95358,0.0032568642281439256
95363,0.0003551004168174826
95368,16.712654189474854
95373,0.0007789311803622396
95388,0.0004815679354456301
95396,0.4343228717955494
95408,17.820599327587047
95441,0.7286125332140834
95450,0.0006734002864226664
95458,0.0008238596350135692
95471,0.0008773582734058691
95474,0.1791331591944654
95479,0.0006317149319041765
95484,3.2565219116144277
95486,0.00037282328799808696
95490,0.0007550723878526224
95497,0.0008450501065860886
95507,0.0004947418645690123
95516,0.000690656954641259
95520,0.0010090651019141236
95525,0.9416151931750039
95533,0.0008837705518523574
95537,16.653421953291137
95545,0.0017429194172323415
95552,0.0012044099419105132
95560,17.92604108256588
95562,0.024337411756712907
95565,0.011429277727332699
95567,0.0047403921325424505
95568,0.0004200767536113849
95574,0.1201155740725625
95579,0.0005314190748829841
95584,0.0008027082408905205
95586,0.0007612262882594033
95589,0.0007938897952228388
95621,0.18863446000948353
95631,0.005064129012009736
95634,0.0012160073497259807
95637,0.000886617615150731
95640,10.230431888716478
95643,16.81838607371776
95644,16.68450974431276
95655,0.0702225631414175
95659,0.0004508486774785602
95660,0.0008193242724423823
95664,0.0016021904164988097
95667,0.0007846564609548265
95676,0.0009332818233901991
95677,0.0006704507125048308
95694,0.0007289062627675459
95696,0.0011572501684114268
95702,0.08366496326370479
95704,0.03248291990396485
95711,0.526211568115356
95716,0.0005911897902390887
95720,0.22449829548451833
95721,2.4346879366062293
95736,0.0006301647828853481
95737,0.029268395974162437
95749,14.90398359428105
95752,0.0008216843868117952
95753,0.0008254329098684816
95757,0.02765044817012774
95767,0.0004528872067610373
95771,0.000793879094757274
95774,0.001449666995497317
95779,0.06387883915285959
95793,0.0006180060910155749
95798,0.007202244584104621
95799,16.750168138926256
95804,12.984110771431608
95811,0.07922552187105378
95813,0.00035825382091607123
95819,0.0004377842009862274
95820,0.5452120021266382
95829,0.000480575946199791
95833,17.952437790688116
95840,0.19830587341978514
95845,0.000851587736455732
95854,0.000442678732229697
95855,0.0006928531387257865
95862,0.0005379910908608969
95865,7.691531133885853
95868,0.09978124555100629
95870,0.0006503073083755517
95888,0.0006202934304296531
95895,0.0007625901578652641
95899,0.000449413819961768
95915,0.0007128339217473441
95923,0.00038923601749019625
95928,0.7773864083052618
95934,0.0010157038813506394
95936,0.0006662796583408237
95940,0.0008537310763178576
95943,0.001019147732602406
95945,0.000480575946199791
95959,0.0006597280980745836
95968,0.0005954985570706782
95969,0.001361388411542579
95970,0.000851206037644219
95974,0.003735847858641427
95976,0.0008135082399039966
95978,0.0006865765039532027
95985,0.0007982789804794971
95987,8.1646930500539
95992,16.241500623353218
95995,0.0004508486774785602
95999,0.0043889023962464455
96000,0.0008471613704142631
96005,0.0007456523862166483
96012,0.0005922905031653452
96015,0.0007828669031499563
96020,0.0008231474433923012
96026,0.000669153366980839
96030,0.0007839736915169155
96033,0.014683514396109237
96037,0.0007403133987714118
96050,1.7062927952493159
96053,16.050039786336008
96054,0.0006127852781094103
96062,0.03545062577632458
96073,0.0381393430590874
96076,0.0006306797339187196
96079,0.0008134255023450078
96082,17.59584163031372
96083,0.0012472783632222772
96086,0.0004222761832879114
96089,0.002011937925190023
96091,0.0008278590557199008
96093,0.07985750233016882
96103,0.0004272483863557479
96105,0.0007281593396894978
96117,0.0008001514977649787
96125,1.1089700215165714
96129,0.0007385252094659775
96132,18.262868672289738
96140,0.0006821323064909029
96142,0.03520964213843909
96148,0.0005918520227657138
96149,0.0008696476689448377
96150,0.004603496603737498
96152,0.0006705765460357049
96166,0.002109150283802843
96169,17.265726741426327
96170,0.00792798782136297
96174,0.0004528872067610373
96178,3.8674737353010613
96185,0.0005164654348361363
96188,0.0007627614932174869
96192,0.0007429605927862778
96193,0.0008749254565703232
96201,6.817038980511576
96202,0.0005268119084310397
96206,0.006907775047770806
96207,0.002101571157950252
96217,0.0010076344864823322
96225,0.03562385544432168
96234,5.336516389125164
96255,0.000665096356239213
96256,0.506567287901078
96260,0.03478317958911111
96263,0.006158732939381627
96264,0.0007002745967386922
96271,0.00048822874604981785
96272,0.19145142033240187
96281,0.0007973102354617734
96284,0.0006727333614621525
96305,0.0006241544990596607
96308,0.0008001514977649787
96311,0.0007981408692348286
96322,9.40475099311613
96324,17.187296017257005
96334,0.00046626588671034414
96347,0.0006860924832485036
96350,0.0005808254451395674
96353,15.011927601014486
96362,0.0005971343517041688
96366,0.0005489618368330948
96370,1.988993185596044
96372,0.0008001514977649787
96373,6.353046358820036
96375,0.0008353893729197079
96378,0.00049132313958368
96383,0.0015680983564590166
96387,13.324851769461848
96397,0.0004435301737651557
96400,0.0019972938533979016
96406,0.0007727916722093506
96408,0.011324568669934624
96410,0.0010201774710556673
96419,0.003687259255688388
96420,0.000480140224892852
96421,0.000832835571058909
96423,14.797819917614508
96428,0.001043907674723647
96429,0.0007536910271646823
96435,0.0005453459796950671
96437,0.0007140209295570598
96438,0.0009486276578855455
96439,0.042512057476301254
96445,0.0008391386657440938
96451,0.0007000753238368735
96455,0.0006988556971476446
96456,0.025926491650117272
96460,0.0004521237461355674
96461,11.108647920263346
96486,0.0006447417380849205
96495,0.0008494526686436549
96499,0.001262052484373493
96505,0.000681130001522879
96508,0.0007372248028783331
96518,0.0014844556369460662
96521,0.0003584729430486803
96527,0.0009218730779441107
96533,0.617752665008101
96551,0.004137147317168079
96557,0.0008063921583759981
96559,0.0035410202988911945
96561,0.00374650526302099
96562,0.000524940578819126
96563,0.0005969423774599704
96572,0.0006415051124493675
96575,0.005594972004126192
96577,17.72846353799208
96578,0.10612553745668299
96580,0.04807678763618472
96592,0.0008048555819440339
96596,0.00061409269367388
96601,0.0005670714935662551
96611,0.5719046044829355
96622,0.04609991007058167
96625,0.0005627717214717127
96631,16.67657085634018
96637,0.0007980052933408222
96644,0.0008439280510297213
96645,0.03885128790438579
96657,0.00041385751802716886
96667,0.0005805051691788626
96669,0.012280964650892507
96671,1.1983204319161784
96672,0.13147518177948037
96673,10.56593434448808
96674,0.0007063218078553522
96682,0.11670493949719533
96684,0.000812413225750515
96685,0.0006881926325714231
96686,0.06976763591543811
96695,0.00847092423045014
96704,0.2486222013665123
96707,0.006489311170734725
96716,0.0006572177306273773
96717,4.386092392045013
96718,0.0006037662090865965
96724,0.0006561730230063577
96727,0.0012340770918668313
96735,0.0004766135250533021
96737,0.005799171339589982
96747,1.4788397690810373
96758,0.0006851307882413046
96772,0.011336471584027553
96773,17.29964028265986
96774,0.011940553493917178
96779,0.0003883237686130308
96782,0.0008131259924891703
96783,0.0030251659043067014
96785,12.637689147903412
96790,0.000994227673401025
96799,0.0005280099142095094
96800,0.001384405875441146
96803,0.0006717463313683455
96805,0.0006336947532340719
96806,0.0004918640392505552
96813,0.001047874732587045
96816,0.0007059952318402621
96829,10.457363371437008
96837,17.000379768678805
96846,0.006778950892709465
96847,0.014994184451544787
96850,0.0004421328730804208
96852,0.00043060105264513865
96853,0.0006120016568748628
96860,0.008202374750840718
96862,0.0004173528115888513
96869,5.09748737725018
96870,0.0021718256141687936
96878,0.0021020042022267963
96882,0.0004166001305857669
96886,0.0004312412843957509
96889,0.0005726638136929216
96894,0.0005875238219762128
96898,17.328832655520507
96901,0.0006496022345335367
96902,0.23586518502699444
96906,0.0006750335217794298
96909,0.0007971143204488768
96914,17.08348679610067
96927,0.0006323569868050176
96944,0.0004100883173029183
96954,12.980157671201308
96961,0.0015899670197795659
96967,0.000480140224892852
96970,8.743943820997874
96978,0.0015461940292770828
96980,0.0008247450757136399
96981,0.05995290485766226
96983,0.0008749254565703232
96993,0.0007675420746709484
96997,0.000558867701940894
96998,16.606747842358523
97020,0.0008167772482803974
97021,0.0008399642942401948
97023,0.0010850187692746853
97029,0.000915025925951741
97030,0.0006549942674271219
97032,0.0006139362179072495
97039,13.164050097193646
97044,0.0015322007164286478
97058,0.0006320426812260997
97059,0.0008406034057294863
97062,0.001421139482628665
97073,0.0016786512822740106
97079,0.2854208282244712
97081,0.0004173528115888513
97084,0.00043484866368418703
97086,7.259568056364469
97088,7.072932023348176
97089,0.0007612262882594033
97090,0.0009797587328773786
97096,0.0017624565920464374
97098,0.000955777836041153
97099,0.0006027544647785679
97103,0.0004166001305857669
97104,15.236515961346328
97107,9.979996418126873
97110,0.0006891732309168585
97114,0.0006612213979946196
97116,0.0008998309367649121
97128,0.0007086603428673119
97129,0.0006782951961288537
97140,0.0007069277993279634
97153,0.00045701395059905003
97155,0.0005251725817926493
97159,12.099641700140904
97170,0.0007149143997440294
97175,0.20137701867969224
97194,0.000595175454155399
97195,7.104223380013009
97198,0.0040414548039958975
97199,0.00043435077185723846
97202,0.0005623483809072338
97206,17.733165416614575
97211,0.0009737443415812489
97217,1.549886962330096
97229,0.029628350746412853
97231,0.03615005462189908
97235,0.0004815679354456301
97236,0.0012920712866029208
97242,0.0012025508770520225
97246,0.036716633931940176
97247,0.0007004910187926376
97248,0.0010784775676128838
97256,0.0009153626783444495
97258,0.0007399244773341162
97261,0.9514047067506765
97266,0.0007323762855925722
97283,0.0004173534121280643
97284,0.0005614066219416004
97293,0.00042851569265220927
97299,0.009987196729156139
97306,17.77264011111568
97313,0.002595554078532355
97314,6.615615536708543
97317,4.262302295521811
97333,0.442090911315044
97337,0.0010255472665110523
97344,0.0017990228917066846
97346,0.0007673959483908667
97352,0.0004940250581375336
97363,0.007049790879032352
97366,0.001293986754715187
97371,0.0007612262882594033
97382,0.0006855545971594069
97384,0.0004940250581375336
97391,0.0004427150344385775
97392,0.3270616888626931
97393,17.248416659334268
97395,0.04078997971861277
97402,0.0005614346001350139
97406,14.76254875277198
97414,0.0014532216660437022
97415,0.10695685725119888
97416,0.0007126589788797909
97419,0.0013755454588343318
97421,0.004795754679364192
97425,0.0006860924832485036
97426,0.00293773331124461
97429,0.0004166001305857669
97431,5.538806892408798
97434,0.0005711285180554767
97437,0.006100002501408588
97441,0.0006350194904167762
97448,0.08347639883125736
97454,0.04822402604207891
97458,0.0007704943760183289
97460,0.03278975348331525
97465,0.000480140224892852
97476,0.0006243521564305472
97477,0.000633981101508789
97484,0.0667811569222396
97487,0.0004838590329613136
97499,0.000596635223198137
97500,0.0008438094970038302
97501,9.438054378960624
97516,0.0006331485994045283
97527,0.0010732289313929145
97538,0.0005874811955271486
97547,0.0005868062785763889
97550,9.20763357812815
97551,16.679243887663997
97552,0.0005346995221421245
97564,0.004962287178442362
97573,0.004141351978185528
97575,0.0006406049497953408
97580,0.00202127975157024
97585,0.0005204443865844913
97592,17.930147511096184
97597,0.18152151404017622
97601,0.0006957529762122809
97604,17.211541054042307
97607,17.192543124115993
97614,0.0005499583978009549
97615,0.0004261853744299628
97619,0.0007751883994064637
97621,0.0004379749034341682
97627,17.238543730116128
97630,0.1532740250884853
97631,12.049941066164793
97645,1.8224759778481439
97657,0.004913466919305332
97658,0.15705332752710643
97662,0.013487662412932675
97668,0.0009332818233901991
97672,0.0007885694226991119
97677,0.0008319958190239474
97678,0.0005625941284344856
97679,0.010200159699768604
97681,0.0006540560598040785
97683,0.004405429880896659
97686,2.0909912328993987
97693,0.0005272200280472337
97695,0.029137162933965316
97696,0.0004526182757120789
97704,0.01430401398624454
97712,0.0007626375409656527
97729,0.028688040112763862
97741,0.00043074261834461495
97750,0.0012235708632176061
97759,0.17557356047965406
97762,0.0019198230997744617
97770,15.454135297798777
97776,0.005051844616693234
97784,17.50698343177196
97791,0.0009791936452321615
97797,0.001716771670393308
97803,0.11304263001346063
97805,0.0008391386657440938
97808,0.0012699056800883422
97818,0.0008254329098684816
97820,0.0004377842009862274
97825,12.191873299922163
97829,0.004543171108569931
97831,12.767437792045111
97832,0.05416365565275251
97833,0.007449262815335235
97842,0.1268148471245306
97846,0.0005168912306627698
97851,0.003624722870848625
97865,17.5400582450403
97869,0.000664902957349261
97874,0.0012035292272378306
97877,0.0006590947141643516
97879,0.011920739505251935
97886,0.0016925612351336443
97890,0.0005633173683101743
97892,17.259622843105067
97895,0.0006720757014355541
97897,17.518135836289918
97899,0.053889686878263766
97906,0.0006999071766825062
97908,4.0875645806545275
97910,0.000933179139275017
97914,17.403750927647305
97915,0.0008762451936149215
97919,0.0005355428464582403
97924,0.014309049757917877
97927,16.65151090119638
97928,0.0003588444144673624
97932,0.0007959248202356256
97939,0.0007612262882594033
97948,0.001293730551015743
97956,0.0006394718404011684
97963,0.0008001514977649787
97965,0.0016012359019924945
97966,0.0005907217942155619
97973,0.0003904956541600392
97975,0.0007673959483908667
97985,0.0004483938726625199
97987,0.0007460039483989257
97992,0.023804789436859895
97996,0.0008193242724423823
98000,0.0006199767663466421
98002,0.0007472819682786388
98007,0.03419498899679359
98008,18.179887908073475
98014,0.0008254329098684816
98015,13.69669251592072
98019,0.0008090109166903091
98024,0.06593372169732534
98031,0.0028076180627769785
98039,0.0007897231597505897
98048,0.0006461650723351019
98055,0.0004437354038056324
98058,0.011954724217605137
98066,0.0015020430528180236
98072,0.014154413661213772
98075,0.0011585783029209548
98089,5.587424112956345
98099,0.0005953643520106554
98100,0.013478522855622982
98112,0.0006813048419341916
98115,0.023882180903983162
98120,2.7128771856514473
98123,0.000768704307166756
98129,0.06887701237606786
98130,0.054180612894937794
98141,0.0005759785611394226
98145,0.0016884724374236718
98149,0.0007374304621387259
98152,0.0006373860941883334
98169,1.1685958737665323
98178,0.0006769183424229885
98181,18.876176489740896
98192,13.149415989058138
98194,0.0010342481553351304
98205,0.005449186102847416
98219,16.7935353245099
98220,0.0008070872465405669
98222,0.000776464454182649
98228,0.0008934388708242872
98238,0.0006236565186264706
98239,8.547825488942046
98242,0.0009719971211314144
98256,0.0005496210404134755
98265,0.004405429880896659
98270,0.0006891732309168585
98278,0.0005272200280472337
98280,0.0009513105736336299
98283,0.0013484509482092123
98285,0.0005911897902390887
98287,0.001310473724133612
98288,0.0009383621182688332
98291,0.002201920589933947
98294,0.0007208494736099221
98306,0.04546537515381803
98311,0.03185306212924245
98322,0.0006162481907965179
98327,0.0004166001305857669
98328,0.3469313831123334
98330,0.0007805187409672972
98336,6.3247337913592485
98347,0.009482646105514869
98356,0.00043060105264513865
98357,19.098708574656097
98359,0.09619111155017102
98363,0.011565997589071213
98367,0.0012930623558507302
98380,0.0019027567706126416
98388,0.0008155771563372936
98390,0.0004528872067610373
98391,0.0007886901797300959
98396,0.0004359069703124646
98404,0.000819086253101635
98430,0.0006988556971476446
98434,0.0005818357497853032
98443,0.0007502527099439402
98453,0.04906983140407014
98456,0.00039292413362737225
98462,0.0014017867518681785
98463,0.0007673959483908667
98488,0.004974829835519461
98490,18.37713916480528
98496,0.0007243120502636138
98498,0.0012692966764515832
98507,0.014882537872816005
98512,0.0008254329098684816
98515,11.300299699081924
98517,0.5214789549721675
98518,0.6653554899354726
98525,0.7609167497561151
98535,0.04640966866075241
98540,0.00045331832546885556
98542,0.0010150430729051686
98544,0.0004065621801368817
98546,0.0007607664847072393
98547,0.41048663545352737
98557,16.66358034253786
98559,4.896678214984034
98569,0.0007935673666505528
98571,0.001958035640658065
98577,0.0015461940292770828
98585,0.03784440014501906
98595,0.04143724063267224
98604,17.239366997277266
98617,0.0006432911400161428
98621,0.000695228418519343
98623,0.0005278838855935047
98624,0.001214623253477981
98630,0.0012915441534148801
98633,0.0004435301737651557
98649,0.0006005478179973962
98664,0.0007129569063269364
98666,0.0007612262882594033
98669,0.0005900690420480583
98670,0.006100002501408588
98677,0.0005058194886398764
98682,0.08334841398419005
98685,0.0004149536976769284
98691,0.000652919363205954
98694,0.017139318741086394
98696,13.887227340378683
98708,0.0007513853152687049
98710,0.0006860924832485036
98714,0.0005115831056466701
98724,0.00100073644414444
98727,0.0004589615488560281
98730,4.721915052963662
98734,0.006489043254981871
98746,0.0007220214169318029
98749,16.373043123195476
98755,0.0006891732309168585
98762,0.0004565634376012574
98778,0.0007060633349499048
98781,0.0005102041752110844
98794,0.0007069747254688157
98795,0.000467985848638903
98801,0.009974042448119384
98808,0.004567783893375429
98822,0.0004435301737651557
98829,0.0005775756103875466
98831,0.0006634800148616325
98844,0.0004300239401081094
98845,0.0006194798234050179
98850,0.0008760816423270268
98851,16.773533536237967
98854,0.0007571474085377808
98856,0.047377392470809264
98857,0.0007480315718122436
98861,0.0004688250433755809
98866,0.0008001514977649787
98868,0.0008154000237263427
98880,0.0019424975233583233
98887,0.0007273196068956777
98893,0.00753560676119205
98898,0.6230417014911968
98905,0.01983084459926801
98909,0.0006688893034778717
98912,12.889881900076968
98916,0.0007057010798853916
98917,0.0006275301319127888
98930,0.0005692043648496718
98933,0.029085258641749396
98939,0.030580228989372647
98946,0.007735486237928674
98951,0.0006072862782936842
98959,0.02306899257204984
98961,13.215696319016029
98963,0.0006394718404011684
98966,0.0009668831397018765
98985,0.0004166001305857669
98986,0.0014653826284670047
98987,14.212563592885527
98988,0.025528615668235267
99002,0.08679443024112815
99012,0.0008254348565404371
99018,0.0004648132718804218
99020,0.0005584422466043714
99023,1.317306371167129
99024,0.0004243852552556552
99043,0.0010101883671152587
99044,0.0009242199598183627
99050,0.0009446014795790192
99059,0.006323211861328379
99068,0.0007126589788797909
99073,0.09960231122024317
99075,0.0007107009596657717
99085,1.7985680202834415
99088,0.8831009597257568
99095,17.671425100513854
99104,0.0007612262882594033
99105,0.0006963852235587905
99116,0.0006199767663466421
99117,0.4520469431392997
99119,0.0006283254474186031
99120,0.002011937925190023
99121,0.005968303387836071
99123,0.4975692298892166
99124,16.7475884185386
99127,0.0011218713585653766
99129,0.0010462539576470485
99130,0.0009336166656822096
99138,0.0005265424246566586
99140,0.05118958118427923
99141,0.0006561730230063577
99142,0.011002568309953106
99144,16.786985361202106
99148,19.146851507684957
99150,0.0009341118685974273
99152,9.111413635251036
99156,8.039171227884378
99162,3.539041120539758
99171,16.974491322451215
99172,0.003997172456228824
99174,0.0006562266355237381
99183,0.5291517498765291
99184,0.007937998098902827
99187,0.0005894604326284745
99190,0.0010490833106112526
99195,0.07944352158947754
99196,0.0006191670913152764
99202,0.0007673827221015066
99203,0.0006428580970448095
99204,16.56749035427065
99206,13.231889767262732
99207,0.12146611864057985
99208,0.0005605658381675224
99209,5.711706765667237
99217,0.028593609836529553
99218,0.017052620697065347
99222,0.0024769663229645897
99224,19.18136582334617
99227,0.001161141898577437
99232,0.05079260372730696
99249,0.035978367650224455
99254,0.001454779454531726
99263,0.005512770133546502
99279,0.03742413730031907
99281,0.001380041456542038
99282,0.07733324419892709
99284,0.0006537661794752073
99289,17.688868836587368
99299,0.0004001762200894765
99308,0.0007086603428673119
99312,0.000765695604565433
99315,0.001150688044112995
99316,0.0016620421535287794
99317,7.073689371012849
99318,0.0007700279284799414
99320,0.0019801029413529236
99331,0.0006428636150263158
99337,0.5590077432703374
99342,0.000807142693272907
99347,0.003372777737383482
99352,0.0008775714323615687
99353,5.196254914900856
99358,0.0008591903725963948
99359,0.0004419671249122184
99360,0.00282010082448517
99365,0.001983132659397236
99372,0.0006769183424229885
99373,0.06948996349065041
99374,0.0004435301737651557
99375,0.0005910711013302215
99381,0.0004521237461355674
99383,0.005618538493172549
99385,0.0004250880343537009
99394,0.03586528898178098
99398,0.009973174114039399
99403,0.019527461367796657
99413,0.0005904803235061088
99416,13.90470056783606
99429,0.0012699056800883422
99430,0.8873749227731498
99434,0.0008052213416651253
99436,0.0007081094278201997
99443,0.017547958426014105
99446,0.011954724217605137
99447,0.000472606800341323
99448,0.2677726476891006
99449,0.0007013842985748455
99454,0.0005915757502845849
99456,0.11690700699611982
99457,6.932917099424226
99477,0.0007545073900008356
99478,1.0275152094325803
99480,0.9431706082537463
99483,0.00047519917006764783
99490,0.0013011495807343722
99507,1.3151188970174168
99513,0.42849390570837265
99516,0.0005876802921197526
99524,0.1665413715130165
99530,0.00520432827368522
99535,0.0005713245348463205
99539,0.4556041112459367
99544,0.0007821628416782109
99550,0.01731198640614426
99559,0.0010646831534626817
99566,0.0007466171171208056
99577,0.0016836578658601894
99582,0.004137736050868835
99583,0.002556831131339153
99590,0.005274552107541708
99610,0.0006956777186779867
99612,0.0008118546959828152
99617,0.0006177139163152727
99621,0.000665456623695047
99623,0.0005911897902390887
99627,8.901141723304914
99634,0.0007600302734620281
99636,0.0006305119460940161
99639,0.0005446621333999672
99641,0.006489043254981871
99654,17.149451357613973
99667,0.0009670990330052844
99668,0.0005556262756824112
99670,0.00045675343594037143
99673,0.23647550423862054
99680,12.91881890065846
99684,0.000617691633194732
99687,0.01000459134421165
99688,0.0006236565186264706
99693,0.0008001514977649787
99698,0.0043889023962464455
99704,0.0015159209486162104
99713,15.77806150816692
99715,0.013020097687509521
99717,0.0006685753026067845
99720,0.06984514328477283
99723,0.0006769183424229885
99728,0.0021065922674843203
99735,0.0012600085831311583
99741,0.0023736511658409196
99742,0.0009643466195520787
99748,0.10173478744334383
99751,0.0006272822062765954
99752,0.0009979005905153178
99754,0.0013069327570104131
99758,0.016930320897591368
99759,0.0007543707153485342
99763,0.12454472073110637
99764,0.0008001514977649787
99772,0.0006769799576349277
99774,0.04374578795844093
99777,0.01837299544040586
99779,0.0007508406298192465
99788,0.0015417012975831056
99790,0.001139607703204779
99793,0.0006496841686280911
99798,0.0008286116807688796
99810,0.0008660544040076599
99811,0.0006468824259650045
99813,0.0005755246681753661
99816,0.011397173040161256
99824,0.00046045178152161745
99828,9.603986146219745
99831,0.005064129012009736
99836,7.957659214062291
99837,0.0007005117412722087
99838,0.0006301639896171994
99847,0.0014762748349685735
99858,0.0016105707213419653
99859,0.00047463363387404415
99871,0.00044479406859949955
99873,0.0003621154132098408
99877,0.00043060105264513865
99891,0.0004290658123811936
99899,0.007692839309597878
99903,2.8604846304296396
99908,0.0004428725017962422
99913,16.925129549866543
99917,0.03650321472138729
99924,0.0004526182757120789
99933,0.0017513272601726638
99935,0.019042631983979652
99940,0.0004414895794701078
99941,12.431652745682605
99953,2.3163473489145026
99955,0.008958884234188847
99957,0.027195656788354994
99964,0.05696491217110413
99967,0.006448280983298277
99971,0.000685666353908823
99978,0.0007949244059489568
99982,0.0009487211035894106
99990,18.445266788324563
99991,0.0009385938851410438
99993,0.0005736899454062579
99994,10.785599823632346
99995,17.112860247613387
99998,0.005523521968146884
100005,0.0006970914770665739
100014,0.00038824219677862986
100017,0.0010097642383515755
100018,0.00632708539337856
100022,0.0017463484096684107
100032,0.0006961021674313061
100033,0.0014547627154676223
100035,0.0005297455489395088
100043,0.0004166001305857669
100048,0.0006288239748251785
100059,0.00045701395059905003
100060,0.0013507875853748176
100061,18.540891055488846
100062,0.0005194139136182532
100066,0.0005670714935662551
100074,0.020145824490876606
100080,0.0004733316826608736
100085,0.0006608277291702734
100092,0.000480140224892852
100098,17.56903322862224
100099,4.137226242527799
100101,0.010933942512278165
100106,0.75135254254226
100110,1.5277344135718671
100118,0.0007625799329223073
100119,6.4442834698496245
100131,0.010707748649734736
100134,0.3281720265910254
100135,0.03301736665037838
100136,0.0069795198386987
100137,0.0007055119418327965
100145,0.0006962015192087295
100149,0.0007273931506498574
100154,4.38476750461107
100160,17.55701445426041
100164,0.0007105553168416906
100167,1.276392160778587
100173,0.0007095852656455363
100179,0.000633956383937447
100192,0.0010308440824489166
100199,0.0006881766585966436
100212,0.04183782940888488
100219,0.025034282721162964
100231,0.0004173528115888513
100244,0.0006517675542542716
100245,0.0005719710438318596
100246,0.0006182205004798963
100252,17.17550677200854
100266,0.0072713844996534285
100267,0.0014491159961280383
100270,0.00041696956331438814
100271,7.559930202856515
100274,0.02522630978175694
100275,0.0004249186063948013
100294,0.008245461145524945
100299,0.025258567564986473
100300,18.064735341675743
100302,0.001812092129568721
100310,17.10603230737172
100317,0.0006113340317289176
100318,2.658928072036139
100321,0.0005958991015341043
100323,0.0019025298359703117
100324,0.0007242982471131763
100330,0.0006614709633686072
100331,0.000684843041390752
100336,2.896511264811068
100339,0.0007224478808132023
100356,0.0014627025419290977
100362,0.0007140209295570598
100363,0.0008243262816540926
100364,0.0007067259460248638
100372,0.03545062577632458
100374,0.000467021335269788
100388,0.0007349466819822177
100394,0.0007105551777530403
100397,0.0007821057411192872
100402,0.0005773552891709719
100407,0.4180169182879844
100412,0.0004688250433755809
100414,0.000660528534960003
100417,17.241216378095864
100418,0.0005874811955271486
100422,0.0010390500657278443
100423,0.0012600085831311583
100424,0.0006123230441187415
100425,0.0008254329098684816
100426,16.9482322797889
100427,0.0004419575448019153
100428,17.3414066574859
100429,0.047829081904315014
100446,0.0004385497667424187
100447,0.00042990125908766555
100448,14.778404970454895
100452,0.04021728347322444
100453,0.0010098671659279702
100456,0.004913506283669189
100458,0.2036872669663501
100459,0.002132341346416772
100465,0.11940933042504083
100473,8.346456009258747
100474,0.3538285283368706
100480,1.1586052720326605
100481,0.001221723462186314
100486,12.854125430104455
100488,0.00043062881771391227
100490,0.0007360460066369565
100495,0.000890985721276478
100496,0.0006977990029197946
100498,0.0006894630313034691
100503,0.0010392627371210894
100506,0.006414356086076309
100508,0.02975982362454928
100509,0.028613208668329067
100519,16.234490938085308
100520,0.000659332150983613
100522,17.786389152721828
100523,0.0004823170065654025
100534,0.0006704507125048308
100543,0.0006354771550449223
100545,0.014255727442289931
100546,0.00453500687537498
100548,0.0003921273657948649
100552,0.0021862105198524164
100555,0.0007497944817689097
100559,0.0008746678265471443
100561,16.05288937315687
100571,17.278241528828026
100575,16.091709893827247
100579,0.4705008489621335
100585,0.0004648156350213151
100593,17.172000076180346
100594,0.0010201774710556673
100600,0.0004526182757120789
100614,0.0005423016121686166
100616,0.0004815679354456301
100623,0.0008645490785101819
100625,0.00040004482512871954
100631,0.11966176811527576
100633,16.062016456123324
100644,0.0015532291285724237
100655,0.0011525863666330845
100661,0.0008286116807688796
100668,0.0035410202988911945
100672,0.0007966560225345658
100673,0.03283990761821417
100678,0.0006642563890873518
100683,16.369773173094742
100691,0.0004816963632765981
100692,0.0005302075199174774
100694,0.0011789315416404643
100695,0.19385303532010978
100699,0.018623967143831126
100700,17.982495800314364
100701,0.2924698021055524
100702,0.0006788531666020841
100712,0.000620466312256031
100713,0.0006761227062564787
100740,0.0006410336594783398
100741,0.0005197449399710252
100752,0.013472233274570655
100754,0.00043072767741167433
100756,0.00132625745289125
100757,0.00047514364627135135
100759,0.0007673959483908667
100760,0.0004763002552332656
100771,0.04953787272048014
100772,11.597447130876146
100774,0.0003345204626235694
100775,0.0007509842046896495
100777,0.011248754064699742
100778,5.630591146786453
100798,0.0004526182757120789
100809,0.001772433028026047
100818,0.5022186902560661
100824,0.0008577339397742023
100825,13.62221220890913
100835,16.59318387307176
100836,0.0006458127683937747
100849,0.006696794785262897
100850,0.009794166741004728
100852,0.0005541899094547903
100857,0.0004526182757120789
100874,0.0007206265307741878
100887,0.0027535816282151402
100891,0.0009797587328773786
100896,0.0005558586566966887
100912,0.0011060337200559885
100916,0.003350138797513675
100920,0.0018257843914196864
100930,0.0008221364867492927
100934,0.0004377842009862274
100937,0.0007372248028783331
100943,0.002060933855230598
100953,0.026672111336930267
100961,0.0005905653362247856
100963,0.0012085525993067955
100970,6.844353216812661
100975,0.0005791064947687119
100979,0.0019988041185169296
100980,0.002177248115221351
100986,0.0006808855687725109
100988,0.0008233768002338032
100990,0.0008419590231142219
101006,0.0008272978928784407
101013,0.0006247791975259995
101014,17.254940158479997
101019,0.23781913704955904
101020,0.000596635223198137
101023,0.01743397794014979
101028,12.037366187833573
101031,0.6301429555814744
101038,8.350413751209173
101041,17.445143162378688
101046,0.0008384803186350344
101050,0.0007326943343051171
101056,0.000953273773923485
101063,0.0004890059170997769
101070,1.6658874275314421
101072,0.0007466171171208056
101075,0.0008577339397742023
101087,0.000577896060588528
101088,0.005114133867686518
101090,0.0004589615488560281
101107,0.16019400296028194
101114,0.004042439046443624
101121,0.5077698660075765
101143,0.0011216783880349755
101152,0.0020398196505141066
101160,0.002684169233534418
101162,0.0005899603436488768
101163,11.071533295374248
101166,0.0010139623812518788
101172,0.0005625941284344856
101177,0.038976036443764614
101180,0.0007435546000743373
101186,0.3062387346979866
101190,0.0008238596350135692
101194,10.552924160611967
101197,0.00041696956331438814
101203,0.000703453606143908
101204,0.0011201411018827074
101212,0.010497501328068938
101216,0.0006765437374173569
101228,0.0007664008228892218
101233,0.0004526182757120789
101237,0.16330468003687548
101245,0.0016021904164988097
101258,0.0006078844250610022
101262,0.0009797587328773786
101273,0.009745038109506592
101274,0.001026362112362831
101276,0.00039174885388013926
101277,0.01563762685778741
101286,0.0007293399091449621
101289,0.0007724634414365576
101299,0.00110358684109125
101313,0.000563244971299272
101317,3.271696478019744
101319,0.0007038405113495817
101327,0.050812500322945355
101330,0.0012085525993067955
101331,0.07533309045848799
101333,0.0007466171171208056
101336,0.014926864879872992
101337,0.023935248641432046
101338,0.0007279909408792527
101341,0.0004763002552332656
101351,0.0009869647688579527
101353,0.0007746754066877461
101354,0.012868160726964142
101357,0.5184692618839629
101358,0.004404233098743692
101365,0.0004216534723902177
101366,0.0006260867826089404
101369,0.0008391386657440938
101370,0.0008577339397742023
101373,0.0007010073320614178
101374,0.0005503074283597759
101375,0.006100002501408588
101376,0.009176841048814858
101382,0.0004419575448019153
101388,1.8365955817732194
101391,0.004841747113368094
101395,0.0008286116807688796
101397,0.0005760326354989367
101398,1.5894538456838034
101399,0.13167339576438108
101400,0.001384405875441146
101406,0.11942273660227001
101415,17.28046245038602
101423,0.10453106265284325
101424,0.0004069307027626702
101449,0.08411750344184762
101464,0.01601045470529592
101467,0.0012600085831311583
101468,0.0004377865875548565
101472,0.0005943458117346131
101474,0.0009182797880023791
101481,7.967356049529284
101498,0.018567327161226256
101499,0.0007694705405294907
101500,16.567105084822426
101503,17.78598930680522
101506,0.001050492049810082
101507,0.0005528857453601383
101509,0.0008514142398510255
101510,0.0018189144720574938
101537,17.06406482511598
101543,0.009927680210440252
101545,0.005609200894895654
101546,0.0012702641935130338
101550,0.2718021043626785
101554,0.0005443970760583215
101555,0.0007536910271646823
101557,0.0006456553144228442
101559,16.735828331516842
101560,0.11269507189377306
101567,0.0004281667884038174
101570,3.8863721596669536
101571,0.0007088952537766594
101586,17.023416253788433
101587,0.02134438298809937
101594,0.0006779570491726393
101610,0.0013944787607117046
101613,2.12426334075637
101614,0.057120758138664504
101617,8.099055970861272
101618,0.16056865495962439
101621,13.203072986027465
101623,0.0006103433919039037
101626,0.006271299942971202
101627,4.232272733866121
101628,0.0006601390448220307
101631,0.0003551981883067746
101632,0.6993459790371969
101638,15.174813703868471
101640,0.008114802323042299
101641,0.0004916383434285722
101654,0.0009500444927849578
101662,0.0005323620179950311
101666,0.0006435405370083307
101670,0.0004690660479905274
101671,0.0006831205270900742
101672,0.0008215612960475153
101673,0.0005569784796176871
101674,0.0031172889904493113
101676,0.013479215800709762
101679,0.00039539443147531986
101681,0.13162726111552045
101683,3.3571279601411987
101684,0.8075763088493572
101697,0.27321012055468696
101706,0.0005415550270476989
101708,0.0042508531885724725
101716,0.0008552130056803811
101720,0.0007821057411192872
101728,0.0017378443589981852
101732,0.0007612262882594033
101733,0.00043435077185723846
101734,0.0014732799941903495
101735,0.013478522855622982
101741,0.006100002501408588
101745,13.20923776595183
101748,0.0008506122987876794
101750,0.0006891732309168585
101757,0.0007612262882594033
101768,0.004405429880896659
101784,0.0009033311683044224
101786,17.493296039095135
101787,13.75969851489243
101788,0.000936995758387347
101789,0.005560454359826847
101803,0.0009921369692046055
101808,0.001449666995497317
101810,0.8110781256491446
101812,17.909494629399656
101818,0.0005169164398915315
101821,0.0005749554244043019
101822,0.000669153366980839
101826,8.008828946974091
101846,0.0004377842009862274
101863,0.00043060105264513865
101873,17.44396039739687
101877,0.739911772174983
101882,0.00044325015798371515
101885,0.001475569004324305
101887,0.04410217006936379
101888,0.0010064392166585583
101898,0.0036480997670562095
101899,0.0010770505470482222
101900,0.0008001514977649787
101905,0.0016867806866810789
101920,0.0004585495215751823
101925,0.0009588310456842697
101931,0.0007611037123033336
101932,0.0004745323304242365
101934,0.0005257431628959139
101936,0.0005337476205194869
101942,0.0008712011483869976
101943,0.0007442265931334177
101947,0.0008238596350135692
101954,0.0004435301737651557
101959,0.0007626375409656527
101964,17.483405562330976
101967,16.40260815490368
101970,0.0009571227946105146
101979,0.11493669775356163
101980,0.005695466786237748
101986,0.0006357726396289439
101989,0.0006468824259650045
101990,0.000886617615150731
101992,0.0017463484096684107
102007,0.04076029806504503
102015,0.00039501817627986355
102017,0.0008167772482803974
102020,0.030029416074163207
102021,0.000599398778035323
102027,0.0008286116807688796
102031,0.0007403133987714118
102032,11.769026127049646
102035,16.584894127746047
102036,0.0007504803226654938
102037,0.01274233350346433
102054,14.61286064562581
102061,0.0019801029413529236
102062,0.0034513557041923578
102063,0.0007323762855925722
102067,0.0009025336699945875
102073,0.16644500881782126
102076,9.598933052625146
102083,0.0006791616140778667
102086,0.0016846935845674326
102106,9.971102767369405
102111,17.668572082833574
102112,0.0034721202163734825
102118,0.0005110717300302761
102120,0.0007403133987714118
102121,0.0007657225107207581
102122,0.0006861043905969018
102123,0.0006812909124654218
102130,0.027136850727173634
102131,1.8173303111696075
102132,0.1268716197223861
102133,0.0008168932827164407
102135,0.0012766448235783376
102136,0.0005760230890612219
102140,0.000645256443368405
102143,0.002032679373756713
102151,0.26777613389231825
102160,18.681118323639893
102165,17.15071700089946
102167,0.0011208159846978348
102171,0.00045291316209220705
102174,0.0011089859470578033
102177,17.394811023827128
102184,0.010615546975379595
102188,0.0015082916321309064
102194,0.0004435301737651557
102195,0.000684999251066079
102200,0.00040223133659216166
102201,0.00041696956331438814
102204,0.0004994410461890493
102210,9.100975537475344
102217,0.20902988250932034
102222,0.0008934974441809896
102224,0.0006825849770565807
102229,0.053838103572712084
102236,0.10696391298848593
102240,0.003872830005150944
102241,0.016487220233861434
102246,18.785247875083698
102248,0.00042176122824604515
102252,15.268978746837536
102253,0.00810662900720033
102264,0.0005875892028011843
102265,0.0004688250433755809
102271,0.0005994332657685655
102272,0.0006356331427726762
102280,0.0006564317016938513
102286,0.0007399244773341162
102288,0.016032120680445162
102291,0.0004953886971930744
102293,17.720566556630178
102294,0.0008389872825108925
102295,12.624129156728486
102303,0.016936285679592756
102307,0.000745019004209559
102315,0.000685904383096822
102317,0.003287491191318334
102319,0.001594063030773896
102320,0.0026461581914724234
102326,0.001126737009796036
102327,0.0006597725703613228
102340,0.006489043254981871
102341,0.000511253828483779
102353,0.34979229854214866
102360,0.0007982789804794971
102361,0.0018189144720574938
102372,0.017663307228105836
102374,0.0010788584858800914
102375,16.67317948711996
102376,17.323092894708697
102380,0.0005690743388108068
102382,0.001625724936457757
102386,0.0007240932515411085
102388,0.000839544677225882
102392,0.04280442656046424
102393,0.0009809857351355208
102396,0.0008645218134257302
102411,0.000786162160480976
102416,10.688129010216652
102417,0.0007657672528235868
102418,0.0036131186193451444
102420,0.003661822580947859
102427,0.0004552066020689108
102432,0.9377597425727687
102433,0.0005694552245623925
102436,0.0007480255474906692
102439,0.00484376213968144
102440,0.0007982789804794971
102442,0.0010917311827755025
102463,0.0003694507329027522
102474,0.0006182205004798963
102478,0.0005743051374485916
102480,0.0004377021475149449
102482,0.0008022349515127414
102483,0.0006142142642597701
102487,0.0009578607880295558
102494,0.01793698317957529
102497,0.011120791605780686
102502,0.0008455882704083452
102522,0.1675574944416503
102524,0.0007942583063167301
102529,16.01101279195803
102532,0.0005902902226031719
102533,0.000965263762230189
102542,10.614175683443465
102551,0.0011785799697418952
102559,0.37241223911891036
102563,0.002101403211937852
102565,0.0004908764542923823
102566,0.04653085696512035
102571,0.00059820132755056
102583,17.66665199076272
102587,0.11868497949199719
102591,0.14067859487273954
102592,0.04283317764073308
102593,0.0013558814009527033
102596,0.0008087842086124412
102598,0.0006365658833534725
102600,0.0011550845864105473
102602,0.0004259088581759549
102603,15.809653949665726
102604,0.000669999783696878
102606,0.0006356295708150454
102610,0.001665839230857989
102625,0.1646347186584847
102626,0.10500062370939536
102637,0.011243641157345352
102655,0.0014256072723062869
102659,15.073366222425255
102660,0.00042216377713136737
102667,0.00044325015798371515
102668,0.035638473142388195
102671,0.0006621694652890019
102674,17.780031664713697
102677,0.000480140224892852
102681,0.0006207068742264256
102682,0.0004688250433755809
102683,0.0007228367860844116
102687,17.180998518871665
102689,7.463866688638257
102693,0.0008539903471795152
102702,16.35408688737747
102704,0.0028279075188082435
102712,0.0007189227162781506
102714,0.0006819084112507166
102734,0.0019897496369008063
102735,15.640242190369076
102745,0.0008001514977649787
102749,0.0007458020312687026
102758,0.08090234939698429
102761,15.079807263911349
102765,0.0005296103702136952
102769,0.00044325015798371515
102770,0.0007032259991184747
102773,0.0007128353681265244
102775,0.31858609299769836
102779,0.0008256424371635219
102785,17.104812278574478
102787,9.72692906091912
102800,18.74506096571424
102813,0.0005823288495969844
102814,0.0010476052818625247
102820,0.0006988018598663311
102822,0.013604679887768886
102833,0.000436076166956882
102836,0.0009084755495668963
102841,0.0006194798234050179
102845,0.0005345100177214549
102846,0.00046949613879664715
102849,0.0005524927687457948
102853,13.562237057729202
102855,0.004915887610155627
102858,0.007956759057666084
102863,0.0008167772482803974
102867,0.35578159029284534
102872,0.0016659109302605505
102874,0.0004521237461355674
102888,10.532492499056696
102889,0.0009459529014878291
102890,0.0006102033432521686
102891,11.922665742152734
102894,0.0006746516437242137
102895,0.0014784750750942211
102899,0.0005929496015144237
102905,18.41283944599146
102913,0.0008033416198626533
102923,0.000793879094757274
102925,19.99700126573215
102929,0.0008353893729197079
102930,0.0015270396706578713
102932,13.29716849502002
102940,0.0004540195579481665
102942,0.0006612213979946196
102947,0.0014171627644739425
102953,0.000764184775196577
102958,0.0006263110016001318
102962,17.983925260218378
102965,0.003952968105314477
102974,0.005455001746802914
102975,0.7225427940359027
102977,0.013738789599854546
102986,0.010884196957528515
103004,0.0004460104692812662
103012,0.0006516826898863188
103017,0.0011326418702904027
103030,0.0006806467128256475
103038,0.16794564575011756
103048,0.0008421307537359179
103050,17.911884348341033
103054,0.0022952470562425677
103055,0.004500483437863511
103060,0.02801801708692032
103072,4.903779604455083
103075,19.234966238736632
103082,0.12828231852743652
103084,0.0011758482419635277
103085,0.000610725319375632
103087,0.009230485610918224
103095,0.0006741334232504291
103098,0.0004848977193313308
103105,0.0011517241996366464
103114,0.0005702455666532159
103132,0.9712229301390904
103134,0.023670565983859644
103140,0.0006626450582826527
103146,0.0007163578589057269
103153,0.004946818890573694
103157,0.040382723343433624
103159,0.0005208973643091158
103170,0.00039302375811002186
103173,0.008240888027578486
103176,0.0005257915620250243
103185,0.0045505684047540546
103196,0.0017398590428227526
103200,17.34135301586892
103202,0.0006821323064909029
103213,0.000596635223198137
103217,0.000668542107762513
103219,0.0009502142545536529
103221,0.0006633700831393511
103222,17.124357686460804
103224,16.434430506135016
103229,0.020655535716410184
103237,0.00983793138706591
103251,0.0005895209987549526
103255,0.0007703849650197359
103257,0.0004250880343537009
103259,0.000480140224892852
103261,0.0004200714279185441
103265,17.47728887069264
103266,0.6351410119465548
103270,0.33057988421946105
103271,0.000796020981456234
103273,0.001393621067601465
103282,7.781398685132214
103285,0.0009128778044489624
103304,8.279818876999276
103306,0.0008022349515127414
103310,0.0012263896500963887
103316,0.0017747271009944533
103317,0.0008455737374671788
103325,15.33448505432742
103327,0.0008745758688173203
103332,0.00048771367019888854
103343,0.48697441701171795
103344,0.0005272200280472337
103346,0.0009423373780819393
103351,0.0036424543438958535
103352,0.0003939725023661074
103353,14.543642787299536
103359,0.03504828832911538
103373,0.004659812382438634
103382,0.603675692745189
103383,0.07637760762478023
103392,0.00035329457707003253
103395,0.0006003263840828442
103400,0.34105995502787567
103407,0.0015454655192953244
103445,8.516977469640306
103449,0.0012475468805288699
103451,0.0006901674661777331
103456,0.015709700979822612
103461,0.0088931437652984
103462,0.0008154000237263427
103467,0.00040524492289170774
103469,17.077313666417062
103480,0.0014398164181352122
103496,0.002011937925190023
103498,0.1665413715130165
103504,0.0007239684166404556
103506,1.3984837548839466
103513,0.007450837343237949
103517,0.0008070872465405669
103520,0.001224286687942121
103524,0.0009163914676633522
103528,0.0008254329098684816
103536,0.03097871593096053
103544,0.0006080201736956607
103561,12.31152823469503
103565,0.0006901674661777331
103566,8.943794264746922
103572,0.0244350173665859
103577,0.0015461940292770828
103592,0.000418553847785889
103594,0.001696340192977843
103597,0.017760299827824292
103598,0.0008450184337742105
103613,0.00047225696628368805
103628,0.0006806467128256475
103629,0.0004940250581375336
103633,0.00043060105264513865
103635,0.0007846564609548265
103641,0.12557794815927592
103650,0.0027302220757297836
103652,7.57865583328181
103654,0.001333465214946513
103655,0.0009797587328773786
103657,0.00038079921222370614
103663,0.000683052248021786
103668,0.0012692966764515832
103671,0.0008800970638747383
103677,0.0008167772482803974
103680,0.0006115503265156695
103685,0.25769105937891135
103692,0.005039197867645594
103702,0.002950704557391011
103708,16.55793906447331
103709,0.0037134293797362146
103716,0.004349439216330448
103726,0.08805826630973525
103730,0.0047662882323423455
103735,0.022824213083502676
103739,0.0017408418573447927
103742,0.10085587945002601
103746,0.0005268119084310397
103752,0.00042226410568502084
103754,0.0014806879966273055
103775,0.0005625941284344856
103776,17.55562188271428
103792,0.0007093856592644288
103793,0.0010359278585493259
103795,0.0007433891086355277
103798,0.0005962403581644109
103805,0.0004508486774785602
103810,0.0010133847562086118
103814,0.0008920987468533225
103817,16.699730482405432
103832,0.0056847736224765275
103835,0.0004643751158997651
103839,0.6335827804063093
103847,0.0007399985539269002
103854,0.0004526182757120789
103858,5.336356821747827
103864,0.00044325015798371515
103869,13.311520070226518
103870,0.0004450217850140376
103874,0.1268716197223861
103875,0.00044325015798371515
103881,0.00998047996026767
103895,9.72800568527807
103897,0.0014677780445010381
103901,0.00998047996026767
103903,0.001468121261206401
103904,0.0007140671093401912
103909,0.0006093742934118345
103914,0.0005342892360707442
103916,11.324649663548659
103917,0.8303947720579743
103922,0.00041661787655148665
103929,0.0006891732309168585
103936,0.0004200767536113849
103938,0.007271473018940179
103950,0.0011557183007444816
103953,0.00044325015798371515
103955,0.0014370325614613973
103960,0.0005686071876766058
103965,0.0006389583887734769
103968,0.0010813728256943063
103977,0.029788819883250234
103980,0.000872378487336321
103982,0.001296905074091508
103986,0.11144022362829029
103989,0.00043060105264513865
103993,0.00043062881771391227
103999,7.2025307929150175
104001,0.0007486393345180911
104004,0.018600443948686998
104006,0.0009502070956097727
104008,0.0005116213465734054
104026,17.276119629884356
104030,0.0004427150344385775
104039,0.0004201309545421875
104040,0.0009234153524034408
104044,0.0015625385877552009
104046,0.0009029064745035755
104048,0.0007273232342326597
104050,0.000677174091324377
104052,0.0007431986865633134
104053,0.0029869708459390547
104054,0.0318163425990725
104055,0.000745019004209559
104056,0.06303136993833336
104059,0.050296596875694224
104064,0.0014219688049653919
104067,0.7757500815192986
104069,0.0006885276120103092
104070,0.010051584737026305
104071,0.0476945597190369
104076,1.9071360508904782
104079,0.0005900690420480583
104081,0.0007604655107358884
104085,0.0005420727642282601
104090,18.28032261112242
104092,0.01554059645859511
104094,0.0006344520731507182
104103,0.0005971343517041688
104104,0.0007153740570581236
104107,18.578073256708258
104111,17.938703537757483
104114,0.004395151131442613
104115,0.0006385964662982408
104120,0.01397953517884524
104123,0.000545674790519119
104124,0.08094468678972269
104126,0.0005971343517041688
104131,0.0011615300031265396
104134,0.0028422841363925392
104135,17.910331271949445
104136,0.0006199767663466421
104144,0.0006715457841169517
104151,0.5670438203929703
104158,0.007498146014678765
104168,0.0013486998534733325
104174,0.00046726748326693206
104176,16.06032715060337
104183,0.0007956883342292942
104189,0.0006101622835790008
104192,0.000896654065806431
104206,0.000652919363205954
104207,0.0008256424371635219
104216,0.0012600085831311583
104229,0.0006451540179874817
104230,14.082775513626322
104231,0.015042951935193099
104238,0.08779598174692016
104245,7.301965149934526
104252,0.0007349880742702334
104264,0.0019044322154410085
104268,17.707225577506513
104280,0.0006035322654230335
104281,18.35369550582518
104283,0.010010488108382516
104285,0.0015940988935694267
104295,0.0007440110675058418
104297,1.4136112154080744
104310,0.0004763002552332656
104322,0.0012012999490560456
104327,0.0007911378018659949
104328,4.213429543656322
104329,0.005056573453721311
104333,12.739499501775096
104336,0.008686656846754553
104338,0.015759036620688498
104340,0.010707748649734736
104341,0.19741477320200512
104344,0.03470634945581049
104355,0.35825316031665344
104360,0.0005900690420480583
104362,0.0007561997193041937
104372,0.03583921721932668
104374,0.000793380504631017
104383,0.0013626950096696031
104384,0.001976693814743649
104387,17.553495523473412
104388,0.0455434213202914
104389,0.0006458127683937747
104390,0.5540954567098767
104417,0.0004528872067610373
104418,0.006100002501408588
104432,0.00044370102649849655
104434,0.010450241034101287
104439,0.0006055800232416553
104441,0.000632910582772682
104447,0.03095264531955668
104452,0.008843719568333738
104457,0.0020172264749060294
104464,0.00041342634778302736
104477,0.001449666995497317
104483,0.0006270983175368542
104485,0.0226541032199859
104486,0.0013170983360412895
104488,0.0006666107695755389
104490,0.0006141959458374078
104491,0.4544875717144225
104494,0.0006608395461986263
104507,0.000524940578819126
104512,0.0005655740989630465
104514,0.0005928872768600258
104518,0.0006701345849777887
104520,0.0010850187692746853
104525,0.000596635223198137
104530,0.000832835571058909
104541,0.0007724634414365576
104552,0.6021011096255904
104555,0.0008193242724423823
104556,0.0005661164338967808
104560,0.002040360630142821
104561,0.2422256662244656
104577,0.0006284656621630732
104584,0.0005528857453601383
104585,0.0005631731747592131
104586,18.08075959143853
104591,0.1456634550106071
104593,0.00044033906032158766
104598,0.0004589615488560281
104600,0.0007240932515411085
104602,0.6464690084327895
104605,0.0006817329131873454
104614,0.37220957312932634
104627,9.239003234709475
104634,0.0008651606165580039
104642,0.0007329044252498629
104648,0.0009021325762998128
104652,0.0005907433289699611
104665,13.950366276198874
104666,0.0006788076871581322
104669,5.288715081787401
104670,0.0006115249831062413
104675,0.0040234893639256395
104677,0.00222726534502777
104689,0.0009377656971189324
104691,6.69896301537577
104699,0.0014157952457300414
104710,0.013069151554127814
104733,0.0006650115701677516
104749,0.0004216534723902177
104750,0.0012971428508621184
104751,0.028232309867663896
104757,0.0007330804215244841
104758,17.18796698613368
104760,3.0116557357279286
104775,0.00046726748326693206
104777,0.0006861043905969018
104782,0.0005431897102290774
104785,4.529002384617684
104787,0.00043060105264513865
104788,0.0008254329098684816
104791,0.0008353893729197079
104795,19.872634814405185
104798,0.0006156707209005101
104800,0.0004526182757120789
104809,0.00043488431099206974
104817,0.07018628573456658
104830,0.001284330627508988
104834,16.975134505950194
104836,0.0006821323064909029
104844,0.000652919363205954
104845,0.0011145253464616336
104854,19.977846933794424
104857,0.0007628211064724146
104860,0.19230311711999964
104866,0.0006395921039784177
104871,0.0008577339397742023
104882,5.692612851280627
104883,0.0014677780445010381
104899,0.0006238323743614746
104901,0.3216716079457558
104903,0.000536298310380442
104904,0.0006451579880208042
104905,17.506474009387915
104908,0.03766860470009438
104910,0.0007081375254745074
104922,0.0005994332657685655
104925,0.000667721990296513
104928,0.015709700979822612
104931,0.003387754653537821
104934,0.0004688250433755809
104936,0.002674467159342461
104939,0.00466041644125393
104940,0.0008286116807688796
104950,0.0007690988502333203
104951,0.820498882683634
104960,0.0014061646429765213
104972,0.0011879464826758872
104978,0.000456101897264651
104985,7.52271172481259
104991,0.0007961210475945576
104993,0.0007466171171208056
105011,0.0005918520227657138
105012,0.0008154000237263427
105016,0.0009511270561625396
105017,0.0013022728989509178
105019,0.0006622210630312279
105022,5.30237099323205
105027,0.0014471770047015053
105028,0.0008221855548450093
105031,2.681392003088029
105038,0.0006917316204764214
105040,0.0004127253952360721
105041,0.028484838094759324
105043,0.0016021904164988097
105045,0.0004106779827774595
105046,0.0005144763526173996
105047,0.000842207265572327
105049,0.0004294448525425568
105051,0.0007363863168668979
105056,0.0019544523708763866
105057,0.0007733692768322383
105062,0.0037186730590987533
105075,0.0014032382417531455
105082,0.001202081088569966
105084,0.04432666320825093
105087,0.19013361433263584
105091,0.004548260703074128
105117,0.02604567172195757
105119,0.06835265883004561
105121,0.0007466171171208056
105126,0.009985757000862634
105136,0.0006695739293975536
105145,0.0005498153930808208
105159,5.240733523294805
105160,0.03255724904189112
105162,0.0006662322153968115
105166,0.0006391803095811919
105170,0.00679923040414349
105175,0.2175627907492471
105177,14.182123052757182
105178,0.004709992464149796
105183,0.0050572680603170935
105191,19.16909238179964
105198,0.0009135638766642827
105208,0.0007088952537766594
105219,0.00983793138706591
105223,0.1918490219763048
105227,13.729289534373
105228,0.0005646285550491611
105235,0.0009883037515274712
105243,0.0008001514977649787
105246,0.0006158132199350745
105249,0.000580611747329105
105256,0.08582085413185037
105257,0.007873755874733547
105263,0.001016759115047522
105269,3.2762759542620037
105270,0.0017441108735300943
105283,9.217026965208575
105287,0.06434579806782786
105293,0.0007979558628884697
105302,0.0008665106941097307
105306,0.004266102209942128
105310,0.0006544429041445172
105311,0.0008001514977649787
105313,0.0005744728937658768
105316,0.23127891822158628
105318,0.0006860924832485036
105323,0.024284481761268656
105334,14.324553888448303
105346,0.007021023625782251
105353,16.940224048299747
105368,0.0008001514977649787
105375,0.03825215708039177
105379,0.00039636137615182515
105382,0.0007862889078571704
105388,0.6093931730172446
105394,0.0171356776479221
105400,0.1201155740725625
105404,9.294083351082657
105408,0.013268766008950831
105411,0.0006813048419341916
105422,0.0015549047855129498
105424,0.0010165261412033888
105431,0.001697552859207507
105432,0.0005102041752110844
105433,11.241940662931272
105437,0.0009182797880023791
105440,0.0006034252740705664
105456,0.04644235961911
105460,0.0008001514977649787
105462,0.007709854520644292
105470,0.08763628022146999
105473,0.0008136649290189979
105474,0.0008111572917373644
105479,0.0028380894105302515
105494,0.0007828055435852268
105496,0.0004526182757120789
105504,0.08552847578482715
105505,0.0004306087108524036
105506,0.0004508486774785602
105509,2.375999390772199
105511,0.010667937934970128
105519,12.239918742337265
105521,0.25496556011935534
105533,0.0008286116807688796
105536,0.007764985855572363
105539,0.0007774805944734002
105542,0.0007673959483908667
105551,0.0006109700288846141
105552,0.035322086075420873
105556,0.0028106944641641636
105559,0.00040395518746487143
105563,0.00037485735667316657
105570,0.01491188131179837
105571,0.0054390007822872136
105573,0.6161327409817909
105585,0.0025538400283375965
105589,16.194039921673276
105591,0.000638430069508045
105596,0.18361977027256
105606,0.03997655637839444
105608,0.0007055119418327965
105609,5.993929506265062
105613,0.0028334185849931584
105625,0.0005272200280472337
105638,11.401477350132762
105643,0.0005971343517041688
105647,0.0017933221881645384
105649,18.140989005087686
105650,0.002003829232628273
105652,16.756458518612988
105653,0.0013716956839370132
105654,0.0004815679354456301
105659,0.0006819033022559768
105675,0.0006434541035891491
105680,0.0008740233686827036
105681,1.369932390884395
105685,0.000819273067527925
105689,0.0005949712757824942
105700,0.08134657781034102
105701,0.003512668043274279
105705,0.0008905438634043949
105706,0.0006280119758830833
105713,0.011274104091198483
105729,0.00048186576153079404
105740,0.000498526620321778
105749,0.0010646831534626817
105750,0.0006371923203992136
105751,0.06126733376661649
105753,0.0012536776465739562
105756,0.018403435246226497
105757,0.0008001514977649787
105764,0.0007658360953754221
105774,0.016942757400968046
105777,0.003140233615006384
105779,0.0004575470986128281
105793,0.04036100445059557
105802,0.0003952637035025615
105840,0.37865611143211075
105846,3.8131673465232985
105849,0.00040710150361126206
105855,6.553199620813754
105856,0.0006391981003894011
105870,17.525754118366386
105873,0.0007778027057426168
105879,17.029713445257677
105883,8.35594107773505
105892,0.0007562813950729699
105908,0.00039566476214071615
105909,1.4909274054005341
105913,0.0007052486567809443
105914,0.000526375627801386
105921,17.134477037709633
105927,0.0016032218968071853
105933,0.0008471613704142631
105941,0.0007425904922410563
105947,0.19771881101923117
105952,0.0010352105467117422
105954,0.0008743233141875016
105956,0.0006260867826089404
105960,0.0004648132718804218
105976,2.39252138956062
105978,0.0010139623812518788
105995,0.0007830354075513059
105996,0.001892765739614916
105999,0.11891748433573515
106008,0.0005290281718688674
106012,0.0005656891962281831
106017,0.000825349764843787
106022,0.0007724634414365576
106025,0.0009923266849682455
106028,0.0006097047094740426
106030,0.6028160065579496
106031,0.00973338811705666
106034,14.698094242316097
106040,0.004631019952397607
106045,0.0007574418686706685
106048,18.426796802671713
106058,0.11795254548937
106059,0.0007770310934804413
106064,0.0015005416644955848
106074,0.024364836161497753
106082,0.15291166617864987
106088,5.124070953830702
106089,0.0007126589788797909
106096,0.0009234576618189101
106098,18.951849676213435
106102,0.0006941039445490638
106105,0.28071653223705967
106111,0.0007751423116788733
106112,0.0009651053996332429
106115,0.0006317504930051896
106118,0.0006664213770306898
106129,8.710933173559464
106131,0.0005102041752110844
106140,0.0007111694149564365
106155,0.00045701395059905003
106160,0.6815609807974004
106176,0.0009643466195520787
106178,0.0008453324519290423
106186,0.010804773292788939
106196,0.0007130366436007718
106200,0.0036237750933372946
106208,0.06338970544100576
106210,7.882918449448842
106218,0.0011089859470578033
106220,0.002606968142994467
106225,0.0005273717405895301
106229,0.026156410201902763
106236,0.0020290319774212903
106242,0.0016915584482194983
106252,0.18780777229942003
106253,0.001590140028753555
106255,0.0008231474433923012
106256,17.137889574590442
106261,0.0005272200280472337
106266,0.0006591580388313798
106282,0.1318770789609957
106288,9.787230698394207
106290,0.0004589615488560281
106293,0.0009527134076407259
106300,17.539212002839722
106305,17.35247967813749
106314,0.0006891732309168585
106325,0.7179514962591602
106331,0.24838339666238324
106336,0.0013462575312246754
106338,0.0008286116807688796
106343,0.0006189772377072819
106344,0.0010243963795721015
106347,0.0006688893034778717
106348,0.004299794995565203
106362,0.0011700679699092802
106364,0.0010599505719981197
106370,0.0006250319872813726
106379,0.0005036480372296603
106389,0.015287779709538513
106390,12.339820253970826
106396,0.6859987684232882
106397,0.019505077009982674
106400,0.00042276221874683036
106406,0.0644684977266489
106408,0.02633707056597765
106411,13.691991288398672
106412,0.01427335442439523
106421,0.05914000801567922
106422,0.0005922905031653452
106424,16.247049917151646
106428,0.0006259487732953987
106431,0.07002699697650258
106432,0.0004377842009862274
106443,0.38782144751376335
106447,0.0004294448525425568
106451,0.0007262051827684796
106452,0.001860859301761256
106453,0.0011244636432570635
106455,0.0004306087108524036
106458,0.0007007496999291598
106459,0.0004769739034377389
106463,0.0007082347656282863
106469,0.03703444778043706
106480,9.448472842391897
106484,0.0006815262877710086
106487,0.0006891732309168585
106491,0.019683854487442472
106493,17.730354307594826
106505,0.04264860735838788
106506,0.0010207398156081202
106509,17.572286306611375
106511,0.0024774573658857173
106512,0.0006681211761834227
106517,0.0019604949286947514
106520,0.0006662796583408237
106521,0.0006662322153968115
106527,3.314997433185173
106536,0.017340299525423233
106539,0.000602146062890518
106543,0.015709700979822612
106547,0.0010917229626714472
106552,0.0006532127182713185
106560,0.0040360091079633936
106561,0.009784347481319693
106566,0.007814064107559707
106573,0.0004827601589677359
106587,3.861953783449085
106594,0.2774716699047864
106601,0.0006291786352242437
106605,0.018208675243125295
106608,0.15544061944715248
106611,0.0007258197202215895
106613,0.0005500628183639784
106617,0.000566432152946755
106619,0.0008230959081898285
106621,0.0010723445161905521
106622,15.133775790552983
106627,1.3320895557668018
106636,0.0012600085831311583
106638,0.0004166001305857669
106641,0.001105552352609167
106646,12.183209388579977
106648,20.249771236425644
106657,0.0008350442846587182
106665,0.0007092804918600619
106677,0.0043204239549473385
106678,0.001680157981031286
106689,0.0005758542919077476
106692,0.0005632468185208741
106697,0.0008789519545128945
106699,0.012884289078302757
106710,0.004405429880896659
106711,0.0006851307882413046
106714,0.005045829272653354
106716,0.001139589637469443
106722,18.50613660820206
106727,0.017910346446121418
106732,13.820816157280728
106736,0.0005741374461993274
106737,0.0031285824230226724
106751,11.541669073241227
106755,0.19533752378001706
106767,13.954683399471856
106769,0.000849544452842167
106772,0.0013961001706068008
106777,0.0712821065089705
106779,0.0007668573170590868
106790,0.0009054808497742836
106797,0.0005548724716469894
106798,0.00042885559048107415
106799,0.00034242905484325087
106802,0.0006127852781094103
106806,0.001088505457206105
106812,0.0037931092205652516
106813,0.000771955236823619
106815,1.01820486012291
106817,0.0004261853744299628
106831,0.0006928663467573076
106833,0.0007612262882594033
106836,0.9706289494637149
106838,0.0010528886809928234
106844,0.0008256790104846789
106849,0.0006236565186264706
106850,17.114066955118552
106851,0.12036059313563852
106855,17.496689686681158
106856,5.381156950364465
106857,0.05360779452661295
106865,0.016226414503995878
106867,0.0009332818233901991
106883,0.00048068237403125135
106885,0.0011388408991719024
106888,0.0008215130403072637
106890,0.0003694507329027522
106896,0.007349966331489832
106897,0.0006449664212850778
106902,0.0006860924832485036
106903,0.0023148704020205866
106904,0.0007846564609548265
106907,0.0005528857453601383
106911,0.0006024599171314713
106917,0.0007680336795851152
106921,0.00040773269993453514
106923,17.2714837323198
106943,0.0008888788233684854
106944,0.004787812033953314
106945,3.4481357771555827
106948,0.000886987177826677
106952,0.0006259487732953987
106957,0.0007058329360654048
106963,0.0004264116558637981
106967,0.007314619447358431
106972,0.0006399877647908988
106982,0.0004460104692812662
106983,0.0057778650746368055
106986,0.000886987177826677
106994,0.0023109049544019953
106999,0.0004868041192163502
107000,9.711290220652433
107002,3.014016627953283
107015,16.70711037152962
107021,0.0015505782726557495
107023,0.00387785042007283
107027,5.164005601950702
107030,0.0006954213923785401
107031,0.001482061521249544
107049,0.0007411056044239831
107054,0.07218868407593479
107059,0.0004427150344385775
107061,0.0006410336594783398
107065,0.11462406460107691
107070,0.000652919363205954
107074,0.5437278714463206
107082,0.2658035236612576
107084,0.0037414002119066717
107092,15.356250712301577
107099,15.28291683254832
107102,0.00041226238160211844
107106,0.000698247528650711
107107,0.0007705199310423223
107108,0.001449666995497317
107122,0.0007140523274954058
107124,5.711238744565851
107129,0.0005939368049947728
107134,17.361545699725703
107135,0.0008192216708370245
107138,0.0008286116807688796
107148,4.251169918919673
107154,0.002814047376504948
107156,10.76905325348725
107169,0.0008972230762075677
107183,0.0007612262882594033
107194,0.06901594051858315
107203,0.26558969337154165
107205,16.84692250800807
107209,0.00040135892569732764
107211,0.0009670990330052844
107220,0.020177816984589855
107226,0.001277185995878036
107228,0.001381766300678826
107231,0.0004526182757120789
107233,0.0012036208517575476
107237,0.02796788091373157
107242,12.272537314877217
107243,0.008735849952019427
107257,0.0010669261125509579
107265,0.00099836018886103
107271,0.0007431687273911791
107272,0.3146097311992778
107275,0.0008193242724423823
107279,14.88569568293612
107280,0.025556633047631932
107282,0.0007982789804794971
107283,0.0006769183424229885
107285,0.005286198813584917
107289,0.026803562175675845
107290,0.000652068523046639
107295,0.0005495491594346414
107313,16.979166908411532
107316,0.016817232555814174
107317,0.0005929448398256807
107320,0.0346182563222041
107322,0.000886987177826677
107323,17.757771145354496
107328,17.882452431959383
107329,0.02348578349832226
107330,0.0006523938713133166
107331,0.0009719808951726975
107338,0.0008192216708370245
107341,0.00045485204431546113
107345,0.03233410970007113
107347,0.0028686977213840175
107351,0.0004261853744299628
107359,0.0007337744050800565
107360,0.0005866853792057195
107365,17.294511980347806
107369,0.0019234279642756217
107372,0.0008319958190239474
107376,17.29650852803771
107392,11.392892791615477
107393,0.0007093575602752784
107399,0.0712821065089705
107406,0.0004432142654946988
107409,0.0015829318252595544
107410,17.462324913362927
107415,0.0006891732309168585
107417,0.016618922662366826
107418,0.005954135076115128
107428,4.473509829673748
107432,0.7179514962591602
107433,0.0005703645106114996
107439,0.9725624615622233
107441,0.006371909345420296
107446,0.00041385751802716886
107449,0.0004688250433755809
107450,0.0006162481907965179
107463,0.0005036480372296603
107464,0.07447513132707881
107473,2.8183064580321413
107480,0.02198757760682852
107482,0.0004377842009862274
107491,0.0004503192950238214
107499,0.0007024832256857337
107503,0.0004924375006738294
107506,0.0008922838542271374
107513,0.40064107850907416
107514,0.0005625941284344856
107515,0.0006564317016938513
107521,17.443378207816625
107526,0.0007821057411192872
107532,0.0010208004147830374
107536,0.000606116103128089
107544,0.18390759505571827
107546,0.0005625941284344856
107553,0.0006180060910155749
107557,0.0009797587328773786
107559,7.737097559569722
107562,0.0007330804215244841
107564,0.0006093742934118345
107566,0.0006049953431389876
107576,0.0007612240696632385
107579,3.966938235293869
107582,16.91287802049036
107587,0.0007458020312687026
107598,17.660330188582652
107603,0.0008441223449470549
107606,0.0006891732309168585
107611,0.000899818542346727
107615,0.0004606288680233532
107616,0.0008300221551983576
107618,0.000596635223198137
107619,0.006862165338595549
107633,0.0008998309367649121
107636,0.0007673959483908667
107641,0.000596635223198137
107645,0.0007823934757557264
107646,0.0007490947713559613
107648,1.9739663071121165
107654,0.0010381122037378474
107659,0.0008353893729197079
107662,17.682658486280182
107663,0.0014998760949874095
107664,10.50140963369349
107665,0.5156140229548597
107678,16.86429628756958
107680,0.009960291001759611
107682,0.24844898426276446
107687,0.0010106021920016886
107688,16.215723036157673
107693,0.0008302591193714088
107709,0.0007695258939070452
107711,0.00059820132755056
107716,12.896264567446142
107728,0.0037931092205652516
107729,0.0006399877647908988
107734,0.0005848851031461123
107744,0.0007022324901224197
107754,0.00043435077185723846
107758,0.0008195034332803075
107759,2.6240273610805356
107766,19.074597085925227
107769,0.0006734154000054929
107771,0.005921984599783341
107772,0.0004458171327822519
107774,0.0006553639668650847
107775,0.0005766313534623226
107776,0.006273226949728939
107779,0.002269913306410592
107783,0.000752598120452981
107785,0.003261779615445946
107787,0.000776740606742692
107789,17.161566864560182
107797,0.0007319888076634675
107801,0.0005971343517041688
107815,0.08501715359940601
107816,0.0009068542699603308
107819,0.0006968473221497829
107833,17.49049105064423
107834,0.005045050083340335
107843,0.0006210157613135705
107845,0.0010167281261870063
107849,0.00040135892569732764
107851,0.0004742147451858028
107853,0.0004947521643446984
107859,0.0006921939523786859
107861,0.0008927984647032223
107870,0.0010635566262224886
107876,0.001147946440515112
107886,0.001590140028753555
107887,0.0013410884432968342
107889,0.011051960122784078
107903,0.0007943898430958598
107908,0.010492581107045835
107910,0.000577896060588528
107924,16.735963761670927
107925,0.0007939549780694241
107929,0.003832368910375962
107930,0.0014267785653994303
107933,0.0007805187409672972
107940,0.0005213697268466082
107941,0.1470120995756274
107949,0.0006821323064909029
107967,0.0005841816247874092
107969,0.0007638496331327053
107970,0.0016371689860291527
107978,0.0005655474302333961
107997,8.162153754079402
107998,17.568179767495828
108005,17.065510029012742
108008,0.0007185645487205381
108011,11.939489720155786
108020,17.423647736336825
108026,0.0010139623812518788
108029,0.00056458208514849
108049,0.0013915975776884987
108056,17.264163628052238
108058,0.0009108691842914827
108061,0.001706293330895366
108063,8.67891828900902
108066,0.0005535459436454529
108076,0.0037788839497647298
108078,0.2024266540674689
108082,0.0006670503960510092
108084,0.00035576517793215145
108086,0.09217082527677684
108095,0.0007074384919563387
108100,4.828073909932607
108106,17.47713414908494
108107,0.06149193882517153
108114,0.0006151526847986228
108115,0.0005747424588798363
108117,0.14639132358521967
108126,0.007391507331882728
108128,0.005355576486643242
108133,2.4049842735849136
108146,7.611838019124389
108148,0.0008032911175909205
108154,0.014638527200257823
108155,12.96852063420447
108165,0.18671176086908864
108169,8.243226062083682
108171,11.950232248623756
108175,0.0005036480372296603
108177,0.001642579999697694
108181,0.0004173528115888513
108183,0.0070155813377141135
108184,0.0009163914676633522
108187,0.0005250248879049961
108193,0.0005117098780461044
108197,16.432449546076636
108200,0.0011000937760484238
108201,0.001119126039558372
108203,0.0008870715170238476
108208,0.0005911897902390887
108218,0.0006868823334446612
108220,0.12641117575505637
108222,0.0006225760822881628
108227,0.0007527024691883746
108232,0.004770757799991766
108240,13.53300466327201
108250,0.0007612262882594033
108258,0.034685403755147864
108265,0.013989062580472809
108266,0.0012110636790865746
108289,0.0010201774710556673
108290,0.4502624266793741
108303,0.00048648050985748324
108304,10.67467757769642
108316,0.000617691633194732
108326,0.0005171600899264382
108327,12.485840195753864
108335,0.0008595553613086789
108341,0.0006860924832485036
108348,0.00088849298730523
108353,0.03545062577632458
108355,0.0006114319326010799
108360,2.6663591903029324
108367,0.17359099592466537
108369,0.000858945896950124
108376,0.00985921881466372
108379,0.0006003871533631519
108393,0.012552871192302048
108398,0.000793380504631017
108400,11.649527377345704
108408,0.001606054048939124
108421,0.0020100872518147607
108446,0.000886987177826677
108451,0.0004200767536113849
108453,0.007317671863925006
108460,0.15828833920723334
108461,15.102531889551708
108463,0.019042594122804204
108464,0.0013542715437190377
108466,11.384315457614424
108473,0.0008889779572140429
108485,0.0007994092214370256
108486,0.040680607559545466
108490,0.0005285980017022636
108492,0.31738524334981705
108497,0.0006662322153968115
108508,17.83754861242937
108519,0.0015461940292770828
108526,0.004111954408281721
108527,0.0006139764155964356
108529,0.0006373860941883334
108539,0.000601658487863843
108540,0.0009341118685974273
108553,0.0004776162080404359
108557,0.0013566871802840527
108559,0.0006762383973060323
108562,18.016981978887248
108565,0.003922639089047766
108569,0.000534626257669654
108574,0.0009256557190295762
108576,0.0005446621333999672
108577,0.07214058956525318
108580,10.673803388321675
108582,0.01905043841377608
108587,0.059524737718018396
108593,0.0008610796019781163
108603,0.0007644986801145057
108609,0.000886987177826677
108616,0.00048771367019888854
108619,0.009622516235486583
108622,16.862297030365774
108624,0.000923499887515242
108626,0.13151881132330887
108627,0.0007909785935215168
108629,0.0005763002860653205
108630,0.0007751423116788733
108632,0.014778294925857246
108634,0.13087707711087665
108662,0.0005623483809072338
108681,0.01975352316535585
108686,0.0007142501458096506
108691,0.0007671216754935341
108692,0.0004585495215751823
108696,0.0006762383973060323
108697,0.0008949213630284671
108698,0.00044133750849943785
108708,17.97758456910004
108711,0.0007140671093401912
108716,0.000899267224821599
108719,0.009443760799548655
108724,0.0007112278243453634
108743,0.0007063232935252161
108744,0.0006463536127630312
108749,0.0009223006072485616
108764,1.254333885948264
108767,0.0008001514977649787
108770,0.0014937411668837926
108772,15.45980156831305
108776,0.0006854624686500927
108777,0.0004377842009862274
108790,0.0008254329098684816
108794,0.05601741781863732
108796,0.0004435301737651557
108797,0.0005605926690005538
108806,0.01599591261317938
108815,0.0010770505470482222
108826,0.04264860735838788
108829,0.007883447635301993
108847,16.26947956171633
108849,18.961586336283357
108854,0.006332379902288079
108856,0.0009163914676633522
108861,0.001901009947989761
108863,0.008834729249608875
108869,0.000745019004209559
108876,0.000364100410970851
108877,0.004097697577376716
108879,0.007735276286352555
108895,0.0004521237461355674
108899,0.0008527131104950706
108908,0.0005424353895200787
108916,8.48888743943172
108918,0.00038929896410820484
108927,0.0004368752450539079
108930,0.024805875279088962
108934,0.08760976209780769
108941,16.359989426267113
108952,0.00041385751802716886
108956,0.0005348260858280983
108972,12.2633392642602
108975,0.0004300065107007094
108981,0.059114826028808506
108990,17.740800689159663
108997,0.0006651092145925282
109005,4.79692377707148
109012,0.0005524927687457948
109015,0.0006263508035559567
109028,0.009291331455973236
109029,0.0005561337830074553
109033,0.0005785043275108896
109034,0.0007700279284799414
109036,0.0012537809479764564
109038,0.005453172519055921
109046,0.0004769739034377389
109052,0.004298535024212371
109055,0.0014293584108446336
109057,0.0006220576478385809
109058,0.000507135237856495
109060,0.28041456776710594
109066,0.0008935287547109166
109073,0.011047753675014578
109074,0.0010692842801064719
109079,0.00042276221874683036
109083,0.01134854291622778
109085,0.0007700279284799414
109087,0.0007552143438594677
109089,0.0006797948584602152
109092,0.005741973693919433
109094,0.10661991712264518
109111,0.011002568309953106
109123,18.6401333779121
109130,0.0005756279911393696
109147,0.0007673959483908667
109152,0.0006410336594783398
109153,0.004073463102068222
109157,0.03553619449915018
109161,16.1851520933243
109163,0.000670428390300307
109171,0.0009435476398607232
109184,0.0008933014469806183
109185,16.71235761082781
109187,0.002183725632865639
109193,0.4686895040523254
109196,0.001169063223331401
109202,0.010707748649734736
109203,0.0008319958190239474
109218,0.0657007414350446
109220,16.144499611633098
109223,0.017644313364267576
109241,0.0006167838033629273
109242,0.0004294448525425568
109254,0.0006549953579612258
109256,0.0006723854721288205
109268,0.0005911897902390887
109280,0.0007700279284799414
109301,0.0004166001305857669
109303,0.0019952307391661703
109305,0.0008001514977649787
109312,0.00054967024265825
109320,0.000773205983342709
109327,0.0007982789804794971
109336,0.019122530199151798
109337,0.0024868674275569367
109344,0.0024774573658857173
109354,0.04151024044259946
109357,0.0005994396109760961
109366,0.0007982789804794971
109375,0.00188060089448273
109379,0.004885867996189648
109381,0.0069725760680380295
109385,0.4195241325362652
109388,0.0011609478555221274
109389,0.0008959021798787126
109396,0.000727230469129635
109398,0.056197320586250085
109403,0.0017128942478403073
109406,0.009816099269184754
109419,0.0004152757983208498
109429,17.508690618026055
109437,0.003922531442341831
109439,0.0006988556971476446
109441,0.09041705111510134
109450,0.03910081144224001
109458,5.716702469472322
109459,0.000832835571058909
109460,0.0012563454600832196
109461,18.216823680495413
109472,0.000638430069508045
109477,0.000984410417846985
109478,0.06765044976178672
109480,5.3278879933442225
109482,0.19862164610869942
109484,0.001018606376924605
109496,0.0005413006347827656
109497,0.07929618829045501
109502,0.2528628685991434
109507,0.00047729070742414775
109512,0.0005785043275108896
109516,0.00041661787655148665
109517,0.0005374396187980675
109525,16.532089352598927
109526,0.0004735501284976141
109528,0.0005122951036232566
109530,0.009772914174102369
109540,8.671655281922716
109546,0.0008762667860295432
109548,0.0005625941284344856
109549,0.0006552669353232536
109551,0.0005995471685874313
109557,12.277479785517034
109558,0.0005250248879049961
109560,0.0006064615887635819
109562,0.00099501300548717
109563,0.0004377021475149449
109571,0.0005435158210526746
109572,0.0004324977074816703
109587,0.0005711285180554767
109588,2.536660266062291
109590,17.0937415403314
109601,0.0021529968212212315
109604,0.0013948493948856794
109605,0.000591048891094406
109610,17.273352026551787
109614,0.0008479186129703746
109620,0.00043060105264513865
109625,0.14691264100693696
109635,0.013000754815322455
109642,17.53499365108229
109643,0.005789665328625215
109647,17.763687141593653
109654,17.104511072879
109655,0.00046489908611777053
109661,0.000832835571058909
109662,0.0007680056401598602
109670,9.213072300416552
109674,17.108015440157494
109678,0.03585837238453886
109682,16.953989525591766
109683,0.0004179245602600807
109684,0.2320197366938667
109685,0.0016032241969423208
109691,0.0005918520227657138
109697,0.004405429880896659
109707,0.0006860924832485036
109713,18.20654799010419
109718,0.0006665552324712461
109726,0.0005528857453601383
109734,0.0007522310499766315
109735,0.0004377842009862274
109740,0.12005497453993
109744,0.013596407352811873
109753,0.0007758812190573061
109758,19.09213391278883
109765,0.0008471674714830653
109774,0.0007477986539078292
109776,0.0006733669597053438
109778,0.006362894643109645
109780,0.00608479551260664
109784,0.001067415224840358
109789,0.0003754647658217205
109792,0.0004688250433755809
109800,0.0004432608133160732
109801,0.0010238479891900934
109807,0.2917132718391283
109818,16.16791437798794
109819,0.0006208341496480947
109821,0.0005724756366792282
109824,0.044564749383854185
109827,0.07398887782498768
109830,0.000677174091324377
109832,0.0010599505719981197
109833,0.0007522310499766315
109838,0.0006990178089082596
109845,0.0036528563845548132
109852,0.5449058447617807
109856,13.983936122584236
109857,0.0006394507617093422
109860,0.0006892447561540178
109863,0.0004730919810338592
109864,0.0006544808074973027
109866,0.0006407503638165419
109870,0.0008306331966637057
109871,0.0005766070609037122
109875,0.000793879094757274
109881,0.0008670238691190329
109883,0.0004173528115888513
109884,0.0003588444144673624
109887,0.0008193242724423823
109888,0.2331099275480515
109890,0.0006003263840828442
109891,0.016484528274255724
109892,0.015709700979822612
109895,0.0007776747355279133
109896,0.0007375183146920225
109901,0.00045701395059905003
109906,4.881486042158694
109914,0.0008193242724423823
109915,17.61086454185423
109922,0.0005911825016752335
109925,0.0007536390117108661
109931,0.000776464454182649
109943,0.3421289851548454
109948,12.994296169333897
109949,0.003752381077476219
109950,0.007272335470824301
109952,0.001470859012278693
109957,0.0008065228047126696
109958,0.0006544808074973027
109959,0.0007140671093401912
109962,0.032291744127840236
109977,0.001043907674723647
109985,15.27015854273146
109989,0.014716460106222268
109994,0.0004517468250954754
109996,0.0004410370552116051
110003,0.0006017618997709065
110007,0.00042482944148088955
110010,8.571638088355538
110023,0.006974725148080544
110031,0.0004707658804738599
110035,17.796216808691224
110040,0.0007126589788797909
110043,0.02280186606406114
110047,0.0006561317895350559
110048,0.0006466741316404681
110052,8.920863530550355
110056,0.025494799927435925
110059,0.0006809805831637101
110060,0.0005994332657685655
110062,0.0012160864456162179
110064,0.0010707267411770274
110069,0.0043352236213311844
110079,17.719665411281415
110082,0.032313328670378796
110083,9.410996285436763
110087,0.000480140224892852
110092,0.13438286716420195
110093,0.0004314130854649388
110094,0.0007612262882594033
110101,0.015709700979822612
110104,1.4788397690810373
110121,0.0003583962045266916
110124,0.0008919968535959817
110125,0.0006868823334446612
110127,0.001382403705374683
110128,0.00044268558564019314
110131,18.485100559249293
110132,0.007041391694961469
110141,0.0006246858439412403
110145,0.07006677220809225
110149,0.0011517683206029106
110153,0.00141282732352363
110154,0.017612907213448315
110155,2.70557369096561
110160,0.0007982789804794971
110163,0.0008087842086124412
110164,0.0013193767391570252
110166,0.04846132623525756
110171,0.0008154000237263427
110178,2.8884818476532725
110189,0.019322979926759354
110202,0.0007329044252498629
110205,0.0060817034628202135
110208,0.00045701395059905003
110212,0.0009296023654460089
110216,11.53122541868958
110218,0.0006316056752290063
110222,0.0007659327379497908
110229,0.0015461940292770828
110246,0.0007086603428673119
110248,0.008823148484588011
110254,17.095923515971165
110264,0.0004599325053365001
110268,0.0008001514977649787
110269,0.0005404100733392901
110270,17.678455670754
110273,0.0009084755495668963
110287,0.057948622100390236
110291,0.00599553701440139
110292,0.0011677665113838023
110294,0.002013700334113898
110297,9.001856781899706
110301,16.172540750335987
110310,0.017547958426014105
110317,0.0008874153648862106
110322,2.176668502540886
110330,0.0004585811700264888
110338,0.019989766892309517
110343,0.03409837253039474
110356,0.0005298349499996411
110357,0.2985867531553591
110360,0.0009739051501885122
110363,0.6170448114271141
110365,0.02002323677303363
110373,0.000514459228682653
110383,17.37529220784478
110389,0.004043995504082467
110396,0.6137573922982035
110407,10.143486016653695
110408,0.024427340705728974
110411,0.011113696406562054
110412,0.0006194530819694223
110430,4.3825710770445045
110445,0.0008391386657440938
110448,0.005721399989075625
110449,0.0004688250433755809
110457,16.061986254489423
110458,7.898202087397325
110461,0.0004272483863557479
110464,17.730459019602865
110465,0.0005056369868876339
110467,0.0005712487394020883
110469,0.1619365768277375
110483,17.679271972074766
110486,0.0015308717008357634
110490,0.0003510877845516684
110493,0.09792414833439676
110495,0.0004410370552116051
110498,8.136294230827732
110509,0.0005907217942155619
110513,0.0016761389943000867
110518,0.0005576429349672471
110522,0.0014188435252414922
110523,0.0008774622398382218
110524,0.0005553009889673288
110529,0.000524940578819126
110536,0.015709700979822612
110543,0.0004377842009862274
110547,0.0004217869929862013
110548,0.0004149231739906155
110551,18.08648612293108
110557,0.00080935343441096
110559,0.0012017531707691378
110560,0.0005321251761482449
110569,0.0007069277993279634
110571,0.0007029655516277292
110572,5.308060304536708
110576,0.0006755509874024722
110579,0.00041661787655148665
110583,9.87044486577992
110585,0.14212556578257868
110589,17.635113918327814
110596,0.0022232368928572182
110599,0.0004263243302663463
110603,0.001083706279767668
110607,16.351787409723208
110627,19.135333957457842
110630,0.0008001514977649787
110632,0.0013341863763388837
110633,0.33247697701583434
110634,0.0010945982659508633
110635,12.500561077065544
110638,0.0009802708401964412
110639,0.000786162160480976
110642,0.0015775354604184691
110645,17.42164862444666
110646,0.0005949246249055436
110648,0.000911862919282503
110649,0.0011326418702904027
110661,0.0008595221963496467
110662,0.0007401880384891925
110673,0.0006002023048413578
110678,0.0004585495215751823
110679,0.0009107650306150175
110681,17.14294978463016
110685,0.014891564928396744
110690,0.0008832543474399764
110691,0.0006389360317597163
110694,0.0010184480656291932
110698,0.0008302093186937254
110708,0.00041696956331438814
110709,0.0007074384919563387
110717,13.658477817304426
110723,0.0014384991184149864
110726,0.0015461940292770828
110730,0.00352656594929548
110735,0.0006295416449536663
110744,0.0004173528115888513
110747,0.0005118660950903863
110752,0.01497668030443563
110758,0.001346044679398801
110760,0.13001516241239902
110763,0.028514692180719135
110768,0.0006443343523707618
110771,0.0008577339397742023
110783,0.0005260973602923784
110787,0.0006459582976344907
110804,0.000480140224892852
110812,0.0126092806388526
110824,0.0007673959483908667
110827,4.465248475457505
110829,1.9043230207031356
110842,0.0008240497979897959
110848,0.0011401145969969352
110851,0.0005628891293977231
110854,0.0006880843834373907
110857,17.107508353074792
110860,0.0007506277189168203
110863,0.0006958755288159215
110864,0.0004173528115888513
110870,0.0005971343517041688
110871,0.000727230469129635
110873,0.00334014352581029
110874,10.964055942085011
110881,0.005127118023923035
110888,17.480142936837307
110895,0.0007778929296717074
110896,0.06170257732385405
110899,0.005567069589442643
110903,2.7294790122697394
110913,0.0007994033354889864
110918,0.0006860924832485036
110927,0.0005097805065300159
110932,12.659831245438138
110936,0.00041540121677031494
110937,0.0031926886748502095
110940,0.0011707844684466203
110943,0.00043660679316635386
110945,0.020884588232202572
110950,0.0007673959483908667
110951,0.0005256320962973759
110959,0.006100002501408588
110961,0.0008632237936391828
110962,0.0007220214169318029
110966,0.0008913468871004174
110975,0.00282707803384828
110977,0.000756077601829922
110982,0.0004648132718804218
110983,0.030434243512605964
110989,0.0005580552321487514
111010,0.0009567913922279688
111012,0.0006355811177160232
111013,0.0005909530004983276
111015,0.001111282379696555
111016,9.450507721849128
111017,18.71123197130366
111021,0.0005198246597331745
111024,0.0005036480372296603
111027,0.0005743323199058547
111041,0.0020440274227113394
111042,0.000745019004209559
111043,0.0004526182757120789
111054,0.0005909261275647019
111055,0.000480140224892852
111057,0.0006801143177779282
111058,0.09390989907985893
111063,0.0004526182757120789
111088,0.005607776954853948
111096,0.0023925938486989125
111101,0.0006327008332230875
111110,0.08552598243569616
111114,0.0007466171171208056
111122,0.1263061233058265
111124,0.052373101949229305
111130,0.0008001514977649787
111132,0.0005628215976658677
111140,17.875112219736028
111141,0.0012126688403353444
111147,0.000727230469129635
111152,0.0006851653151762141
111160,0.0005906099392226213
111162,0.0009096753848385524
111167,0.0009446414995196954
111172,0.0007982789804794971
111173,0.0005605926690005538
111190,0.0020011888760839355
111194,0.0006047920913763826
111197,0.0011319457847735327
111200,0.0019126181942226363
111203,12.280255555427285
111210,0.0004278576942437043
111213,0.0007388394617266113
111217,0.007260314970674102
111221,0.0005296103702136952
111227,0.004209742586974426
111228,1.5021412442403315
111230,19.577158133396075
111239,17.133190705292627
111247,0.00042177212281175865
111252,0.010923578453662403
111255,0.0007081094278201997
111257,2.1216005748080438
111260,0.006992734944580021
111265,0.000480140224892852
111266,0.00042226410568502084
111270,0.0005646285550491611
111276,0.0006114319326010799
111283,0.0007107009596657717
111288,0.0004300065107007094
111312,13.430823849034542
111315,16.40057043847759
111323,0.0005837828345814234
111326,0.1147253146043072
111333,0.04036255691560182
111339,10.995112355791715
111343,0.0006272978243941112
111353,0.0005840598293534315
111360,0.005966823984634599
111384,0.0005625941284344856
111385,11.70154510065652
111390,0.011557486171308761
111394,17.228367407563052
111397,0.7022939179511036
111398,0.0005377146254300374
111404,0.0008757341066240922
111411,0.00042177212281175865
111413,17.324708664081435
111416,0.0007743362440120913
111417,0.0005292312522872296
111420,0.010102419243850172
111434,0.0006489561262476214
111440,0.0005290274839529426
111446,0.0038344191331901945
111450,0.14616200656210948
111453,0.028593609836529553
111457,0.04796002461503392
111459,0.001735848818476617
111472,0.0004724501262685419
111473,0.0005327574127915694
111476,0.011087782898961032
111481,0.0004427150344385775
111489,0.010707748649734736
111505,0.0006633700831393511
111507,0.0006544808074973027
111510,0.00867054028100434
111532,0.003810110671574425
111541,0.0006645795508537597
111542,17.584987043487004
111545,0.09230952490546965
111548,0.011324568669934624
111563,0.0008343411034543861
111568,0.0004435301737651557
111569,7.6625886422792915
111578,0.0005869645269875568
111581,0.0006145433030280306
111585,0.00040135892569732764
111587,0.0008891642533280132
111588,0.0058072308148055295
111595,11.431543903175395
111596,0.0008254329098684816
111598,0.0004377842009862274
111599,0.0022779417153146143
111606,0.0009797587328773786
111610,17.52204021717433
111614,0.0008695000597548812
111617,0.17237901431811586
111622,0.25622544335080283
111624,0.00042443831688294823
111626,0.000797578726884536
111634,12.934322894812425
111635,0.00044325015798371515
111640,0.0013662665485141856
111642,0.020136863743277084
111644,0.00046697212105401085
111650,0.0005043633310341563
111657,17.834030625459967
111666,0.001600721419079965
111669,0.006489043254981871
111685,0.0008194472764992021
111686,0.0006612296324040118
111688,0.0008254329098684816
111690,0.0008826874951022125
111692,0.0008198363366671351
111697,0.03690422651624683
111700,0.013636930213105001
111712,0.0006194816747602308
111713,0.0006140874959673894
111717,0.0031612996031272515
111719,0.011231544170576663
111721,0.09660397174714264
111727,6.943622984020857
111731,0.0010854964250168865
111733,0.0006310211936740113
111735,0.0007231684508987329
111746,0.002027292877175878
111752,0.0033929838650803837
111762,16.770204554094054
111769,0.0006945588534244933
111776,0.0007982789804794971
111778,0.001043907674723647
111779,0.0004377021475149449
111781,0.06682269290769045
111786,0.000701629583508794
111789,0.1983706395540871
111794,0.00039469342401058684
111796,18.309233741341195
111798,0.0011510295699374885
111804,0.18968513307468016
111810,0.0006958755288159215
111816,0.0007654365785903775
111822,0.00042176122824604515
111824,0.0006304233308147528
111828,0.0005251725817926493
111829,17.877841103814053
111834,0.008433447884586038
111842,0.10546939081603297
111845,0.0008605957490705003
111846,0.002387726149343972
111853,0.0005646285550491611
111860,17.704466849792677
111871,17.382111349601097
111873,16.73110302656368
111880,9.380220614336997
111881,0.005090707272537525
111883,0.06625941776711525
111899,0.0011244433145688947
111902,0.000998449237916116
111903,0.0019485917860130146
111904,0.6701765655114692
111919,0.0019988041185169296
111924,8.50788919572587
111928,12.941613597557136
111929,0.00039620981701215835
111937,0.0005906099392226213
111939,0.0010931271335644826
111941,8.382559954294873
111949,0.0006813048419341916
111952,0.0006742092532194288
111955,0.0011278216552009553
111957,0.0006985833700762223
111959,0.0004688250433755809
111973,0.0005979250945811727
111975,0.0007323762855925722
111976,0.0009008972047297994
111979,0.0009796494641465079
111983,6.630363402452678
111986,0.023847248199792333
111991,0.000364100410970851
111993,0.0005087217108557164
111994,0.0024953911329462005
112000,0.0013367406147710725
112001,4.684882452435285
112009,0.0004688250433755809
112015,0.24015084943104448
112017,0.0011401145969969352
112021,0.00043223406901582076
112024,0.0008001514977649787
112028,0.010811919147070501
112031,0.001165287581558839
112039,0.0008001514977649787
112046,12.992657982264959
112049,17.00373837480174
112066,0.01630109757212823
112069,0.00983793138706591
112070,0.000745019004209559
112071,0.0006063190374410355
112072,0.0007095239129374353
112076,0.0007389367311288448
112077,0.0006924800573970731
112096,0.3486096835481661
112100,0.00047935197159496544
112103,0.0006411891297438125
112106,0.0007632747887960493
112119,0.000669942936660058
112120,6.975494552747632
112123,0.0008551152701544637
112129,0.001264659217858053
112130,3.6680137325584212
112133,1.2251980672128315
112138,0.013820643271920948
112139,17.168075636309236
112141,0.0008353893729197079
112143,0.028684074528832055
112156,0.0008286116807688796
112162,0.0006802130392215211
112169,0.0043352236213311844
112171,0.0006860924832485036
112172,0.0009809857351355208
112196,0.00066563153561071
112198,0.0008740233686827036
112199,0.0006236565186264706
112206,0.17564060368062226
112208,0.0006860924832485036
112209,0.5278938581211974
112214,0.0007855424521846106
112215,0.004817306000129659
112218,0.0015356241301534997
112221,20.132013202709448
112224,0.0004414895794701078
112225,0.000519844331097604
112229,0.005151644651159864
112240,0.0007982789804794971
112246,1.1568059973818907
112254,0.6919392567137412
112256,3.187600749515845
112261,3.28026000134417
112269,0.0013566871802840527
112270,0.08487105569572653
112271,0.0006671124245912401
112279,0.0004526182757120789
112291,0.0007828669031499563
112293,0.0004243684320962774
112296,17.3715540947093
112300,4.836186223133306
112304,0.0018175160969379624
112305,0.0016102587564527687
112310,0.001029895192980235
112317,9.33523957311648
112320,0.0009143256047865385
112339,16.696506478007258
112342,17.048179680978546
112362,0.0009131021230423484
112364,15.282572703679056
112368,0.0012318983047992333
112369,0.0006964846180494294
112376,0.0007724634414365576
112381,0.0006946812122521147
112382,0.034229491624161806
112385,0.0005135300570173316
112395,0.0007343497188658224
112396,0.0007739724220626761
112397,0.0008464316383791807
112398,0.002771416569851257
112400,4.1150318004418605
112405,0.0004508486774785602
112409,0.006100002501408588
112410,0.0008374900083677476
112419,0.0004648156350213151
112421,0.0007654316831082343
112426,0.0004377842009862274
112429,0.0008254329098684816
112430,0.0018389131138608743
112433,0.004115460492596472
112441,0.6228430644025555
112442,0.06121766877137842
112443,0.0006704507125048308
112445,0.05934689020459564
112447,5.443486302354412
112452,0.11105770640781368
112471,0.0004173528115888513
112480,0.0010970607565226453
112487,8.48314359396101
112489,4.430387401842691
112506,17.57473211615759
112508,0.0006795043004193087
112514,0.0008001514977649787
112516,0.000591632297563059
112518,16.39088738100451
112521,0.0006369046791852219
112526,1.7717127523067062
112529,0.0006264093954173179
112534,0.0007612262882594033
112536,0.0007903732637535646
112541,9.915981187844487
112544,0.000638430069508045
112564,0.0064037788343027785
112566,0.0006248751055232735
112573,1.6201581187389564
112579,0.4495932810665561
112581,11.214299222629272
112585,0.0003588444144673624
112590,0.0006265988354420681
112594,0.007711255412238735
112595,0.0010462539576470485
112598,0.0011177421996265333
112600,18.96659002763964
112618,0.03265175070638691
112620,0.0005044763830924809
112631,16.83302220915057
112632,0.0007403133987714118
112639,9.281583913956466
112648,0.001168101923752708
112650,0.0715737112632997
112653,0.0006945588534244933
112656,0.0008591903725963948
112657,0.0006337929625424975
112658,0.0006804293974115395
112660,0.0007612262882594033
112669,0.0004083771273272701
112671,18.826400031743383
112675,16.552952299672114
112684,0.0036520610014209058
112686,0.00039563921020088343
112690,0.000480140224892852
112699,17.37900901045031
112701,0.0021449106137937006
112703,0.0011137293665844298
112708,0.0036612771926211214
112712,0.0007434952646911957
112714,0.0709832846114669
112721,2.395578073408316
112722,0.006749589089304869
112724,0.08348385115155568
112734,0.0010626103162135873
112735,0.0003958568421256862
112736,0.0006860924832485036
112737,0.0006830310406624305
112750,0.030923897602350554
112751,0.0009508631043173074
112752,0.0008647435701516703
112760,0.006489043254981871
112766,0.002073445183331932
112770,0.0006150215171485268
112775,0.004714659270047677
112779,0.0009676449031408741
112782,0.00047729070742414775
112786,0.21752278373236184
112789,0.04677273938013244
112790,0.0006817329131873454
112796,0.0004526182757120789
112804,5.5812842255376065
112813,0.0015270765709780782
112814,0.0006891732309168585
112817,0.0010966798368461082
112819,0.016734967847279653
112822,0.0005517068385151028
112824,0.0005006670171943688
112825,0.0008240383155043811
112828,0.0006771440766926795
112833,0.0024731413788648383
112835,0.004779749254189292
112846,0.0004259378073642953
112850,0.0029795602511781183
112855,0.630728961210409
112857,0.0007307371838583282
112859,8.236253443388179
112862,0.0008131259924891703
112868,0.0006229893142906835
112874,0.001077939691175781
112883,0.0008108378235206166
112885,0.005300399804275513
112901,0.0008167772482803974
112902,18.519309306730655
112910,0.0006212457133735419
112912,0.31175491514114106
112919,0.0009465505626565307
112922,0.0007192968580729793
112929,0.004186703101589343
112930,0.0008451178191226144
112937,0.0004489188440546378
112944,0.268979110309708
112946,0.00090994949875513
112952,0.000528210950266282
112954,0.0012800165193577683
112956,12.962261251318973
112957,0.0008001514977649787
112970,0.001173775634380106
112972,0.0006508233313975763
112978,0.0011304719965382327
112990,0.4342685282568536
112993,0.00045701395059905003
112995,0.0006260867826089404
112998,0.00045701395059905003
113004,17.01829384076611
113005,10.498698990803149
113006,0.0015159209486162104
113013,0.5504268813917002
113014,0.04741153741852584
113017,0.0008667453977567064
113022,0.010578477836205104
113023,0.0007476960859473492
113028,0.000596635223198137
113030,6.816628007504758
113031,0.054136997544393474
113042,0.0008033416198626533
113055,0.0013721525917901535
113057,14.041594424091628
113062,0.013487662412932675
113071,0.000775419728032798
113076,0.0007982789804794971
113082,0.6894907435853744
113085,20.580819162107247
113086,0.00046965392684286146
113104,0.11884652200717741
113109,0.0006413616813067428
113118,0.0005903342341683304
113133,0.000575126724435214
113138,0.000986400019620081
113143,0.0012563454600832196
113150,0.0017005277572736612
113151,18.741060999501386
113152,0.13151881132330887
113153,0.011197431463278949
113156,0.06847586952814737
113158,0.0007259978976012886
113159,0.0004780420646563027
113163,13.012194123535718
113165,0.029260164376971477
113169,0.00043060105264513865
113175,0.0008218856404128552
113176,0.02882930085020089
113178,0.001122877284055992
113185,0.0010599505719981197
113187,16.393826383354483
113188,1.6463980061839414
113192,0.0004508486774785602
113202,0.8268016089760767
113206,0.0006080567524222307
113207,0.000776464454182649
113210,0.001449666995497317
113211,0.0006690647180976651
113212,0.0005866843644938499
113213,0.0011156508702447438
113220,0.05555229204555414
113232,15.88446491462222
113235,0.007298312270656432
113236,0.006546644523562267
113238,0.001834232772862603
113239,0.0008079808711679022
113240,0.0003588444144673624
113246,16.252948787612787
113257,0.0006688893034778717
113265,0.39495436316311794
113267,0.0008353893729197079
113268,0.0005605926690005538
113270,0.0004419575448019153
113287,0.014422634567983705
113291,0.0004217869929862013
113297,0.0009781058469413623
113323,0.028489421853339136
113328,0.0008177934973157836
113342,13.180984338072449
113343,0.002484688771913134
113344,5.651413714372635
113353,0.0005971343517041688
113355,0.00047314053541689185
113361,0.0023437387219990067
113364,0.0007028169230705907
113366,0.0008647869477988099
113369,1.2613837870411873
113383,0.0007935673666505528
113388,0.0007466171171208056
113389,0.0009029602794030474
113394,2.8376096816247465
113395,0.00040352592742970916
113398,9.305106849750969
113400,0.0005801204137485318
113402,0.0003744577356452316
113409,0.21072238973206697
113412,0.0006235509735311427
113414,16.244358531216186
113416,18.90936735007962
113418,0.0007466171171208056
113421,0.00042638150394522874
113422,0.00044969492576817213
113426,0.006633346826986875
113427,0.00043072767741167433
113428,0.0007982789804794971
113429,0.0941134724761045
113431,0.0008806971563229739
113440,0.00046626588671034414
113446,0.0007466171171208056
113464,7.923316541653165
113465,0.001195405399734209
113466,0.008142530233589214
113468,11.991433156986636
113470,0.0005895894321132907
113474,18.09105751634642
113481,0.24220301622212298
113489,0.00060009683836498
113496,0.03977735670417082
113498,0.0006194798234050179
113499,0.0019832380792028015
113502,0.0007224984806377549
113505,8.149689762874848
113507,8.236262730857153
113518,0.0007401880384891925
113520,0.0005279693367495512
113524,0.05369099003999765
113528,0.008104524083688463
113539,0.5276706558005231
113551,0.0004250880343537009
113562,0.0019246994894652255
113563,0.000518858062588971
113570,0.001070272663936053
113572,0.007513075986638343
113573,0.008330643736873086
113578,7.052370205113337
113584,0.0006272432758737412
113619,0.6410917021400621
113622,0.0008001514977649787
113626,0.00038977957573236514
113631,0.006870745807360834
113648,0.0005268119084310397
113650,0.00043074261834461495
113651,0.0007140209295570598
113653,0.017960542059171327
113654,0.16082878747159807
113658,0.11826632214851807
113663,0.0005702681308502754
113671,0.0022906326569029677
113672,0.0008769053592957467
113673,0.01095172865543675
113683,0.0005818357497853032
113696,6.734673198043927
113698,0.0008591356647992805
113700,0.0006453675324227453
113710,0.0005901146421706902
113714,0.000596635223198137
113721,0.0005807036673757832
113727,0.0004272483863557479
113739,0.22447406992109556
113741,0.0007203400843113851
113742,0.0010395616237728936
113749,0.4088743801282145
113751,0.3645891218284269
113754,0.0005503603964820162
113766,0.0007063477331281739
113786,0.0007556333450402936
113788,0.0008193242724423823
113790,18.01469812925626
113796,0.0005413786125601195
113827,17.117665726223063
113830,16.632293939460517
113835,0.020655535716410184
113836,0.047230852137851546
113840,0.20744358858990922
113849,0.011474511436568035
113851,0.005727629514113075
113858,0.004708623466471953
113865,18.38786933149437
113872,17.886717363697137
113873,0.0010139623812518788
113877,0.0046637843790077625
113880,0.0007046885126008766
113883,0.0005268119084310397
113884,0.0010396267012410846
113887,0.0010139623812518788
113889,0.0007444454454998496
113896,0.0060285303699709174
113898,0.0007673959483908667
113914,0.00043957301875933075
113920,0.0008842539452112707
113926,0.001298093487675793
113928,0.006755961554841193
113944,0.011105142031444295
113948,0.001284330627508988
113956,0.00089227089101613
113957,0.0007063218078553522
113958,0.0005360898091255499
113968,0.0010083088844337965
113977,1.9081765488209672
113993,0.0005919125397829978
113999,0.00054698672860255
114000,0.0009163914676633522
114003,0.0008167772482803974
114004,0.0015461940292770828
114011,0.0014762748349685735
114017,0.0003985402892299295
114019,0.003840684386939259
114022,0.0003641178171981676
114027,0.11503850289743571
114028,0.0009280441162385035
114032,0.0006635017783428123
114035,0.0006151526847986228
114039,0.0006983133573134684
114046,0.0007322612046898453
114048,0.0017930523157247934
114055,0.0004149536976769284
114056,17.08967714369647
114061,0.0018074390221488996
114062,0.0006406732895199508
114071,0.0006150808247678606
114073,1.9184822698126769
114078,0.00059820132755056
114083,0.0004450637398926495
114084,0.0006313081105788935
114089,11.052607500985264
114095,0.0005327489354331769
114108,0.003138012527981364
114111,0.0004730792827828706
114112,0.05067402791061228
114113,0.0007700279284799414
114118,0.000638430069508045
114121,0.0005320502273284922
114122,0.0006228007720940591
114123,0.0008842385425645333
114128,0.0004688250433755809
114129,0.0015598799490368742
114130,0.040533048808858406
114131,0.05113914472030252
114134,18.35573540002808
114145,0.000785964634777987
114148,0.003046040469957717
114154,0.0010274524032685161
114156,0.009512492318141346
114159,0.0007360544402589014
114175,17.73493238123445
114181,14.974309977071693
114184,0.002082703705795564
114189,0.0009163914676633522
114190,20.11517971275094
114192,0.1674473220363222
114206,0.00044569606287165887
114214,0.00043060105264513865
114215,0.0005907653843917923
114230,4.125250983612775
114234,11.554684177488253
114236,0.0007982789804794971
114240,17.159923085228055
114266,0.000992910375394879
114267,0.0007549524580294598
114268,0.0006990178089082596
114273,0.7502590892298048
114283,0.0006900015467027433
114284,0.0006650156046880879
114285,0.0006443323983246544
114287,0.030802559646533452
114289,0.000632910582772682
114291,0.02053598748921682
114293,0.18035016145506214
114294,0.10606248880012499
114302,0.0006260867826089404
114304,0.16585996687212406
114305,0.3838711683059101
114307,0.0010359278585493259
114311,0.006991880499078999
114312,0.0010244291842579144
114320,0.0005613576548940629
114323,0.005302320076877542
114326,11.23206453926433
114331,0.0014754809796211383
114335,0.05186296370607896
114336,0.001584367330631584
114338,16.94225344529851
114339,0.0007873567365018931
114340,0.0006292188687758201
114346,0.00041903612086024165
114350,0.001590140028753555
114352,0.0008596922769490668
114365,0.0003853452967049539
114367,1.9384401924792816
114371,0.12344580979835003
114374,0.0008286116807688796
114376,0.0006611685361620485
114383,0.0006712383336027218
114387,0.0004815679354456301
114391,0.0004993159206381074
114393,0.0006203644635834098
114396,0.013478522855622982
114399,0.000923499887515242
114401,0.035055268047200015
114408,0.00040710150361126206
114411,0.0009837476191339157
114421,0.004999497208375183
114422,0.00046230223049768566
114429,0.0006187957650769209
114432,0.3694555391602269
114436,0.0005450205529860016
114440,4.261992573554474
114441,0.0004745323304242365
114447,17.510008450296024
114455,0.001303290833026998
114457,0.3240515040304952
114458,0.00041385751802716886
114460,16.070012538614574
114476,0.0004528872067610373
114495,0.0008423246236779946
114499,0.002596479324673442
114505,0.0024769663229645897
114506,0.000371737517870926
114511,0.000442678732229697
114519,0.0005665716504242809
114527,0.000422043443470075
114529,0.0007077721879743434
114533,0.0005971343517041688
114550,0.0012354595202597358
114553,0.0005493868113839994
114560,0.004868390316474793
114564,0.35299911458346334
114570,0.0004312238484704338
114573,0.011776950782035247
114574,0.0008215590452153975
114577,17.855007297334588
114594,0.004325170873395189
114607,0.0027771705766293396
114608,17.305380034484003
114615,0.0011679686891371455
114617,7.6440432575094395
114620,0.0022572723833255226
114622,0.015795963898681032
114631,0.0004280991189234651
114639,0.0012024686112789246
114658,0.0008534819841111314
114664,0.0005827631285396533
114687,0.0006350566364959994
114689,0.0065365849066764915
114690,1.4024688606974212
114699,0.2597249416662228
114704,0.0025132792334595293
114705,0.0006007502964754214
114707,0.0006747025987983087
114710,0.1992296425886207
114711,12.125552654618755
114714,0.0004688250433755809
114721,0.0007080288010091691
114726,4.1558731329119505
114730,17.448402846104138
114733,0.1375817090430865
114735,7.197765913066739
114746,0.0006270258092673884
114747,6.863257720595269
114769,0.003878742389366608
114770,0.0008001514977649787
114781,0.0007653039980742638
114789,0.0005895894321132907
114791,10.64140595122259
114792,0.0058109681140848515
114799,0.6228430644025555
114802,0.06855238410255933
114808,0.0007771245533842061
114816,0.005536766779964776
114824,17.034888209823606
114845,0.0005641547562696844
114873,0.21054404532478377
114881,0.45673322062864125
114883,0.0008319958190239474
114889,0.0004953886971930744
114892,17.40286505428167
114895,0.02215890602144946
114897,0.08779598174692016
114899,0.0006027544647785679
114900,0.0005720131051994391
114904,3.585420763392753
114913,0.0004435301737651557
114919,0.0006080418201986789
114920,0.07128739946337825
114923,0.015709700979822612
114928,0.0006365957938475633
114934,1.2699490432582787
114944,11.274418890279922
114957,0.01118988859387451
114962,0.009284626980562451
114965,16.918484172208135
114971,0.0006439734691617724
114975,0.0007815739045852323
114980,0.0006113340317289176
114983,0.0007240516913007075
114988,19.785999267951233
114989,0.00578190000391369
114992,10.507039424253259
115003,0.02288327698009323
115004,0.0004435301737651557
115010,0.44347310862031974
115014,0.0007688317187924258
115020,0.0005941669171164855
115022,11.709621357882332
115023,0.0009450359491957828
115026,0.0006647602959831223
115031,0.0013016785208618494
115041,0.0006593372869472792
115044,17.41859328088385
115048,0.005914807115265047
115052,0.0010949773126663449
115068,0.001084649362586318
115069,0.0008122584020777924
115073,0.00088779847580582
115080,0.0006854624686500927
115084,0.03519888916738349
115092,0.01852712562039967
115093,0.16102263259067903
115096,0.0004528872067610373
115100,0.03583921721932668
115104,0.0005585639561265054
115110,0.0006503300014695072
115112,1.3089446851072422
115118,0.0005625941284344856
115120,0.0018157102585272
115125,0.0006774665243289938
115137,0.00044268558564019314
115138,0.0004272483863557479
115142,0.0004688250433755809
115149,0.0004272483863557479
115150,1.842777197354239
115153,17.322763649549568
115154,0.0004435301737651557
115159,0.057549616756800946
115160,13.593914647827457
115163,0.0006460023394658006
115167,0.0008618477923701637
115169,9.117704597064547
115186,0.10286480323615117
115188,0.0007458020312687026
115190,0.015514104258772421
115203,0.002143174714222747
115205,0.14516447477328298
115206,0.049809176095293325
115207,0.002115439535715868
115214,0.0008193242724423823
115217,0.7076867270990291
115224,0.0007323762855925722
115227,0.05387142690168534
115229,0.0005131195465800035
115238,1.6722800581054464
115246,0.004563115827435242
115268,16.473726426638954
115269,0.0009893773002160788
115274,0.0007498064178230654
115284,0.0008247450757136399
115285,0.0015348334861887316
115287,0.0005605658381675224
115289,0.0008994275539141774
115291,0.0009805490890979832
115293,0.0006619847555693027
115294,0.001387798457395724
115303,0.0007908567529016175
115306,0.0005906099392226213
115310,0.0014720527920737806
115315,0.0007032259991184747
115316,0.000623378072159524
115317,0.031383666301416854
115318,0.0014494764129053643
115322,0.0008238596350135692
115325,0.23057863222701674
115327,11.520771527545408
115329,0.001236183380217043
115331,0.0003958568421256862
115334,0.0020848587691040003
115336,0.00043060105264513865
115337,0.941327312960668
115342,0.0024449906886324273
115344,1.7847556928723805
115346,0.0834677221400268
115350,16.987094534514135
115354,18.145369410431265
115355,0.00042470260389601176
115357,1.7288543012889328
115363,0.0008740233686827036
115365,14.061373905551374
115383,0.1164614072762145
115386,0.27863293906349507
115389,0.0008139916686477315
115401,0.0004377842009862274
115403,17.21602791407791
115407,0.000526375627801386
115408,0.0032983561486245204
115421,0.051958979371955205
115449,0.0006634800148616325
115456,0.041100450138831214
115471,0.0004281373825445651
115475,0.0004166001305857669
115476,0.022255598117115145
115477,0.0005867626274475
115479,0.0006146989005450468
115502,0.0010345170263838252
115515,0.004868390316474793
115517,0.008483949183270644
115525,0.0008894655691967671
115531,0.0006786573144846084
115539,1.78349794424351
115542,0.0005607306539725054
115552,16.785373138365525
115556,0.16545383696169563
115558,0.0005500628183639784
115564,0.0016021904164988097
115566,12.521823525580078
115569,0.0007467421736724576
115581,0.0004648132718804218
115582,0.033003665752641013
115584,0.0006943584784102234
115590,0.004868390316474793
115594,17.755669646401124
115598,12.911659882422422
115604,0.0006671124245912401
115619,0.002101403211937852
115623,0.10111139176495065
115626,0.0008192216708370245
115629,0.00060021105595839
115634,0.0018532584012886893
115636,0.0006943599374122017
115637,0.0013851187492030096
115652,0.02581753357701084
115656,0.0007305896330003104
115670,4.672755902463072
115681,0.0009070931629821192
115682,0.0011668228037142697
115695,0.004115460492596472
115696,0.0006308458526659954
115699,16.84184679056441
115700,0.001080638238712479
115707,9.184017757226806
115709,0.0007823264335612064
115738,0.0004766135250533021
115740,0.0008756486302756632
115749,0.14078172520218998
115759,10.26962007528736
115763,0.0015440688016465556
115772,14.643520021691879
115773,8.02431030982905
115777,17.610347442189333
115778,0.0006843046910646069
115799,0.0006891732309168585
115800,0.0006603489559593071
115803,0.0010284662264403222
115811,0.0007349466819822177
115814,0.0006879018944411042
115823,16.82540227563924
115838,9.870837396225404
115844,0.0006652944128947702
115854,17.741988663549886
115855,0.0011529081119928976
115859,0.0013802550438740332
115860,0.0006399612207710363
115861,0.0008204665537866588
115863,0.0008167772482803974
115865,0.0005743051374485916
115866,0.0006801143177779282
115869,0.01946258806569085
115876,18.096849229838547
115879,0.0007060633349499048
115887,0.004160060392912692
115894,0.17889768741146245
115895,17.96188288322598
115902,0.0020795753624113606
115903,0.0007067280380880455
115909,0.6589934443595483
115916,0.0005979250945811727
115922,17.283272683906294
115926,0.0007612262882594033
115929,16.688719300304733
115933,0.00182936854777018
115936,0.0025018238828374553
115937,2.505928531154063
115939,0.313985511138164
115958,0.04538892270802497
115969,0.0006779819538478967
115970,0.0011432428659824008
115971,0.005983309764290503
115980,0.0034957815494225837
115990,17.614405952478293
116006,0.0018205185384723797
116013,0.0006456553144228442
116022,0.0008385277441197885
116027,0.008176646297344678
116032,0.0004528872067610373
116034,0.10050344196717982
116036,0.006645569551978335
116042,0.0011589970201763193
116044,0.0008086208981603245
116053,0.04301407972958223
116055,0.0006580623913492718
116062,0.09697896175138568
116068,0.000798786292333063
116070,0.0008167772482803974
116074,0.0008048555819440339
116077,0.0005357575159660632
116088,0.0023839568340183843
116089,11.732135399236864
116096,0.019458568546817594
116103,0.005122703846632088
116105,0.0003937170565347918
116106,11.680397145578501
116108,8.061177780376271
116118,0.0008703633443765499
116120,0.0008001514977649787
116132,0.009115303178752645
116142,0.005512819038607511
116145,0.0008167772482803974
116146,7.27755262198512
116153,0.0007982789804794971
116155,0.002716737204202422
116162,8.481091433673376
116168,0.015837483963323858
116173,0.2973360999369835
116177,0.12498910741825286
116187,0.0008539910889761342
116189,0.0007612262882594033
116193,0.0008838718809105322
116194,0.0005778165338449294
116207,0.000713889070958457
116213,0.0004766135250533021
116220,0.11443311742865406
116225,0.0010749072942659046
116230,0.12352051807820001
116237,0.0015461940292770828
116238,0.0008329743435398574
116239,0.000924790565478299
116249,0.0010396267012410846
116280,0.03411331011361346
116281,0.0016879898244679318
116282,0.00638798299743699
116286,0.009662989540462538
116289,0.0011274325318311245
116295,0.002067059913286001
116304,14.630441236530453
116305,0.00369582835330162
116310,17.015920417966665
116312,0.035433652035695845
116313,0.005205039697563941
116331,0.010396678935603976
116332,0.006100002501408588
116342,0.000692101228764669
116344,0.002011937925190023
116348,0.0004267949815684476
116357,17.784072230497017
116379,6.949038327476524
116380,0.0007360065492669225
116384,0.0009797587328773786
116385,0.0012457454542902813
116388,0.5205683783372241
116390,15.094515860498472
116391,17.961396614608102
116394,0.15730877243862157
116396,16.750659691455873
116402,0.07293899899700593
116403,0.0004575470986128281
116412,0.0012557126414451693
116416,0.0006330030865014932
116428,0.1356199263051095
116434,0.0007982789804794971
116443,17.13883921677961
116452,0.0006304233308147528
116454,0.006478580842938199
116457,17.20873139007285
116461,0.0004815679354456301
116462,0.15905021970036146
116485,0.0006901674661777331
116489,0.0004083771273272701
116494,0.38898037785674144
116508,0.0007894673665557949
116513,14.883581051927814
116519,0.035459638529395196
116520,0.0009647993056277969
116528,12.017173993550598
116529,0.000703453606143908
116536,0.0006528806903262088
116541,0.0004377842009862274
116542,0.0005875892028011843
116543,0.3370937744915422
116547,0.0008193242724423823
116548,0.0006720245505737171
116551,0.0007612262882594033
116556,7.160461328597006
116562,0.01950937287230155
116575,0.00044836407851007765
116577,0.0016371689860291527
116586,0.005353871566003521
116602,0.0016974810592473495
116604,0.027883994241022263
116624,0.7865131703234439
116625,0.002481207694446412
116626,0.0010076344864823322
116637,0.0007981408692348286
116638,0.0021835341052455336
116646,0.0006102033432521686
116655,0.0007982789804794971
116666,0.0007290324871775616
116670,0.0007330804215244841
116674,0.0004521237461355674
116675,0.0010344545552691796
116682,0.0629346531350108
116687,0.0010071055711476293
116689,0.0006352247751782731
116693,0.004241778205575637
116696,0.0006757038130203786
116713,14.397684161142871
116715,17.635140777327592
116723,0.0019015989452408496
116727,0.0007960029811283166
116728,0.001241083925045563
116729,0.7914031297149318
116738,17.68363048023749
116744,5.773111619357013
116760,0.009046808989125518
116762,11.74609129516627
116764,0.0006088517270734531
116767,0.0006420611317935105
116769,0.0012162538187967765
116776,0.009272079576131903
116778,0.0010755787130006845
116784,0.0010830323605717665
116786,0.021088256313720292
116788,0.0012600085831311583
116799,16.980464179659883
116800,0.0007063218078553522
116803,0.0004935120966464522
116814,0.0005992598906931922
116819,0.0015461940292770828
116823,0.030660763809653085
116825,0.05558321988463
116828,0.0006260867826089404
116836,0.11321982086488272
116838,0.00048068237403125135
116844,1.041862945227267
116846,0.003932076618022718
116850,12.504874099199787
116855,0.0004815679354456301
116863,0.0005503074283597759
116864,0.0007129569063269364
116871,1.2234270076625462
116872,0.0004283159680084655
116873,0.000604286268711848
116876,0.000879543722411804
116880,0.0004701430622806241
116882,0.0017556239682557108
116884,0.0006177139163152727
116890,0.0007673959483908667
116892,0.0008194472764992021
116897,0.0006007259570785372
116898,17.50698343177196
116905,0.00041617460454781605
116906,0.00079678133234585
116913,0.0006468824259650045
116941,0.0004769739034377389
116952,0.11916997420211708
116954,4.227349046644742
116968,0.0018205185384723797
116973,0.0011679081257693453
116977,0.0007754237339494657
116980,0.001468121261206401
116982,0.0006438265070943953
116986,0.006386598845725634
116988,3.3511309143590546
116989,0.0006953847493497696
116995,0.0009483532002778749
117004,0.00047486871112647686
117009,0.0005957386946888428
117023,0.0005918520227657138
117026,0.0004410370552116051
117037,0.0004261853744299628
117050,0.010707748649734736
117052,0.0009110246154540546
117054,5.711863723545585
117057,0.0006821853681714103
117064,0.0012494895673875015
117066,0.0006990178089082596
117067,0.00037092318079346765
117068,0.0006542762207140545
117069,0.0006278169994328632
117077,0.00047314053541689185
117092,17.184997463625468
117102,0.529244966665061
117103,0.0004411681889735548
117105,0.0008399642942401948
117108,0.0005586405757078297
117127,0.0005461140847746709
117134,0.0006797948584602152
117151,1.172784260026948
117155,0.004405429880896659
117160,0.0008963902257598918
117163,4.638503271773318
117164,0.0015461940292770828
117165,0.569525712630613
117167,0.0005980263253779378
117171,0.005947293149875357
117173,7.046096831519932
117176,0.014835890654377676
117180,17.023685522076413
117183,0.0004173528115888513
117184,0.022682884778411645
117187,0.0008001514977649787
117188,0.0004243684320962774
117201,7.43771100202174
117217,0.0016304211850367543
117219,0.0007085335284917819
117225,0.0009853028349979484
117226,2.110091526017452
117242,0.0015541753662228581
117243,14.909344535754247
117244,0.13116574251943297
117251,8.148387024920863
117254,0.01743397794014979
117257,0.000621931786752189
117261,0.0006425783799087904
117264,0.0023488096681061194
117265,0.4315918296791622
117267,0.0005636319294101011
117270,0.0006194798234050179
117271,0.0071070054321884565
117276,0.0006694377900640114
117278,0.0006863601120378098
117280,0.0007929159162507009
117284,0.000702859237810411
117293,0.0007403133987714118
117307,0.0005524927687457948
117312,0.0004200767536113849
117316,0.00043060105264513865
117317,0.0004127253952360721
117319,4.797593888838959
117320,0.0008492095802360826
117326,0.1454037333764174
117327,0.0036131186193451444
117334,0.0031430194041399255
117338,0.001183449285888397
117339,0.0012600085831311583
117341,0.0006714439380103392
117343,0.0007126589788797909
117359,0.0017015840472880011
117360,0.0005258324709138066
117362,16.699403303890584
117364,0.000595360678010818
117366,0.0006085351572131202
117369,0.000671093912968615
117372,0.0021691797713349874
117373,0.005560454359826847
117377,0.0010248140067897742
117378,0.0005524927687457948
117388,0.003547609428990646
117395,0.0009837476191339157
117405,0.0005743331422509042
117406,0.0009928648213161143
117413,0.0008797629579664253
117429,18.34163189475824
117433,0.013483140702751622
117439,0.0005999020789293764
117441,0.0010054475573484923
117444,1.6976519815471878
117447,0.0007128339217473441
117448,0.04577941415016258
117454,18.53511076042262
117472,0.0007403133987714118
117475,0.0010244291842579144
117477,0.0010371230552562898
117490,16.83398996555918
117493,0.001205142876637588
117494,6.378359417562757
117500,0.0009513553065017265
117503,0.0005129829841247345
117504,11.82361448479614
117506,0.0004427150344385775
117507,0.0006886947332519848
117511,0.006489043254981871
117515,0.0006913822576989366
117520,0.004508159446443416
117523,0.0006985192095734193
117530,9.458245523877656
117534,0.001123273922587838
117542,0.41944522464159784
117550,0.0004845354184321407
117553,0.0006111719550496999
117559,0.0006410336594783398
117569,0.0005646285550491611
117570,17.259661433835586
117573,0.022150548656759673
117579,0.0008256424371635219
117584,11.787352117929697
117590,0.0004868041192163502
117595,0.00040710150361126206
117596,0.013472233274570655
117597,0.0005906652077236036
117602,0.0004528872067610373
117610,0.000907159284546733
117613,0.0007063218078553522
117616,1.7922892548995075
117618,0.0007055119418327965
117619,0.0006449208644603259
117641,0.0006694392867218265
117643,0.0008254329098684816
117650,0.0006090960255066985
117657,0.09497457264000884
117661,2.30297169732415
117670,0.7147267308995086
117677,17.600206963998215
117681,0.0005102041752110844
117693,0.0008582324059997039
117694,0.0012884086243852317
117700,0.0019246994894652255
117701,0.0007664882281522485
117704,10.960763414212563
117709,0.012987934281006489
117711,0.0005623207921546519
117714,0.0006384237466943155
117715,0.037607050842121736
117716,0.013968466028951076
117719,0.0006364520534419251
117727,0.00045701395059905003
117734,0.00061409269367388
117735,0.0013566871802840527
117736,0.00041226238160211844
117740,0.0007682997460704524
117741,0.0006879599236279176
117756,0.0009097189650242143
117766,0.03861562584410045
117769,0.0004526182757120789
117775,0.01826929048277106
117781,17.378636102988956
117792,19.425139220406063
117796,0.0005273717405895301
117801,0.0007126589788797909
117816,0.007912756380125573
117826,0.0005817716136296791
117829,0.0006891732309168585
117843,10.556529230797521
117847,5.326998010372716
117848,0.000480140224892852
117858,0.008796222447508478
117859,0.032063613398920096
117863,0.5242119763812025
117865,2.7431822803886625
117866,0.0007107667845950656
117871,10.356334949280182
117884,3.6985472795821535
117887,0.00043435077185723846
117890,0.0013259413777764288
117894,0.0015565255704768463
117905,0.000786162160480976
117909,0.0059001374541914845
117911,0.09096667420303844
117915,17.025617952705804
117917,0.2260813079289794
117918,0.0007305896330003104
117927,0.0005911897902390887
117928,0.08552598243569616
117929,0.0009987633742791209
117930,0.0009392983220695171
117931,0.0004250880343537009
117932,0.0059001374541914845
117937,0.0006165751587417186
117940,2.767981787449256
117944,0.012014659011511549
117948,0.0005971343517041688
117956,0.026563336268985455
117963,0.00041742699845797264
117965,0.05719147241860563
117989,0.0007908567529016175
117990,0.00043060105264513865
117992,0.0023797502184707024
117996,0.007202244584104621
117999,0.0004217869929862013
118002,0.0006048467005208347
118013,7.312057864052415
118018,0.0006230382694870772
118021,0.17681829453922968
118025,0.011385725989740261
118028,0.33196164158415986
118030,10.79941307367031
118031,0.0005265817417727285
118038,0.000513548841352885
118040,0.000551747531453002
118042,0.0015461940292770828
118044,0.0006919430285754881
118051,0.0004200767536113849
118052,17.62924377146601
118053,0.0005971343517041688
118056,0.0004378179903212569
118058,0.6744741719561266
118064,0.4212529070028954
118078,0.0017431619521666934
118092,0.005208731947973501
118105,16.43865226468719
118106,3.8028647966034512
118108,0.0012692966764515832
118114,0.0004376192614473708
118118,17.224589590152224
118120,0.0004006441716918858
118129,0.0004285060724381341
118132,0.0012521330899456123
118133,0.00046726748326693206
118143,0.0005625941284344856
118150,0.0009343449631399735
118157,0.02494275371368076
118161,0.0006180060910155749
118164,17.09249025378292
118166,0.014711174387214799
118167,0.0008244071510510205
118170,0.05109305048734277
118174,0.0006003263840828442
118177,0.000665193599079819
118182,0.0004435301737651557
118185,0.00169658932887369
118186,0.00535446392502094
118187,0.0008647435701516703
118191,0.0004435301737651557
118195,0.0007981408692348286
118205,0.0007138637141036179
118211,0.001308477226557063
118215,0.0004133032112312664
118220,14.551815785997135
118227,0.0009321291999510187
118230,0.011688057438128233
118234,0.0004769739034377389
118238,0.007113934922217499
118247,0.0006610271602051749
118250,0.0008537727747691189
118259,0.0005766313534623226
118260,11.727228265417576
118266,0.0008577339397742023
118268,0.0007956873903055236
118271,0.000721361715732629
118275,0.0006433669110075641
118276,0.0009143256047865385
118288,0.003977972153784981
118289,0.12279866100761924
118293,0.16694758363753412
118298,0.008933881001721303
118302,0.0009332818233901991
118304,0.0009855030337887218
118306,0.070822243811863
118308,0.0004173528115888513
118311,0.0006524414821424447
118322,0.000723165162310644
118326,0.03545062577632458
118331,0.0008254329098684816
118334,16.909539750604303
118335,0.0005807036673757832
118341,0.0012085525993067955
118342,0.0007153740570581236
118345,0.0007728204249999682
118347,0.001047874732587045
118356,0.00908244291889226
118364,0.000611362888680278
118376,0.007272335470824301
118377,0.0006817329131873454
118380,8.043215547311897
118382,0.0007949940997362577
118387,0.000596635223198137
118393,0.0007673959483908667
118395,0.0006219278235230585
118398,0.001431987773625541
118400,0.0050341838326297145
118425,0.0008527294890914588
118436,0.0006199767663466421
118439,0.001112379425449412
118456,0.0006251715786814275
118458,0.005968303387836071
118463,17.22692931529313
118477,0.0010283859463950992
118479,0.20642801562753177
118488,0.0005239933280370083
118491,0.0006612213979946196
118493,0.0005918520227657138
118495,1.6275386618780683
118499,0.005369577571277319
118500,0.006100002501408588
118505,0.0008389336922862143
118506,0.1222149567269517
118509,0.006100002501408588
118517,0.0004435301737651557
118519,0.0015002206525516503
118520,17.221173104282293
118525,0.0007329044252498629
118527,0.0007863834423201147
118528,0.0004427150344385775
118530,0.00046626588671034414
118537,0.15981330547939707
118543,0.16072179509915807
118562,11.16286567700661
118570,0.00045291316209220705
118576,0.0006000256392068481
118587,0.013988936515030975
118596,13.25050292739281
118607,17.651210297618317
118616,0.0008245071114613894
118617,0.0007846564609548265
118637,0.0006201591928993228
118658,0.000558455679695688
118660,0.007385169366130444
118662,0.009302887262424921
118670,17.399415637160246
118679,0.02156796212462455
118681,20.42049801540145
118682,0.0007059952318402621
118691,0.4110179360177265
118695,0.0007627614932174869
118697,0.00046112175222479774
118698,0.0007437997331979482
118699,17.12535213847386
118704,0.000698618027790626
118709,3.944278603775074
118732,10.378362252229586
118735,0.0011045145833018936
118741,19.253411584780842
118744,10.129453656463394
118752,0.0009383621182688332
118754,0.0004153774193637294
118763,0.010932945505543478
118771,0.0006706840174127861
118778,0.037781924593322413
118781,0.21184293197265477
118787,0.0005522242897483011
118792,0.0005841112579168335
118805,7.115596097091588
118809,0.0013532245130009818
118810,0.0007300837886283976
118820,13.852083102817176
118825,0.012868160726964142
118832,0.0007527871505338846
118835,0.0005137959971501859
118839,2.0909912328993987
118845,0.0009712333671759995
118849,17.577919376185665
118853,0.0007399985539269002
118854,0.0006860924832485036
118862,0.0022730132974818
118864,0.003280028307717986
118866,0.05446768484179846
118870,0.0012608756989946092
118874,0.0007105551777530403
118875,0.0016032218968071853
118880,0.007222607409486588
118888,0.0006650142695405236
118891,0.025417962646077756
118892,16.783281488231154
118896,0.005542957903718148
118900,0.0059001374541914845
118909,0.07347982795708217
118912,0.0017217972226066113
118926,0.0029996298958185784
118928,0.01296486607677003
118931,0.000484923047777828
118935,0.0006318931679391691
118940,0.017198167150454174
118942,0.000652919363205954
118947,0.0007638632130603176
118965,5.190651112502048
118969,0.0004205299842504797
118972,0.0006003263840828442
118980,0.0006891732309168585
118982,0.0005934787278759769
118987,2.4018372281309834
118988,0.0006891732309168585
118989,0.0005272200280472337
118995,0.09482790122228112
119002,0.00040524492289170774
119003,0.001061930289703766
119004,0.0008001514977649787
119006,0.02246070506750203
119011,0.2605277557894302
119022,0.0007950072959002512
119024,0.00726362203372917
119040,10.256240399002554
119043,0.03003305133000535
119052,0.0004037471705168558
119057,0.001590140028753555
119061,0.0004815679354456301
119067,0.0004361805093998631
119076,3.0025145305679244
119087,0.001160300395864131
119092,0.00041696956331438814
119097,2.8228711481965285
119098,0.0012174010210324181
119109,19.52471129490989
119111,0.002070237241892683
119114,0.0007612262882594033
119115,0.000456101897264651
119117,0.0006829044808195565
119122,0.06533340479025218
119125,0.0008355588023674822
119126,6.6856447439951285
119130,0.0004377842009862274
119135,0.0004200767536113849
119153,0.000747942307847578
119165,0.0005467714029048876
119168,0.0006919964701477633
119174,0.006880539469791391
119176,17.021951326443855
119179,0.00039564839150691485
119190,0.0014481781151906964
119195,0.5410975973472452
119202,0.0005911897902390887
119213,0.0009712333671759995
119214,0.0008087842086124412
119227,0.0007074384919563387
119231,0.0006159702613811686
119236,0.0007290440963692739
119255,0.0007379948616820914
119260,5.419395782841809
119262,0.0005646285550491611
119270,0.0035711445694496064
119273,0.0008716826096071712
119276,17.563103262947344
119280,0.0009604457172798601
119284,0.0004688250433755809
119287,0.0007078504706959048
119289,0.02799399592622822
119292,0.017340299525423233
119299,0.0005268119084310397
119308,0.006386598845725634
119309,0.019487137809583523
119310,0.0004216534723902177
119316,0.0004756815528865764
119328,16.979617749439516
119334,0.0007407460984428656
119338,16.66542120290303
119352,0.12608580389162452
119364,18.29363464861097
119367,0.00044748547268172185
119371,0.15287811578644725
119372,0.0006443348963062654
119377,0.0006141558466263257
119380,0.0024069453609172906
119384,0.007980275544671827
119393,0.0003744577356452316
119395,0.0009797587328773786
119400,0.0015082916321309064
119404,0.006698512392004677
119409,0.00599553701440139
119411,0.15982235032049597
119412,0.0035410202988911945
119416,0.8952837886951454
119418,0.0004521237461355674
119430,16.49184764441309
119432,0.0009033158444675622
119435,0.008845929983262425
119445,0.000653397857450758
119446,0.0008622874041497247
119448,0.0006544808074973027
119451,0.0008740233686827036
119452,0.0006891732309168585
119461,0.0007005117412722087
119464,0.0006383316343611887
119479,0.0006524414821424447
119481,0.0006151526847986228
119482,0.0007700325868574367
119486,0.10536659450005748
119492,0.004329407243553327
119493,0.0007032259991184747
119497,0.040134649492578
119499,0.00070560705067736
119501,17.312808616866533
119509,0.0005165505268778889
119517,0.0004166001305857669
119533,0.002194945051353425
119536,0.006489043254981871
119537,9.890299547189567
119541,0.0007208636039789669
119549,0.0004166001305857669
119552,0.0004427150344385775
119554,0.009391820689418105
119555,0.0007799002597724197
119557,0.017400893394123658
119567,0.0004526182757120789
119569,0.00043060105264513865
119571,18.164618324125826
119574,0.0009384409417816228
119582,17.276128238340505
119585,17.679534359284126
119588,0.0004166001305857669
119593,0.0015220288331064713
119607,0.020127395493095564
119609,0.0006632427419592234
119611,0.0006202891514144038
119616,0.0006684070286003094
119618,0.002928130906328955
119622,0.3045261410551894
119626,0.00218184803634161
119633,0.0004820147580036251
119643,0.004885225033592814
119646,0.0013854093112183256
119647,0.0007060633349499048
119668,17.260648169991242
119669,0.0010770505470482222
119683,0.24581190428763194
119692,0.0008622418002263077
119697,0.04333109754166222
119705,0.0005089390909194652
119711,0.00047225696628368805
119725,0.26748919900936013
119730,17.94085674851748
119733,6.717643116899834
119735,0.0004888388035916613
119746,0.0005625941284344856
119748,0.0005421658912022253
119750,0.004708623466471953
119753,0.0008136649290189979
119756,0.001152045757347329
119760,0.0014819077772246273
119761,0.0004688250433755809
119762,0.05639607535607849
119766,0.0006005478179973962
119769,16.55387758694686
119771,0.006502165838499492
119775,0.03874243432993505
119786,0.002012583391829479
119787,17.664771926592884
119796,0.00043072767741167433
119801,0.00042337053954412727
119802,0.0004688250433755809
119804,1.7011810779108898
119807,0.00045291316209220705
119809,0.0007907087837092597
119821,0.00041545314893456936
119829,0.0006241925944738888
119830,0.10876613006782576
119832,0.000631900533014384
119834,0.0006694847411043528
119835,5.798727437248731
119837,0.001310473724133612
119839,0.0013755454588343318
119842,0.000536615686053101
119868,19.959551611703816
119873,0.004175378307147392
119877,3.3571978021253486
119886,0.0007017062920397916
119889,17.836051756647564
119892,0.0013063202790303406
119893,0.0004068203962935989
119898,15.582853224647044
119905,0.0006818313637761849
119912,0.0010438405751446085
119914,0.08810262598952825
119915,0.0006626450582826527
119917,0.0007006345354321002
119919,0.0006919964701477633
119923,0.9636048295382121
119925,0.0007815739045852323
119926,0.0020011751208958307
119934,0.003624602970597991
119938,0.0007242358416544062
119943,0.0014239323544946233
119947,0.0004763002552332656
119951,0.006992436586782498
119954,0.0032672580692303227
119957,0.0005981326737949136
119958,0.003977713493694787
119965,16.202445269696625
119967,0.0006507989151743994
119974,0.0005713245348463205
119978,0.0003291062919062699
119987,0.0005918520227657138
120002,0.003853368466100124
120005,1.1543209541799977
120008,0.0014669530891257042
120010,0.0007793632260847251
120023,0.0007408272911408719
120025,0.0007490947713559613
120026,0.007638117670239355
120032,0.0006891732309168585
120037,0.00228158813752146
120042,0.0008001514977649787
120052,0.006880890078076111
120062,0.5827571849018928
120076,0.09330022490579729
120084,0.005158419631673313
120089,0.0006288689818412815
120091,0.0007426126552485411
120096,0.004862225591168558
120098,0.007720385870216434
120102,16.678296327946327
120103,9.705310072110825
120105,0.0015294654679577093
120117,16.310848122607897
120120,17.79185744739858
120125,0.0006901674661777331
120126,0.0008070872465405669
120132,17.52776628965878
120144,0.009023244189125442
120152,0.06128442883849398
120168,0.0010889198408182055
120173,0.011048854746523527
120177,16.724957649568623
120178,0.0004992645786824166
120179,17.3148643430143
120181,0.0013695683439408637
120183,0.0016652309481257365
120189,0.07374499165944717
120198,10.120047717685418
120199,0.033312075203782446
120208,0.0004413460992807246
120212,0.10019514154218231
120215,0.001026362112362831
120217,0.0005893539201398372
120221,0.0008193242724423823
120233,0.00605691344398083
120244,0.02877376215317906
120257,0.014265403670609824
120261,0.0005673104462720955
120274,10.815249104299753
120280,0.00042337053954412727
120283,0.0005664268871906473
120285,0.001282966626893953
120288,0.0005530619114830307
120291,0.000715358693383436
120293,0.004487445940291732
120296,0.0006891732309168585
120305,0.002529711801203291
120306,0.0006544808074973027
120314,0.0015461940292770828
120315,0.002182303040714065
120326,0.0004377842009862274
120337,0.0006646688381584642
120339,0.0007509105555462743
120347,0.0006892011681627984
120356,0.0005619936997875644
120360,0.0009068770741806351
120361,0.0030832855434030073
120370,0.0008118189819058033
120371,0.0006650755100520224
120372,0.0008167772482803974
120375,0.011989651279359446
120380,0.000559353141858114
120383,0.0012600085831311583
120384,17.592774082144224
120390,0.00040135892569732764
120392,0.002019473642290979
120397,0.0006860924832485036
120404,0.04535461530389396
120405,0.023400126745019092
120410,0.0017399358105563575
120417,0.0006184318567891749
120418,17.39852624030643
120431,0.30197023578488535
120433,10.392253749583606
120436,0.0008167772482803974
120454,0.010330434151691176
120466,0.2776686669242109
120468,0.0008910124520249552
120484,0.00059820132755056
120486,0.003638806807748174
120495,0.007970716485469053
120502,0.000480575946199791
120504,0.0007001080613559287
120505,0.0005624555536985399
120506,0.44890983254869504
120510,0.040382723343433624
120513,8.546499128437219
120514,0.0004250880343537009
120515,2.1208248335398685
120516,0.000524940578819126
120518,0.00045291316209220705
120519,0.0020848587691040003
120522,0.0007140671093401912
120526,0.0005101633936107415
120539,1.8408760892589853
120541,0.009772914174102369
120543,0.0080921034479322
120545,0.009739190180221503
120550,0.0004335537850786654
120551,3.795357417126462
120566,0.6185211121209793
120568,13.005693181291196
120569,0.1151282791785774
120572,0.12458872568320649
120595,0.000793380504631017
120602,0.0004421328730804208
120603,8.99493321043286
120609,17.72521497156309
120620,17.685708854270846
120621,0.004591443739245024
120633,0.0005419391479558276
120638,0.00042311527942952705
120645,0.0010723690992316909
120646,0.000364100410970851
120650,0.056577841290621336
120651,0.03265289092037411
120654,0.0005672444970298252
120657,0.00043060105264513865
120662,0.0007017062920397916
120672,8.392467917129807
120678,0.0005146308621764299
120685,0.00851038014301694
120689,0.000480140224892852
120695,13.886049003802336
120698,14.325673309759475
120702,0.0008553427785374408
120703,0.0013801911481344268
120706,17.554526741287905
120707,0.000886987177826677
120713,0.0007327746044182214
120714,0.00089821536402347
120724,0.0004521237461355674
120726,0.0006376377290304094
120728,0.001268878328521358
120736,10.73363043233526
120739,0.0004979714784418633
120744,0.8964761179283387
120753,0.0004803050221768931
120762,0.0011487253211417666
120764,0.0007751025609145312
120765,2.2517936870759607
120772,11.80797253378341
120773,0.000521669430688853
120774,0.0010784775676128838
120776,0.0007750809271014085
120778,0.0007657225107207581
120781,19.05277149753945
120785,0.013478522855622982
120786,0.0007055119418327965
120792,0.0006532179298834286
120801,0.047803809558353776
120809,0.11457863922613509
120811,0.6737475800346489
120817,0.5775011557590756
120831,0.0064995494687263376
120832,0.0004521237461355674
120834,4.374852056363636
120838,0.08050173797945331
120864,0.006893686340305181
120868,1.0283738766985935
120872,0.0007805187409672972
120873,0.0009126046831714078
120874,15.213004395250191
120877,0.0007612262882594033
120878,0.001449666995497317
120879,1.6598266668178951
120882,0.0005867046620574802
120883,0.004841747113368094
120885,0.0006433669110075641
120891,0.000826151496619657
120899,0.0020290319774212903
120906,0.0004166001305857669
120910,0.17050459402017554
120912,0.0007064918834040264
120915,0.011002568309953106
120924,8.345826905357205
120927,0.0010429291728636543
120930,0.000638304790761903
120936,0.014636756304261075
120949,17.06108770389688
120950,18.255058867180345
120951,0.0006994956227668226
120955,0.0010401558555868718
120957,0.0008659609602104266
120960,0.0006420602177528964
120963,0.0017431951134293626
120969,6.007700273553985
120973,0.009694182657174035
120980,8.1863721876817
120994,3.3974222005939594
121017,0.011301397788048109
121027,9.154411219257405
121034,0.01970625385947387
121035,0.0006877791505694126
121040,0.006489043254981871
121044,0.0006967279283580617
121049,0.0004377842009862274
121056,0.04486365376385101
121063,0.000590893080919968
121066,0.0005272200280472337
121067,0.030150978364099558
121072,0.0006433669110075641
121074,0.0027773092366926736
121076,0.0009928648213161143
121085,0.2528628685991434
121098,0.001354825723436666
121117,0.000452896775860751
121118,0.003540331522229344
121121,0.0005168912306627698
121126,0.0014708584148169065
121134,0.0005100338214254457
121154,0.001449666995497317
121158,12.580991489285285
121159,0.0005929641993936278
121162,0.0018105456694983923
121175,0.001994072239443066
121181,0.30066639608385765
121183,0.0008904096929963628
121205,18.8137289238003
121209,0.0011074474998220582
121210,0.00486699484374827
121218,0.0004828352695700184
121220,0.0006565149072466032
121226,0.0006230664514203451
121234,0.0008001514977649787
121236,0.9906631933052987
121240,9.977129131790567
121241,0.000617691633194732
121259,7.16779263959329
121260,0.0009712333671759995
121263,0.0006891732309168585
121264,0.0012480500869764585
121269,8.866876028700982
121271,0.0007743463306848648
121275,0.0007863802467125428
121285,0.0006020255739234894
121286,0.06186746286361976
121288,0.000480575946199791
121296,0.0004993159206381074
121299,0.000466527562157856
121300,0.000594413202410064
121306,3.7186072777197863
121308,0.0018263497668403218
121311,0.0007557883578444793
121316,0.03895759796384465
121332,0.008630441068569073
121336,0.0008219783640826015
121345,0.0007598247029268042
121350,0.0006041939500356189
121353,0.009105894099792606
121359,0.0011081522200035976
121363,0.0006516855079486742
121370,16.894680301330162
121371,0.0009196681628639326
121372,0.01039499698441579
121374,0.0008022349515127414
121377,0.0006325471511073777
121378,0.0010819704980907312
121396,0.0007140671093401912
121402,0.0004285060724381341
121404,17.311906344962978
121406,0.00037469385252501006
121413,0.0005621108796294908
121415,0.0004648132718804218
121417,6.335670090962475
121418,0.0005977603419465709
121419,0.0006495405354500118
121426,0.0010473041928064906
121428,0.0053310819820893175
121434,0.0008109938787626109
121436,0.001707152424696191
121441,0.0004599134021465341
121446,0.00083446682524438
121459,0.02604567172195757
121478,0.0011216500960203894
121481,0.06146185453608514
121484,0.0006860924832485036
121486,0.0005297005840091708
121502,1.4022063702115577
121504,0.0007295574843497961
121507,0.003446190320049757
121510,0.0009128527512624208
121512,0.46778708234579536
121514,0.0006860924832485036
121518,0.20305560135905795
121527,0.0004377842009862274
121530,6.769623286816712
121533,0.0004435301737651557
121535,0.08260816661630731
121537,7.706276559916144
121538,0.0005586278690949234
121541,0.0004432142654946988
121543,0.0012563454600832196
121546,0.268979110309708
121549,16.414656332041297
121555,16.07356279639792
121559,0.0010724610447121296
121576,0.0009651480176538507
121586,0.0007724634414365576
121587,0.5871814169014545
121594,0.001098568468345614
121599,1.4126728094130665
121619,13.292438753964325
121624,16.58236672476705
121635,0.007837348647685313
121637,0.0006146390198860891
121642,0.0005947340539813791
121649,0.005664643687283269
121650,0.0007497944817689097
121655,6.96085526471186
121656,17.55351130582881
121660,8.840624707845855
121668,0.0043866340744571145
121671,0.0008431557735111719
121672,0.0007192911756749014
121676,0.00037644937676002287
121688,0.0005422782882834622
121689,0.0007375183146920225
121696,0.0006562158226744684
121703,0.0006317169493520903
121710,0.0006848261543608862
121717,0.0008283953671677441
121720,0.0004940250581375336
121725,0.0005629007247470293
121736,0.00043516030691787623
121737,0.001313915759932002
121756,17.23714059106953
121759,0.00080441982241032
121762,0.001284330627508988
121767,0.005823824604584778
121769,0.0008797629579664253
121775,0.0011145490708352637
121776,17.166279383350748
121797,0.0009809857351355208
121802,0.1504092655926863
121809,0.0007612262882594033
121813,0.0004305332384179899
121816,17.70798392881766
121832,0.42571009448114217
121838,0.00047320634373088056
121843,17.462692038205
121852,15.741743259265979
121857,0.0005708054054419331
121862,0.000640158864365694
121870,0.24789047329617006
121875,0.015548876796933047
121880,0.026610757200113844
121884,10.062653646923822
121894,0.0013392883690113348
121901,0.0005058194886398764
121905,0.0005971343517041688
121919,0.003446281968486261
121923,0.011926700472910227
121926,0.0007280322509251876
121928,0.0011758837493822676
121943,0.0012908406262684502
121952,0.0015461940292770828
121954,0.005157403902417514
121958,0.00037667055416725566
121975,10.670903610032354
121977,0.00364322041863331
121978,0.0006472648137895456
121983,0.0034347073518170164
121988,17.693131271179105
121989,0.0006365658833534725
121991,0.0005947340539813791
122005,11.696447889187791
122008,0.0009643466195520787
122009,0.004519779015765219
122013,0.0006456553144228442
122016,0.015709700979822612
122018,0.0007055119418327965
122024,0.0013017329433845572
122027,0.0007545073900008356
122030,0.0006715360918782737
122033,0.00039620981701215835
122038,0.0005881589011018163
122041,0.7757500974237931
122044,0.0003958568421256862
122057,0.0004521237461355674
122062,16.491711035630107
122075,17.626161465989526
122088,0.001027860161222563
122091,0.0007882638845927413
122095,0.0010040696824455747
122096,0.0037630788118427306
122102,0.0006657203034439302
122104,11.263848360335764
122109,0.0006860924832485036
122114,0.0006860924832485036
122121,0.009843358082990939
122126,0.16084583687148518
122134,0.0015506832540675176
122135,0.03662755508280671
122137,0.12374260706756965
122140,3.3954274526839336
122143,0.0008001514977649787
122145,0.000652919363205954
122147,0.06944446052158597
122153,0.6783667253723095
122154,5.169657165421808
122161,0.0014729849968729855
122164,0.0008366113374373138
122166,0.036647850206382664
122168,0.05017334387242611
122175,0.0006394718404011684
122192,0.013168656140309487
122198,12.927185907167214
122203,0.0010474331077469329
122205,0.012851983279684575
122208,0.003268890302380632
122217,0.00045291316209220705
122219,0.0003547013286367532
122221,0.0009797587328773786
122230,0.0009089315468017035
122232,0.0007063477331281739
122242,0.07026815196023417
122245,0.005613099918111592
122248,0.00045701395059905003
122260,0.0006912350438061869
122262,5.5088605086639415
122271,0.0008254329098684816
